ingredient_name,category,product_format,primary_function,key_benefits,how_to_apply,time_of_use,recommended_frequency,typical_concentration,follow_up_with_sunscreen,when_to_avoid,best_for_skin_types,combines_well_with,avoid_combining_with,comedogenic_rating_0_to_5,typical_ph_range,pregnancy_safe,patch_test_recommended,price_tier
SNAP-8,Peptide (Neurotransmitter-inhibiting),Facial Oil,Extended-action muscle-contraction relaxing peptide,"Softens expression lines, especially forehead","2-3 drops, pressed on as the last step to seal in moisture",Night,1x daily at night,N/A,Yes,Minimal restrictions,"Mature, Normal","Acetyl Hexapeptide-8, Hyaluronic Acid",None significant,0,5.0-7.0,Consult doctor,No,Premium ($$$)
Palmitoyl Tripeptide-1,Peptide (Collagen-signaling),Cleanser,Signals fibroblasts to boost collagen I production,"Reduces wrinkle depth, firms skin","Massage onto damp skin for 30-60 seconds, rinse",Night,1x daily at night,N/A,Yes,Minimal restrictions,"Mature, Normal","Hyaluronic Acid, Niacinamide",Strong acids same time,0,5.0-7.0,Consult doctor,No,Premium ($$$)
Bakuchi Seed Extract,Botanical (Bakuchiol source),Spot Treatment,"Source plant of bakuchiol, mild anti-aging",Supports gentle renewal,Dab a small amount directly onto targeted area,Night,1x daily at night,N/A,Yes,Patch test for sensitivity,"All skin types, Sensitive","Niacinamide, Peptides",None significant,1,5.0-6.5,Consult doctor,No,Budget ($)
Vitamin B3 Derivative Complex,Brightening/Barrier,Facial Oil,Combined niacinamide-based brightening blend,Tone evening with barrier support,"2-3 drops, pressed on as the last step to seal in moisture",Both,Daily,N/A,Yes,Minimal restrictions,All skin types,Hyaluronic Acid,High-dose Vitamin C,0,5.0-7.0,Yes,No,Budget ($)
Borage Seed Oil,Facial Oil (Botanical),Cleanser,High in gamma-linolenic acid (GLA),"Calms inflammation, softens skin","Massage onto damp skin for 30-60 seconds, rinse",Night,1x daily at night,N/A,Yes,Minimal restrictions,"Sensitive, Dry, Eczema-prone","Ceramides, Panthenol",None significant,2,N/A,Consult doctor,No,Mid-Range ($$)
Bamboo Sap Extract,Hydrating/Soothing Botanical (K-beauty),Spot Treatment,Mineral-rich hydrating and soothing sap,"Refreshes, hydrates, calms",Dab a small amount directly onto targeted area,Both,Daily,N/A,Yes,Minimal restrictions,"All skin types, Sensitive","Aloe Vera, Hyaluronic Acid",None significant,0,5.0-6.0,Yes,No,Premium ($$$)
Bromelain (Pineapple Enzyme),Enzyme Exfoliant,Spot Treatment,Protein-dissolving enzyme from pineapple stem,"Gentle exfoliation, brightening",Dab a small amount directly onto targeted area,Night,1x daily at night,N/A,Yes,"Avoid on broken skin, mild allergy risk","Sensitive, Normal","Vitamin C, Papain",Strong acids/retinoids same time,1,4.0-6.0,Consult doctor,Yes,Premium ($$$)
Lactobacillus/Rice Ferment Filtrate,Fermented/Probiotic Ingredient,Facial Oil,Rice fermentation extract supporting microbiome balance,"Softens, brightens, supports barrier","2-3 drops, pressed on as the last step to seal in moisture",Both,Daily,N/A,Yes,Minimal restrictions,"All skin types, Dull skin","Postbiotics, Niacinamide",None significant,0,4.5-5.5,Yes,No,Premium ($$$)
Mulberry Extract,Brightening Botanical,Serum,Natural tyrosinase-inhibiting brightener,"Evens tone, reduces dark spots","1-2 drops, pressed into skin before heavier products",Both,Daily,N/A,Yes,Minimal restrictions,Hyperpigmentation-prone,"Niacinamide, Licorice Extract",None significant,0,5.0-6.0,Yes,No,Budget ($)
Caffeine,Antioxidant/De-puffing,Spot Treatment,"Vasoconstrictor, antioxidant properties","Reduces puffiness, brightens under-eyes",Dab a small amount directly onto targeted area,Morning,Daily,N/A,Yes,Minimal restrictions,"All skin types, Under-eye area","Vitamin C, Niacinamide",None significant,0,5.0-7.0,Consult doctor,No,Premium ($$$)
Volcanic Ash,Purifying Mineral,Moisturizer/Cream,Mineral-rich absorbent for oil and impurities,"Deep cleans, minimizes pore appearance","Nickel-sized amount, applied as final hydrating step",Night,1x daily at night,N/A,Yes,Can be drying with overuse,"Oily, Acne-prone","Charcoal, Kaolin Clay",Overuse with other drying actives,0,N/A,Yes,No,Mid-Range ($$)
Bearberry Extract,Brightening Botanical (Arbutin source),Spot Treatment,"Natural source of arbutin, tyrosinase inhibitor",Fades dark spots and evens tone,Dab a small amount directly onto targeted area,Both,Daily,N/A,Yes,Minimal restrictions,Hyperpigmentation-prone,"Niacinamide, Alpha Arbutin",None significant,0,4.5-6.0,Consult doctor,No,Premium ($$$)
Glycine Soja (Soybean) Extract,Antioxidant/Brightening Botanical,Facial Oil,Isoflavone-rich extract supporting tone and firmness,Brightens and supports elasticity,"2-3 drops, pressed on as the last step to seal in moisture",Both,Daily,N/A,Yes,Minimal restrictions,"Mature, Hyperpigmentation-prone","Niacinamide, Vitamin C",None significant,0,5.0-6.5,Consult doctor,No,Mid-Range ($$)
Apple Stem Cell Extract (PhytoCellTec Malus),Regenerative Botanical/Biotech,Moisturizer/Cream,Plant stem cell culture extract for longevity support,Supports skin's own renewal processes,"Nickel-sized amount, applied as final hydrating step",Both,Daily,N/A,Yes,Emerging ingredient; limited long-term human data,"Mature, Normal","Peptides, Hyaluronic Acid",None significant,0,5.0-6.5,Consult doctor,No,Premium ($$$)
Marshmallow Root Extract,Soothing/Hydrating Botanical,Facial Oil,"Mucilage-rich calming, moisture-binding extract","Soothes irritation, hydrates gently","2-3 drops, pressed on as the last step to seal in moisture",Both,Daily,N/A,Yes,Minimal restrictions,"Sensitive, Dry, Eczema-prone","Oat Extract, Panthenol",None significant,0,5.0-6.0,Yes,No,Budget ($)
Pearl Powder,Brightening/Luxury Additive (Marine-derived),Face Mask,Traditional mineral powder marketed for radiance,Brightens and adds subtle luminosity,"Apply for 10-15 minutes, 1-3x per week, then rinse or wipe off",Both,Daily,N/A,Yes,Minimal restrictions,"Dull skin, All skin types","Niacinamide, Vitamin C",None significant,0,N/A,Consult doctor,No,Mid-Range ($$)
Matrixyl 3000,Peptide Complex,Serum,Combination peptide blend targeting collagen/elastin,"Comprehensive anti-aging, firms and smooths","1-2 drops, pressed into skin before heavier products",Night,1x daily at night,N/A,Yes,Minimal restrictions,"Mature, Normal","Hyaluronic Acid, Niacinamide",Strong acids same time,0,5.0-7.0,Consult doctor,No,Budget ($)
Argan Oil,Facial Oil (Botanical),Facial Oil,Vitamin E rich moisturizing oil,"Softens, nourishes, adds glow","2-3 drops, pressed on as the last step to seal in moisture",Both,Daily,N/A,Yes,Minimal restrictions,"Dry, Normal, Mature","Squalane, Vitamin E",None significant,2,N/A,Yes,No,Premium ($$$)
Allantoin,Soothing Agent,Toner/Essence,"Calms and softens skin, promotes healing","Reduces irritation, supports barrier repair","Pat into skin after cleansing, before serum",Both,Daily,N/A,Yes,Very low irritation risk,"Sensitive, Dry, All skin types","Panthenol, Ceramides",None significant,0,N/A,Yes,No,Budget ($)
Coconut Oil,Facial Oil (Botanical),Serum,"Rich, occlusive saturated-fat oil","Deeply moisturizes very dry, non-acne-prone skin","1-2 drops, pressed into skin before heavier products",Night,1x daily at night,N/A,Yes,Highly comedogenic; avoid on acne-prone skin,"Very Dry, Normal (not for acne-prone)",Shea Butter,Use on acne-prone skin,4,N/A,Yes,No,Budget ($)
Ceramides,Barrier Lipid,Facial Oil,Restores and reinforces skin barrier lipids,"Locks in moisture, reduces sensitivity","2-3 drops, pressed on as the last step to seal in moisture",Both,Daily,N/A,Yes,Minimal restrictions,"Dry, Sensitive, Mature, All","Hyaluronic Acid, Cholesterol, Fatty Acids",None significant,1,N/A,Yes,No,Budget ($)
Postbiotics,Microbiome Support/Biotech,Cleanser,Byproducts of beneficial bacteria supporting skin flora,"Strengthens barrier, calms sensitivity","Massage onto damp skin for 30-60 seconds, rinse",Both,Daily,N/A,Yes,Emerging ingredient; generally well tolerated,"Sensitive, All skin types","Ceramides, Panthenol",None significant,0,5.0-6.5,Yes,No,Mid-Range ($$)
Beta-Sitosterol,Barrier/Anti-inflammatory Lipid,Face Mask,Plant sterol supporting barrier and calming inflammation,Soothes and repairs sensitive skin,"Apply for 10-15 minutes, 1-3x per week, then rinse or wipe off",Both,Daily,N/A,Yes,Minimal restrictions,"Sensitive, Dry","Ceramides, Phytosterols",None significant,1,N/A,Yes,No,Budget ($)
Rutin,Antioxidant (Flavonoid),Serum,"Plant flavonoid antioxidant, vascular-supportive","Protects against oxidative stress, calms redness","1-2 drops, pressed into skin before heavier products",Both,Daily,N/A,Yes,Minimal restrictions,"Sensitive, Rosacea-prone","Vitamin C, Niacinamide",None significant,0,5.0-6.0,Yes,No,Budget ($)
Cocamidopropyl Betaine,Mild Cleansing Surfactant,Toner/Essence,Coconut-derived foam-boosting gentle surfactant,"Cleanses with light foam, gentle on skin","Pat into skin after cleansing, before serum",Both,Daily,N/A,Yes,Rare contact-allergy reports; patch test if sensitive,"All skin types, Sensitive","Decyl Glucoside, Glycerin",None significant,0,5.0-6.5,Yes,Yes,Mid-Range ($$)
Tremella Mushroom Extract,Humectant (Mushroom),Moisturizer/Cream,"Polysaccharide humectant, rivals hyaluronic acid","Deeply hydrates, plumps fine lines","Nickel-sized amount, applied as final hydrating step",Both,Daily,N/A,Yes,Minimal restrictions,"Dry, All skin types","Hyaluronic Acid, Ceramides",None significant,0,5.0-6.5,Yes,No,Mid-Range ($$)
Frankincense Extract,Anti-aging Botanical (Fragrance),Serum,"Traditional resin extract, mild astringent",Supports firmness and even tone,"1-2 drops, pressed into skin before heavier products",Night,1x daily at night,N/A,Yes,Fragrance allergy risk; patch test,"Mature, Normal","Peptides, Vitamin C",None significant,1,5.0-6.0,Consult doctor,Yes,Budget ($)
Quercetin,Antioxidant (Flavonoid),Facial Oil,Potent plant flavonoid antioxidant,"Calms inflammation, protects against oxidative stress","2-3 drops, pressed on as the last step to seal in moisture",Both,Daily,N/A,Yes,Minimal restrictions,"Sensitive, All skin types","Vitamin C, Niacinamide",None significant,0,5.0-6.0,Yes,No,Budget ($)
Neem Extract,Antibacterial/Purifying Botanical (Ayurvedic),Face Mask,Traditional antibacterial and anti-inflammatory extract,"Treats acne, purifies skin","Apply for 10-15 minutes, 1-3x per week, then rinse or wipe off",Night,1x daily at night,N/A,Yes,Strong scent; patch test recommended,"Oily, Acne-prone","Niacinamide, Tea Tree Oil",None significant,1,5.0-6.0,Consult doctor,Yes,Mid-Range ($$)
Hydroxypinacolone Retinoate (HPR),Retinoid (Retinoic Acid Ester),Face Mask,Binds retinoid receptors directly without conversion/irritation lag,Anti-aging with less irritation than retinol,"Apply for 10-15 minutes, 1-3x per week, then rinse or wipe off",Night,1x daily at night,N/A,Yes,Avoid in pregnancy,"Normal, Sensitive, Mature","Niacinamide, Peptides",Strong AHA/BHA same session,1,5.5-6.5,No,No,Premium ($$$)
Triphala Extract,Antioxidant/Purifying Botanical (Ayurvedic),Moisturizer/Cream,Traditional three-fruit antioxidant blend,"Detoxifies, brightens, supports clarity","Nickel-sized amount, applied as final hydrating step",Both,Daily,N/A,Yes,Minimal restrictions,"All skin types, Dull skin","Niacinamide, Vitamin C",None significant,0,5.0-6.0,Consult doctor,No,Premium ($$$)
NAD+ (Nicotinamide Adenine Dinucleotide),Regenerative/Biotech,Moisturizer/Cream,Supports cellular energy metabolism and repair,"Anti-aging, supports skin resilience","Nickel-sized amount, applied as final hydrating step",Night,1x daily at night,5%,Yes,Emerging ingredient; limited long-term data,"Mature, Normal","Niacinamide, Peptides",None significant,0,5.0-7.0,Consult doctor,Yes,Mid-Range ($$)
DMAE,Firming Agent,Moisturizer/Cream,Supports muscle tone appearance of skin,Temporary firming and tightening effect,"Nickel-sized amount, applied as final hydrating step",Both,Daily,N/A,Yes,Can cause temporary tingling/redness,"Mature, Normal","Peptides, Hyaluronic Acid",Strong acids at same time,0,7.0-8.0,Consult doctor,Yes,Budget ($)
SNAP-8,Peptide (Neurotransmitter-inhibiting),Toner/Essence,Extended-action muscle-contraction relaxing peptide,"Softens expression lines, especially forehead","Pat into skin after cleansing, before serum",Night,1x daily at night,N/A,Yes,Minimal restrictions,"Mature, Normal","Acetyl Hexapeptide-8, Hyaluronic Acid",None significant,0,5.0-7.0,Consult doctor,No,Budget ($)
Charcoal (Activated),Purifying/Detox Agent,Cleanser,Adsorbs excess oil and impurities,"Deep cleanses, minimizes pore congestion","Massage onto damp skin for 30-60 seconds, rinse",Night,1x daily at night,N/A,Yes,Can be drying with overuse,"Oily, Acne-prone, Combination","Clay, Niacinamide",Overuse with other drying actives,0,N/A,Yes,No,Budget ($)
Illipe Butter,Emollient (Butter),Toner/Essence,"Firm, shea-like conditioning butter",Deeply moisturizes and protects,"Pat into skin after cleansing, before serum",Both,Daily,N/A,Yes,Minimal restrictions,"Dry, Very Dry, Mature","Shea Butter, Squalane",None significant,2,N/A,Yes,No,Premium ($$$)
Bhringraj Oil,Facial Oil (Ayurvedic Botanical),Cleanser,Traditional anti-aging and soothing oil,"Nourishes, calms, supports elasticity","Massage onto damp skin for 30-60 seconds, rinse",Night,1x daily at night,N/A,Yes,Patch test for sensitivity,"Dry, Mature, Sensitive","Squalane, Centella Asiatica",None significant,2,N/A,Consult doctor,Yes,Premium ($$$)
Borage Seed Oil,Facial Oil (Botanical),Facial Oil,High in gamma-linolenic acid (GLA),"Calms inflammation, softens skin","2-3 drops, pressed on as the last step to seal in moisture",Night,1x daily at night,N/A,Yes,Minimal restrictions,"Sensitive, Dry, Eczema-prone","Ceramides, Panthenol",None significant,2,N/A,Consult doctor,No,Mid-Range ($$)
Astaxanthin,Antioxidant (Algae-derived),Spot Treatment,Powerful carotenoid antioxidant,"Protects against UV/oxidative damage, evens tone",Dab a small amount directly onto targeted area,Both,Daily,N/A,Yes,Minimal restrictions,"All skin types, Mature","Vitamin C, Niacinamide",None significant,0,5.0-6.5,Consult doctor,No,Mid-Range ($$)
Niacinamide,Vitamin/Barrier Support,Spot Treatment,"Strengthens skin barrier, regulates oil, evens tone","Reduces redness, minimizes pore appearance, improves texture",Dab a small amount directly onto targeted area,Both,Daily,N/A,Yes,Rarely irritating; avoid layering with pure Vitamin C at low pH if it causes flushing,All skin types,"Hyaluronic Acid, Peptides, Ceramides",High-dose Vitamin C (L-ascorbic acid) at same time,0,5.0-7.0,Yes,No,Budget ($)
Idebenone,Antioxidant (Synthetic CoQ10 analog),Spot Treatment,Potent free-radical scavenger,"Reduces visible signs of aging, protects skin",Dab a small amount directly onto targeted area,Both,Daily,N/A,Yes,Minimal restrictions,"Mature, Normal","Vitamin C, Peptides",None significant,0,5.0-6.5,Consult doctor,No,Premium ($$$)
Blueberry Extract,Antioxidant Botanical,Facial Oil,Anthocyanin-rich antioxidant fruit extract,Protects and brightens dull skin,"2-3 drops, pressed on as the last step to seal in moisture",Both,Daily,N/A,Yes,Minimal restrictions,"All skin types, Dull skin","Vitamin C, Niacinamide",None significant,0,5.0-6.0,Yes,No,Premium ($$$)
Kukui Nut Oil,Facial Oil (Botanical),Facial Oil,"Lightweight Hawaiian nut oil, fatty-acid rich",Softens and protects without greasiness,"2-3 drops, pressed on as the last step to seal in moisture",Both,Daily,N/A,Yes,Tree-nut allergy caution,"Dry, Normal, Combination","Squalane, Vitamin E",None significant,1,N/A,Consult doctor,Yes,Premium ($$$)
Nylon-12,Mattifying/Texture Agent,Spot Treatment,Synthetic powder that absorbs oil and blurs texture,"Mattifies shine, softens visual texture",Dab a small amount directly onto targeted area,Morning,Daily,N/A,Yes,Minimal restrictions,"Oily, Combination","Silica, Niacinamide",None significant,0,N/A,Yes,No,Budget ($)
Jojoba Oil,Facial Oil (Botanical),Toner/Essence,Wax ester similar to skin's natural sebum,"Balances oil production, moisturizes","Pat into skin after cleansing, before serum",Both,Daily,N/A,Yes,Minimal restrictions,"Oily, Combination, All skin types","Squalane, Niacinamide",None significant,2,N/A,Yes,No,Premium ($$$)
Polyglutamic Acid,Humectant (Fermentation-derived),Toner/Essence,Holds moisture even more than hyaluronic acid,"Deep, long-lasting hydration and plumping","Pat into skin after cleansing, before serum",Both,Daily,N/A,Yes,Minimal restrictions,"All skin types, Dry, Dehydrated skin","Hyaluronic Acid, Ceramides",None significant,0,5.0-7.0,Yes,No,Mid-Range ($$)
Plant Squalene,Emollient (Precursor to Squalane),Face Mask,"Unstabilized precursor oil, rich emollient",Softens and nourishes skin,"Apply for 10-15 minutes, 1-3x per week, then rinse or wipe off",Night,1x daily at night,N/A,Yes,Oxidizes faster than squalane; store properly,"Dry, Normal","Squalane, Vitamin E",None significant,2,N/A,Yes,No,Premium ($$$)
Sodium Hyaluronate,Humectant,Face Mask,Smaller-molecule form of Hyaluronic Acid,Deeper hydration penetration,"Apply for 10-15 minutes, 1-3x per week, then rinse or wipe off",Both,Daily,5%,Yes,Apply to damp skin,All skin types,"Ceramides, Glycerin",None significant,0,5.0-7.0,Yes,No,Premium ($$$)
Blue-Green Algae Extract,Marine Antioxidant/Detox Botanical,Facial Oil,Nutrient-dense algae antioxidant and detoxifier,"Detoxifies, firms, nourishes","2-3 drops, pressed on as the last step to seal in moisture",Both,Daily,N/A,Yes,Minimal restrictions,"All skin types, Dull skin","Niacinamide, Vitamin C",None significant,0,5.0-6.5,Yes,No,Premium ($$$)
Spirulina Extract,Marine Antioxidant/Detox Botanical,Face Mask,Nutrient-dense algae antioxidant,"Detoxifies, brightens, nourishes","Apply for 10-15 minutes, 1-3x per week, then rinse or wipe off",Both,Daily,N/A,Yes,Minimal restrictions,"All skin types, Dull skin","Niacinamide, Vitamin C",None significant,0,5.0-6.5,Yes,No,Budget ($)
Rose Water,Hydrating/Soothing Botanical,Facial Oil,"Mild floral hydrosol, gently toning","Refreshes, soothes, lightly hydrates","2-3 drops, pressed on as the last step to seal in moisture",Both,Daily,N/A,Yes,Fragrance allergy risk for very sensitive skin,"All skin types, Sensitive","Aloe Vera, Glycerin",None significant,0,5.0-5.8,Yes,No,Premium ($$$)
Castor Oil,Facial Oil (Botanical),Facial Oil,"Ricinoleic-acid rich, thick occlusive oil","Seals in moisture, conditions brows/lashes","2-3 drops, pressed on as the last step to seal in moisture",Night,1x daily at night,N/A,Yes,Can feel heavy; patch test,"Very Dry, Normal","Squalane, Jojoba Oil",None significant,1,N/A,Yes,Yes,Premium ($$$)
Acetyl Hexapeptide-8 (Argireline),Peptide (Neurotransmitter-inhibiting),Spot Treatment,Relaxes micro-muscle contractions,Softens expression lines,Dab a small amount directly onto targeted area,Night,1x daily at night,N/A,Yes,Minimal restrictions,"Mature, Normal","Peptide complexes, Hyaluronic Acid",None significant,0,5.0-7.0,Consult doctor,No,Mid-Range ($$)
Cucumber Extract,Hydrating/Soothing Botanical,Facial Oil,"Cooling, mildly astringent, hydrating","Refreshes, reduces puffiness","2-3 drops, pressed on as the last step to seal in moisture",Morning,Daily,N/A,Yes,Minimal restrictions,"All skin types, Sensitive","Aloe Vera, Hyaluronic Acid",None significant,0,5.0-6.0,Yes,No,Budget ($)
Resveratrol,Antioxidant (Plant-derived),Toner/Essence,"Polyphenol antioxidant, anti-inflammatory","Fights free radicals, supports collagen","Pat into skin after cleansing, before serum",Both,Daily,N/A,Yes,Minimal restrictions,"All skin types, Mature","Vitamin C, Niacinamide",None significant,0,5.0-6.0,Yes,No,Premium ($$$)
Comfrey Root Extract (Allantoin source),Soothing/Healing Botanical,Toner/Essence,"Traditional wound-healing, soothing extract","Calms irritation, supports skin repair","Pat into skin after cleansing, before serum",Both,Daily,N/A,Yes,Use standardized cosmetic-grade extract only,"Sensitive, Post-procedure","Allantoin, Panthenol",None significant,0,5.0-6.0,Consult doctor,Yes,Mid-Range ($$)
Black Tea Ferment,Fermented Antioxidant,Face Mask,Fermentation-enhanced antioxidant complex,Calms and protects against environmental stress,"Apply for 10-15 minutes, 1-3x per week, then rinse or wipe off",Both,Daily,N/A,Yes,Minimal restrictions,All skin types,"Green Tea Extract, Niacinamide",None significant,0,5.0-6.5,Yes,No,Premium ($$$)
Ceramide NP,Barrier Lipid (Specific Ceramide),Toner/Essence,Key structural lipid for barrier repair,"Restores barrier, reduces moisture loss","Pat into skin after cleansing, before serum",Both,Daily,N/A,Yes,Minimal restrictions,"Dry, Sensitive, Mature","Cholesterol, Fatty Acids",None significant,1,N/A,Yes,No,Mid-Range ($$)
Oleic Acid,Fatty Acid (Emollient),Serum,"Omega-9 fatty acid, rich emollient",Deeply softens very dry skin,"1-2 drops, pressed into skin before heavier products",Night,1x daily at night,N/A,Yes,Can be heavy/comedogenic for oily skin,"Dry, Very Dry, Mature","Shea Butter, Squalane",None significant,3,N/A,Yes,No,Mid-Range ($$)
Rose Water,Hydrating/Soothing Botanical,Face Mask,"Mild floral hydrosol, gently toning","Refreshes, soothes, lightly hydrates","Apply for 10-15 minutes, 1-3x per week, then rinse or wipe off",Both,Daily,N/A,Yes,Fragrance allergy risk for very sensitive skin,"All skin types, Sensitive","Aloe Vera, Glycerin",None significant,0,5.0-5.8,Yes,No,Premium ($$$)
Oat Extract (Colloidal Oatmeal),Soothing/Barrier Support,Face Mask,"Anti-inflammatory, barrier-protective",Relieves itching and irritation,"Apply for 10-15 minutes, 1-3x per week, then rinse or wipe off",Both,Daily,N/A,Yes,Minimal restrictions,"Sensitive, Eczema-prone","Ceramides, Panthenol",None significant,0,N/A,Yes,No,Premium ($$$)
Kojic Acid,Brightening Agent,Spot Treatment,Tyrosinase inhibitor from fungi,Lightens dark spots and sun damage,Dab a small amount directly onto targeted area,Night,1x daily at night,1%,Yes,Can be sensitizing at high concentration,Hyperpigmentation-prone,"Niacinamide, Licorice Extract",Strong acids/retinoids together,0,4.0-5.0,Consult doctor,Yes,Budget ($)
Blue-Green Algae Extract,Marine Antioxidant/Detox Botanical,Moisturizer/Cream,Nutrient-dense algae antioxidant and detoxifier,"Detoxifies, firms, nourishes","Nickel-sized amount, applied as final hydrating step",Both,Daily,N/A,Yes,Minimal restrictions,"All skin types, Dull skin","Niacinamide, Vitamin C",None significant,0,5.0-6.5,Yes,No,Mid-Range ($$)
Glycolic Acid,AHA (Alpha Hydroxy Acid),Spot Treatment,Exfoliates surface skin cells,"Brightens, smooths texture, fades discoloration",Dab a small amount directly onto targeted area,Night,2-3x per week,10%,Yes,Avoid on broken/sunburned skin; avoid with retinoids same session,"Normal, Oily, Combination","Hyaluronic Acid, Niacinamide","Retinoids, Vitamin C, other acids",1,3.0-4.0,Consult doctor,Yes,Premium ($$$)
Rosemary Leaf Extract,Antioxidant Botanical,Moisturizer/Cream,Antioxidant with mild antimicrobial properties,"Protects skin, supports clarity","Nickel-sized amount, applied as final hydrating step",Both,Daily,N/A,Yes,Essential-oil sensitivity possible; patch test,"Oily, Combination, Normal","Green Tea Extract, Niacinamide",None significant,0,5.0-6.0,Consult doctor,Yes,Mid-Range ($$)
Resveratrol,Antioxidant (Plant-derived),Moisturizer/Cream,"Polyphenol antioxidant, anti-inflammatory","Fights free radicals, supports collagen","Nickel-sized amount, applied as final hydrating step",Both,Daily,N/A,Yes,Minimal restrictions,"All skin types, Mature","Vitamin C, Niacinamide",None significant,0,5.0-6.0,Yes,No,Budget ($)
Ginseng Extract,Antioxidant/Anti-aging Botanical,Face Mask,"Adaptogenic antioxidant, boosts circulation","Brightens, firms, supports radiance","Apply for 10-15 minutes, 1-3x per week, then rinse or wipe off",Both,Daily,N/A,Yes,Minimal restrictions,"Mature, Normal, Dull skin","Niacinamide, Peptides",None significant,0,5.0-6.5,Consult doctor,No,Premium ($$$)
PDRN (Polydeoxyribonucleotide),Regenerative/Biotech (Salmon DNA-derived),Spot Treatment,Stimulates tissue repair and regeneration,"Improves elasticity, supports healing",Dab a small amount directly onto targeted area,Night,1x daily at night,N/A,Yes,"Emerging ingredient; patch test, consult doctor if allergic to fish","Mature, Normal, Post-procedure","Peptides, Hyaluronic Acid",Strong acids same time,0,5.0-7.0,Consult doctor,Yes,Premium ($$$)
Bamboo Powder,Physical Exfoliant (Botanical),Cleanser,Fine botanical exfoliating powder,"Buffs texture, smooths rough patches","Massage onto damp skin for 30-60 seconds, rinse",Night,1x daily at night,N/A,Yes,Use gentle pressure to avoid micro-tears,"Normal, Combination, Oily","Niacinamide, Clay",Overuse with chemical exfoliants,0,N/A,Yes,No,Mid-Range ($$)
Phytic Acid,Chelating/Mild Exfoliating Acid,Serum,Antioxidant with mild brightening and chelating action,"Brightens, softens hyperpigmentation gently","1-2 drops, pressed into skin before heavier products",Night,1x daily at night,N/A,Yes,Minimal restrictions,"Sensitive, Hyperpigmentation-prone","Niacinamide, Vitamin C",Strong acids together,0,4.0-5.0,Consult doctor,No,Premium ($$$)
Bisabolol,Soothing Agent (Chamomile-derived),Face Mask,"Anti-inflammatory, calming",Reduces redness and sensitivity,"Apply for 10-15 minutes, 1-3x per week, then rinse or wipe off",Both,Daily,N/A,Yes,Minimal restrictions,"Sensitive, All skin types","Centella Asiatica, Panthenol",None significant,0,N/A,Yes,No,Premium ($$$)
Vetiver Extract,Soothing/Astringent Botanical (Ayurvedic),Serum,"Traditional calming, mildly astringent extract","Soothes, balances oil, calming aroma","1-2 drops, pressed into skin before heavier products",Both,Daily,N/A,Yes,Fragrance sensitivity possible; patch test,"Oily, Sensitive","Witch Hazel, Green Tea Extract",None significant,0,5.0-6.0,Consult doctor,Yes,Mid-Range ($$)
Murumuru Butter,Emollient (Butter),Spot Treatment,Rich Amazonian plant butter,Deeply conditions very dry skin,Dab a small amount directly onto targeted area,Both,Daily,N/A,Yes,Can feel heavy on oily skin,"Dry, Very Dry","Shea Butter, Squalane",None significant,3,N/A,Yes,No,Budget ($)
Niacinamide,Vitamin/Barrier Support,Moisturizer/Cream,"Strengthens skin barrier, regulates oil, evens tone","Reduces redness, minimizes pore appearance, improves texture","Nickel-sized amount, applied as final hydrating step",Both,Daily,N/A,Yes,Rarely irritating; avoid layering with pure Vitamin C at low pH if it causes flushing,All skin types,"Hyaluronic Acid, Peptides, Ceramides",High-dose Vitamin C (L-ascorbic acid) at same time,0,5.0-7.0,Yes,No,Budget ($)
Blue Tansy Extract,Soothing Botanical (Azulene),Facial Oil,"Anti-inflammatory, calming blue pigment oil",Calms redness and irritation,"2-3 drops, pressed on as the last step to seal in moisture",Night,1x daily at night,N/A,Yes,Patch test; potent essential oil derivative,"Sensitive, Rosacea-prone","Centella Asiatica, Chamomile",None significant,1,N/A,Consult doctor,Yes,Budget ($)
Postbiotics,Microbiome Support/Biotech,Facial Oil,Byproducts of beneficial bacteria supporting skin flora,"Strengthens barrier, calms sensitivity","2-3 drops, pressed on as the last step to seal in moisture",Both,Daily,N/A,Yes,Emerging ingredient; generally well tolerated,"Sensitive, All skin types","Ceramides, Panthenol",None significant,0,5.0-6.5,Yes,No,Premium ($$$)
Peptide Complex (Matrixyl-type),Peptide,Serum,Signals collagen and elastin production,"Firms skin, reduces wrinkle depth","1-2 drops, pressed into skin before heavier products",Night,1x daily at night,10%,Yes,Minimal restrictions,"Mature, Normal, All skin types","Hyaluronic Acid, Niacinamide",Strong acids same time,0,5.0-7.0,Consult doctor,No,Mid-Range ($$)
Flaxseed Oil,Facial Oil (Botanical),Moisturizer/Cream,Omega-3 rich soothing oil,"Calms inflammation, supports barrier","Nickel-sized amount, applied as final hydrating step",Night,1x daily at night,N/A,Yes,Oxidizes quickly; store properly,"Sensitive, Dry, Eczema-prone","Ceramides, Panthenol",None significant,2,N/A,Yes,No,Mid-Range ($$)
Lactobacillus/Rice Ferment Filtrate,Fermented/Probiotic Ingredient,Toner/Essence,Rice fermentation extract supporting microbiome balance,"Softens, brightens, supports barrier","Pat into skin after cleansing, before serum",Both,Daily,N/A,Yes,Minimal restrictions,"All skin types, Dull skin","Postbiotics, Niacinamide",None significant,0,4.5-5.5,Yes,No,Budget ($)
Galactomyces Ferment Filtrate,Fermented/Biotech Ingredient,Serum,Sake-fermentation byproduct rich in B vitamins,"Brightens, refines pores, softens texture","1-2 drops, pressed into skin before heavier products",Both,Daily,N/A,Yes,Minimal restrictions,"All skin types, Dull skin, Combination","Niacinamide, Vitamin C",None significant,0,5.0-6.5,Yes,No,Mid-Range ($$)
Hypochlorous Acid,Antimicrobial/Soothing,Moisturizer/Cream,Mimics the body's natural immune response molecule,"Calms inflammation, reduces bacteria","Nickel-sized amount, applied as final hydrating step",Both,Daily,N/A,Yes,Very gentle; minimal restrictions,"Acne-prone, Sensitive, Post-procedure","Centella Asiatica, Niacinamide",None significant,0,4.0-6.0,Yes,No,Mid-Range ($$)
Apple Stem Cell Extract (PhytoCellTec Malus),Regenerative Botanical/Biotech,Spot Treatment,Plant stem cell culture extract for longevity support,Supports skin's own renewal processes,Dab a small amount directly onto targeted area,Both,Daily,N/A,Yes,Emerging ingredient; limited long-term human data,"Mature, Normal","Peptides, Hyaluronic Acid",None significant,0,5.0-6.5,Consult doctor,No,Budget ($)
Evening Primrose Oil,Facial Oil (Botanical),Moisturizer/Cream,GLA-rich oil supporting barrier and inflammation,Calms eczema-prone or reactive skin,"Nickel-sized amount, applied as final hydrating step",Night,1x daily at night,N/A,Yes,Minimal restrictions,"Sensitive, Dry, Eczema-prone","Ceramides, Panthenol",None significant,2,N/A,Consult doctor,No,Mid-Range ($$)
Birch Sap Extract,Hydrating Botanical (K-beauty),Cleanser,Lightweight mineral-rich hydrating sap,Refreshes and lightly hydrates,"Massage onto damp skin for 30-60 seconds, rinse",Both,Daily,N/A,Yes,Minimal restrictions,"All skin types, Oily","Hyaluronic Acid, Niacinamide",None significant,0,5.0-6.0,Yes,No,Budget ($)
Mango Butter,Emollient (Butter),Toner/Essence,"Lightweight plant butter, high in fatty acids",Softens and conditions dry skin,"Pat into skin after cleansing, before serum",Both,Daily,N/A,Yes,Minimal restrictions,"Dry, Normal","Shea Butter, Squalane",None significant,2,N/A,Yes,No,Mid-Range ($$)
Lotus Extract,Hydrating/Soothing Botanical,Moisturizer/Cream,"Traditional calming, hydrating flower extract",Soothes and lightly hydrates,"Nickel-sized amount, applied as final hydrating step",Both,Daily,N/A,Yes,Minimal restrictions,"Sensitive, All skin types","Aloe Vera, Panthenol",None significant,0,5.0-6.0,Yes,No,Mid-Range ($$)
Meadowfoam Seed Oil,Facial Oil (Botanical),Serum,"Highly stable, non-greasy emollient oil","Locks in moisture, adds softness","1-2 drops, pressed into skin before heavier products",Both,Daily,N/A,Yes,Minimal restrictions,"All skin types, Dry","Squalane, Hyaluronic Acid",None significant,1,N/A,Yes,No,Premium ($$$)
Titanium Dioxide,UV Filter (Mineral),Serum,Physical UV blocker,"Broad-spectrum sun protection, gentle","1-2 drops, pressed into skin before heavier products",Morning,Daily,N/A,N/A (is the sunscreen),Reapply every 2 hours in sun exposure,"Sensitive, All skin types","Zinc Oxide, Antioxidants",None significant,0,N/A,Yes,No,Mid-Range ($$)
Ginseng Extract,Antioxidant/Anti-aging Botanical,Toner/Essence,"Adaptogenic antioxidant, boosts circulation","Brightens, firms, supports radiance","Pat into skin after cleansing, before serum",Both,Daily,N/A,Yes,Minimal restrictions,"Mature, Normal, Dull skin","Niacinamide, Peptides",None significant,0,5.0-6.5,Consult doctor,No,Budget ($)
Astaxanthin,Antioxidant (Algae-derived),Moisturizer/Cream,Powerful carotenoid antioxidant,"Protects against UV/oxidative damage, evens tone","Nickel-sized amount, applied as final hydrating step",Both,Daily,N/A,Yes,Minimal restrictions,"All skin types, Mature","Vitamin C, Niacinamide",None significant,0,5.0-6.5,Consult doctor,No,Mid-Range ($$)
Charcoal (Activated),Purifying/Detox Agent,Facial Oil,Adsorbs excess oil and impurities,"Deep cleanses, minimizes pore congestion","2-3 drops, pressed on as the last step to seal in moisture",Night,1x daily at night,N/A,Yes,Can be drying with overuse,"Oily, Acne-prone, Combination","Clay, Niacinamide",Overuse with other drying actives,0,N/A,Yes,No,Premium ($$$)
Blueberry Extract,Antioxidant Botanical,Cleanser,Anthocyanin-rich antioxidant fruit extract,Protects and brightens dull skin,"Massage onto damp skin for 30-60 seconds, rinse",Both,Daily,N/A,Yes,Minimal restrictions,"All skin types, Dull skin","Vitamin C, Niacinamide",None significant,0,5.0-6.0,Yes,No,Mid-Range ($$)
Buriti Oil,Facial Oil (Botanical),Face Mask,Beta-carotene rich Amazonian oil,"Nourishes, adds glow, mild antioxidant protection","Apply for 10-15 minutes, 1-3x per week, then rinse or wipe off",Night,1x daily at night,N/A,Yes,Can have orange tint; patch test,"Dry, Dull skin","Squalane, Vitamin E",None significant,2,N/A,Consult doctor,Yes,Budget ($)
Ceramide EOP,Barrier Lipid (Specific Ceramide),Spot Treatment,Long-chain ceramide critical for barrier integrity,"Strengthens barrier, locks in hydration",Dab a small amount directly onto targeted area,Both,Daily,N/A,Yes,Minimal restrictions,"Dry, Sensitive, Mature","Ceramide NP, Cholesterol",None significant,1,N/A,Yes,No,Mid-Range ($$)
French Green Clay,Purifying Mineral Clay,Facial Oil,Mineral-rich absorbent clay,"Detoxifies, tightens, mattifies","2-3 drops, pressed on as the last step to seal in moisture",Night,1x daily at night,N/A,Yes,Can be drying for dry skin,"Oily, Combination, Acne-prone","Charcoal, Niacinamide",Overuse with other drying actives,0,N/A,Yes,No,Budget ($)
Astaxanthin,Antioxidant (Algae-derived),Face Mask,Powerful carotenoid antioxidant,"Protects against UV/oxidative damage, evens tone","Apply for 10-15 minutes, 1-3x per week, then rinse or wipe off",Both,Daily,N/A,Yes,Minimal restrictions,"All skin types, Mature","Vitamin C, Niacinamide",None significant,0,5.0-6.5,Consult doctor,No,Budget ($)
Birch Sap Extract,Hydrating Botanical (K-beauty),Serum,Lightweight mineral-rich hydrating sap,Refreshes and lightly hydrates,"1-2 drops, pressed into skin before heavier products",Both,Daily,N/A,Yes,Minimal restrictions,"All skin types, Oily","Hyaluronic Acid, Niacinamide",None significant,0,5.0-6.0,Yes,No,Budget ($)
Elastin,Firming Ingredient,Cleanser,"Supports the look of skin elasticity (topical, surface-level)",Improves the appearance of firmness,"Massage onto damp skin for 30-60 seconds, rinse",Both,Daily,N/A,Yes,Minimal restrictions,"Mature, Normal","Peptides, Collagen",None significant,0,5.0-7.0,Consult doctor,No,Premium ($$$)
Argan Oil,Facial Oil (Botanical),Moisturizer/Cream,Vitamin E rich moisturizing oil,"Softens, nourishes, adds glow","Nickel-sized amount, applied as final hydrating step",Both,Daily,N/A,Yes,Minimal restrictions,"Dry, Normal, Mature","Squalane, Vitamin E",None significant,2,N/A,Yes,No,Mid-Range ($$)
Willow Bark Extract,Natural BHA Alternative,Facial Oil,"Contains salicin, gentle exfoliating botanical","Mild exfoliation, evens texture","2-3 drops, pressed on as the last step to seal in moisture",Night,1x daily at night,N/A,Yes,Gentler than salicylic acid but still exfoliating,"Sensitive, Combination","Niacinamide, Panthenol",Other strong acids,1,4.0-5.0,Consult doctor,No,Mid-Range ($$)
Diamond Powder,Physical Exfoliant/Luxury Additive,Cleanser,Micro-exfoliation and light reflection,"Polishes texture, adds radiance","Massage onto damp skin for 30-60 seconds, rinse",Night,1x daily at night,N/A,Yes,Use gently to avoid micro-tears,"Normal, Combination","Peptides, Hyaluronic Acid",Overuse with other exfoliants,1,N/A,Yes,No,Budget ($)
Manjistha Extract,Brightening/Purifying Botanical (Ayurvedic),Spot Treatment,"Traditional blood-purifying, brightening extract","Evens tone, calms inflammatory skin concerns",Dab a small amount directly onto targeted area,Both,Daily,N/A,Yes,Minimal restrictions,"Acne-prone, Hyperpigmentation-prone","Niacinamide, Licorice Extract",None significant,0,5.0-6.0,Consult doctor,No,Budget ($)
Caviar Extract,Luxury Firming Ingredient (Marine-derived),Face Mask,Nutrient-rich marine extract marketed for firming,Improves the look of firmness and radiance,"Apply for 10-15 minutes, 1-3x per week, then rinse or wipe off",Both,Daily,N/A,Yes,Patch test for fish-derived allergy,"Mature, Normal","Peptides, Marine Collagen",None significant,0,5.0-7.0,Consult doctor,Yes,Premium ($$$)
Yarrow Extract,Soothing/Astringent Botanical,Moisturizer/Cream,"Anti-inflammatory extract, mild pore-tightening effect","Calms redness, balances oily skin","Nickel-sized amount, applied as final hydrating step",Both,Daily,N/A,Yes,Fragrance-family sensitivity possible; patch test,"Sensitive, Oily, Rosacea-prone","Chamomile, Witch Hazel",None significant,0,5.0-6.0,Consult doctor,Yes,Mid-Range ($$)
Beta Carotene,Antioxidant (Provitamin A),Moisturizer/Cream,"Precursor antioxidant, supports skin renewal",Supports even tone and radiance,"Nickel-sized amount, applied as final hydrating step",Both,Daily,N/A,Yes,Minimal restrictions,All skin types,"Vitamin C, Vitamin E",None significant,0,N/A,Yes,No,Premium ($$$)
Sunflower Seed Oil,Facial Oil (Botanical),Serum,Linoleic-acid rich lightweight oil,Supports barrier without heaviness,"1-2 drops, pressed into skin before heavier products",Both,Daily,N/A,Yes,Minimal restrictions,"Normal, Combination, Acne-prone","Niacinamide, Squalane",None significant,1,N/A,Yes,No,Premium ($$$)
Soy Isoflavones,Phytoestrogen/Brightening Agent,Toner/Essence,Plant compound supporting collagen and tone-evening,Brightens and supports firmness,"Pat into skin after cleansing, before serum",Both,Daily,N/A,Yes,Minimal restrictions,"Mature, Hyperpigmentation-prone","Niacinamide, Vitamin C",None significant,0,5.0-6.5,Consult doctor,No,Premium ($$$)
Phytosterols,Barrier Lipid (Plant-derived),Face Mask,Plant-based lipid supporting barrier repair,Soothes and repairs compromised barrier,"Apply for 10-15 minutes, 1-3x per week, then rinse or wipe off",Both,Daily,N/A,Yes,Minimal restrictions,"Sensitive, Dry","Ceramides, Fatty Acids",None significant,1,N/A,Yes,No,Mid-Range ($$)
Alpine Rose Extract,Antioxidant/Adaptogen Botanical (Alpine),Toner/Essence,High-altitude plant extract supporting cellular resilience,Protects and revitalizes stressed skin,"Pat into skin after cleansing, before serum",Both,Daily,N/A,Yes,Minimal restrictions,"All skin types, Mature","Niacinamide, Vitamin C",None significant,0,5.0-6.0,Consult doctor,No,Budget ($)
Retinaldehyde,Retinoid,Toner/Essence,Converts to retinoic acid faster than retinol,"Anti-aging, acne control, texture refinement","Pat into skin after cleansing, before serum",Night,"2-3x per week, building up to nightly",1%,Yes,Avoid in pregnancy; avoid mixing with strong acids,"Normal, Oily, Mature","Peptides, Niacinamide","AHA/BHA, Vitamin C",2,5.5-6.0,No,Yes,Budget ($)
Horsetail Extract (Silica-rich),Firming/Astringent Botanical,Toner/Essence,Natural silica-rich extract supporting skin structure,Firms and tightens the look of skin,"Pat into skin after cleansing, before serum",Both,Daily,N/A,Yes,Minimal restrictions,"Normal, Mature, Combination","Niacinamide, Peptides",None significant,0,5.0-6.0,Consult doctor,No,Mid-Range ($$)
Retin-A (Tretinoin),Retinoid (Prescription),Cleanser,Gold-standard retinoic acid for cell turnover,"Treats acne, wrinkles, hyperpigmentation","Massage onto damp skin for 30-60 seconds, rinse",Night,"2-3x per week, building up to nightly (as directed by doctor)",0.1%,Yes,Avoid in pregnancy; avoid with exfoliating acids and benzoyl peroxide same time,"Normal, Oily, Mature","Moisturizers, Ceramides","AHA/BHA, Vitamin C, Benzoyl Peroxide",1,4.0-6.0,No,Yes,Mid-Range ($$)
Acai Berry Extract,Antioxidant Botanical,Moisturizer/Cream,Anthocyanin-rich Amazonian fruit antioxidant,"Protects against oxidative stress, brightens","Nickel-sized amount, applied as final hydrating step",Both,Daily,N/A,Yes,Minimal restrictions,"All skin types, Dull skin","Vitamin C, Niacinamide",None significant,0,5.0-6.0,Yes,No,Budget ($)
Peptide Complex (Matrixyl-type),Peptide,Face Mask,Signals collagen and elastin production,"Firms skin, reduces wrinkle depth","Apply for 10-15 minutes, 1-3x per week, then rinse or wipe off",Night,1x daily at night,10%,Yes,Minimal restrictions,"Mature, Normal, All skin types","Hyaluronic Acid, Niacinamide",Strong acids same time,0,5.0-7.0,Consult doctor,No,Mid-Range ($$)
Adapalene,Retinoid (OTC Acne Treatment),Facial Oil,Selective retinoic acid receptor agonist,"Treats and prevents acne, refines texture","2-3 drops, pressed on as the last step to seal in moisture",Night,1x daily at night,N/A,Yes,Avoid in pregnancy; avoid with other exfoliants same time,"Oily, Acne-prone","Moisturizers, Niacinamide","Benzoyl Peroxide, AHA/BHA together",1,5.0-6.0,No,Yes,Budget ($)
Magnesium Ascorbyl Phosphate,Vitamin C Derivative,Cleanser,Water-soluble stable Vitamin C form,"Brightening, antioxidant protection","Massage onto damp skin for 30-60 seconds, rinse",Both,Daily,5%,Yes,Generally gentle,"Sensitive, Dry","Niacinamide, Hyaluronic Acid",Strong acids,0,6.0-7.0,Yes,No,Budget ($)
Silica,Mattifying/Texture Agent,Moisturizer/Cream,"Absorbs oil, softens visual texture","Mattifies shine, blurs pores visually","Nickel-sized amount, applied as final hydrating step",Morning,Daily,N/A,Yes,Minimal restrictions,"Oily, Combination","Niacinamide, Zinc PCA",None significant,0,N/A,Yes,No,Premium ($$$)
Benzoyl Peroxide,Acne Treatment,Facial Oil,"Antibacterial, kills acne-causing bacteria",Clears active breakouts,"2-3 drops, pressed on as the last step to seal in moisture",Both,Daily,N/A,Yes,Can bleach fabrics; avoid with retinoids same time; drying,"Oily, Acne-prone","Moisturizers, Niacinamide","Retinoids, Vitamin C same session",0,5.0-6.0,Consult doctor,Yes,Mid-Range ($$)
Trifarotene,"Retinoid (Prescription, 4th-gen)",Spot Treatment,Highly selective RAR-gamma receptor agonist,"Treats acne and photoaging, prescription strength",Dab a small amount directly onto targeted area,Night,1x daily at night,N/A,Yes,Avoid in pregnancy; prescription supervision required,"Acne-prone, Normal","Moisturizers, Ceramides","AHA/BHA, Benzoyl Peroxide together",1,5.0-6.0,No,Yes,Mid-Range ($$)
Edelweiss Extract,Antioxidant Botanical (Alpine),Face Mask,"High-altitude plant antioxidant, UV-stress protective",Protects against environmental and UV stress,"Apply for 10-15 minutes, 1-3x per week, then rinse or wipe off",Both,Daily,N/A,Yes,Minimal restrictions,"All skin types, Mature","Vitamin C, Niacinamide",None significant,0,5.0-6.0,Consult doctor,No,Premium ($$$)
Hibiscus Extract,Antioxidant/Firming Botanical,Moisturizer/Cream,"Natural AHA-adjacent antioxidant, mild firming effect",Brightens and softly firms skin,"Nickel-sized amount, applied as final hydrating step",Both,Daily,N/A,Yes,Minimal restrictions,"Normal, Mature, Dull skin","Vitamin C, Niacinamide",None significant,0,4.5-6.0,Yes,No,Mid-Range ($$)
Kukui Nut Oil,Facial Oil (Botanical),Toner/Essence,"Lightweight Hawaiian nut oil, fatty-acid rich",Softens and protects without greasiness,"Pat into skin after cleansing, before serum",Both,Daily,N/A,Yes,Tree-nut allergy caution,"Dry, Normal, Combination","Squalane, Vitamin E",None significant,1,N/A,Consult doctor,Yes,Premium ($$$)
Hemp Seed Oil,Facial Oil (Botanical),Moisturizer/Cream,Balanced omega fatty-acid oil,"Balances oil while hydrating, calms skin","Nickel-sized amount, applied as final hydrating step",Both,Daily,N/A,Yes,Minimal restrictions,"Oily, Combination, Sensitive","Niacinamide, Centella Asiatica",None significant,1,N/A,Yes,No,Mid-Range ($$)
Quercetin,Antioxidant (Flavonoid),Moisturizer/Cream,Potent plant flavonoid antioxidant,"Calms inflammation, protects against oxidative stress","Nickel-sized amount, applied as final hydrating step",Both,Daily,N/A,Yes,Minimal restrictions,"Sensitive, All skin types","Vitamin C, Niacinamide",None significant,0,5.0-6.0,Yes,No,Premium ($$$)
Vitamin E (Tocopherol),Antioxidant,Serum,"Lipid-soluble antioxidant, moisturizing","Protects from oxidative stress, softens skin","1-2 drops, pressed into skin before heavier products",Both,Daily,10%,Yes,Comedogenic in high concentration for acne-prone skin,"Dry, Normal, Mature","Vitamin C, Ferulic Acid",None significant,2,N/A,Yes,No,Budget ($)
Bisabolol,Soothing Agent (Chamomile-derived),Facial Oil,"Anti-inflammatory, calming",Reduces redness and sensitivity,"2-3 drops, pressed on as the last step to seal in moisture",Both,Daily,N/A,Yes,Minimal restrictions,"Sensitive, All skin types","Centella Asiatica, Panthenol",None significant,0,N/A,Yes,No,Mid-Range ($$)
Tranexamic Acid,Brightening Agent,Serum,Inhibits melanin transfer pathway,Fades melasma and stubborn dark spots,"1-2 drops, pressed into skin before heavier products",Both,Daily,1%,Yes,Consult doctor if on blood thinners,"Hyperpigmentation-prone, All skin types","Niacinamide, Vitamin C",None significant,0,5.0-6.5,Consult doctor,No,Mid-Range ($$)
3-O-Ethyl Ascorbic Acid,Vitamin C Derivative (Stable),Facial Oil,Stable derivative that converts to pure Vitamin C in skin,Brightens with better stability than L-ascorbic acid,"2-3 drops, pressed on as the last step to seal in moisture",Both,Daily,N/A,Yes,Minimal restrictions,All skin types,"Niacinamide, Ferulic Acid",Strong acids same time,0,5.0-6.5,Yes,No,Premium ($$$)
Meadowfoam Seed Oil,Facial Oil (Botanical),Moisturizer/Cream,"Highly stable, non-greasy emollient oil","Locks in moisture, adds softness","Nickel-sized amount, applied as final hydrating step",Both,Daily,N/A,Yes,Minimal restrictions,"All skin types, Dry","Squalane, Hyaluronic Acid",None significant,1,N/A,Yes,No,Mid-Range ($$)
Matrixyl Synthe'6,Peptide Complex (Next-gen),Facial Oil,Advanced peptide blend for six visible aging signs,"Firms, smooths, evens tone and texture","2-3 drops, pressed on as the last step to seal in moisture",Night,1x daily at night,N/A,Yes,Minimal restrictions,"Mature, Normal","Hyaluronic Acid, Niacinamide",Strong acids same time,0,5.0-7.0,Consult doctor,No,Premium ($$$)
Rose Water,Hydrating/Soothing Botanical,Toner/Essence,"Mild floral hydrosol, gently toning","Refreshes, soothes, lightly hydrates","Pat into skin after cleansing, before serum",Both,Daily,N/A,Yes,Fragrance allergy risk for very sensitive skin,"All skin types, Sensitive","Aloe Vera, Glycerin",None significant,0,5.0-5.8,Yes,No,Premium ($$$)
Bakuchiol,Plant-derived Retinol Alternative,Toner/Essence,Retinol-like signaling without irritation,"Anti-aging, gentle for sensitive skin","Pat into skin after cleansing, before serum",Both,Daily,2%,Yes,Generally well tolerated; patch test if very sensitive,"All skin types, Sensitive","Vitamin C, Niacinamide, Peptides",None significant,1,5.0-6.5,Yes (consult doctor),No,Mid-Range ($$)
Arginine,Humectant/Amino Acid,Spot Treatment,Amino acid component of natural moisturizing factor,Hydrates and supports skin conditioning,Dab a small amount directly onto targeted area,Both,Daily,N/A,Yes,Minimal restrictions,"All skin types, Dry","Hyaluronic Acid, Panthenol",None significant,0,N/A,Yes,No,Premium ($$$)
Silica,Mattifying/Texture Agent,Spot Treatment,"Absorbs oil, softens visual texture","Mattifies shine, blurs pores visually",Dab a small amount directly onto targeted area,Morning,Daily,N/A,Yes,Minimal restrictions,"Oily, Combination","Niacinamide, Zinc PCA",None significant,0,N/A,Yes,No,Mid-Range ($$)
Caviar Extract,Luxury Firming Ingredient (Marine-derived),Cleanser,Nutrient-rich marine extract marketed for firming,Improves the look of firmness and radiance,"Massage onto damp skin for 30-60 seconds, rinse",Both,Daily,N/A,Yes,Patch test for fish-derived allergy,"Mature, Normal","Peptides, Marine Collagen",None significant,0,5.0-7.0,Consult doctor,Yes,Budget ($)
Glycolic Acid,AHA (Alpha Hydroxy Acid),Toner/Essence,Exfoliates surface skin cells,"Brightens, smooths texture, fades discoloration","Pat into skin after cleansing, before serum",Night,2-3x per week,10%,Yes,Avoid on broken/sunburned skin; avoid with retinoids same session,"Normal, Oily, Combination","Hyaluronic Acid, Niacinamide","Retinoids, Vitamin C, other acids",1,3.0-4.0,Consult doctor,Yes,Mid-Range ($$)
Edelweiss Extract,Antioxidant Botanical (Alpine),Facial Oil,"High-altitude plant antioxidant, UV-stress protective",Protects against environmental and UV stress,"2-3 drops, pressed on as the last step to seal in moisture",Both,Daily,N/A,Yes,Minimal restrictions,"All skin types, Mature","Vitamin C, Niacinamide",None significant,0,5.0-6.0,Consult doctor,No,Mid-Range ($$)
Matcha Green Tea Extract,Antioxidant Botanical,Moisturizer/Cream,Concentrated polyphenol antioxidant,Calms and protects against environmental stress,"Nickel-sized amount, applied as final hydrating step",Both,Daily,N/A,Yes,Minimal restrictions,"Sensitive, Oily, All skin types","Niacinamide, Centella Asiatica",None significant,0,5.0-6.0,Yes,No,Premium ($$$)
Bamboo Sap Extract,Hydrating/Soothing Botanical (K-beauty),Facial Oil,Mineral-rich hydrating and soothing sap,"Refreshes, hydrates, calms","2-3 drops, pressed on as the last step to seal in moisture",Both,Daily,N/A,Yes,Minimal restrictions,"All skin types, Sensitive","Aloe Vera, Hyaluronic Acid",None significant,0,5.0-6.0,Yes,No,Budget ($)
Octocrylene,UV Filter (Chemical),Serum,"Absorbs UVB, stabilizes other filters","Sun protection, boosts SPF stability","1-2 drops, pressed into skin before heavier products",Morning,Daily,N/A,N/A (is the sunscreen),Reapply every 2 hours in sun exposure,"Normal, Oily, Combination",Antioxidants under sunscreen,None significant,2,N/A,Consult doctor,No,Mid-Range ($$)
Boron Nitride,Mattifying/Texture Agent,Moisturizer/Cream,Silky mineral powder for soft-focus finish,"Blurs pores, controls shine","Nickel-sized amount, applied as final hydrating step",Morning,Daily,N/A,Yes,Minimal restrictions,"Oily, Combination","Silica, Niacinamide",None significant,0,N/A,Yes,No,Premium ($$$)
Tranexamic Acid,Brightening Agent,Cleanser,Inhibits melanin transfer pathway,Fades melasma and stubborn dark spots,"Massage onto damp skin for 30-60 seconds, rinse",Both,Daily,2%,Yes,Consult doctor if on blood thinners,"Hyperpigmentation-prone, All skin types","Niacinamide, Vitamin C",None significant,0,5.0-6.5,Consult doctor,No,Mid-Range ($$)
Black Cohosh Extract,Phytoestrogen Botanical,Serum,Traditional botanical supporting skin elasticity,Supports firmness in mature skin,"1-2 drops, pressed into skin before heavier products",Both,Daily,N/A,Yes,Minimal restrictions,Mature,"Peptides, Niacinamide",None significant,0,5.0-6.0,Consult doctor,No,Mid-Range ($$)
Horse Chestnut Extract,Circulation-support Botanical,Cleanser,"Supports microcirculation, reduces puffiness","De-puffs, strengthens capillary appearance","Massage onto damp skin for 30-60 seconds, rinse",Morning,Daily,N/A,Yes,Minimal restrictions,"Under-eye area, Mature","Caffeine, Vitamin C",None significant,0,5.0-6.0,Consult doctor,No,Budget ($)
Vitamin B3 Derivative Complex,Brightening/Barrier,Spot Treatment,Combined niacinamide-based brightening blend,Tone evening with barrier support,Dab a small amount directly onto targeted area,Both,Daily,N/A,Yes,Minimal restrictions,All skin types,Hyaluronic Acid,High-dose Vitamin C,0,5.0-7.0,Yes,No,Premium ($$$)
Perlite,Physical Exfoliant (Mineral),Serum,Volcanic-glass mineral exfoliating particle,Gently buffs away dead skin cells,"1-2 drops, pressed into skin before heavier products",Night,1x daily at night,N/A,Yes,Use gentle pressure to avoid micro-tears,"Normal, Combination, Oily","Niacinamide, Clay",Overuse with chemical exfoliants,0,N/A,Yes,No,Mid-Range ($$)
Hemp Seed Oil,Facial Oil (Botanical),Toner/Essence,Balanced omega fatty-acid oil,"Balances oil while hydrating, calms skin","Pat into skin after cleansing, before serum",Both,Daily,N/A,Yes,Minimal restrictions,"Oily, Combination, Sensitive","Niacinamide, Centella Asiatica",None significant,1,N/A,Yes,No,Premium ($$$)
3-O-Ethyl Ascorbic Acid,Vitamin C Derivative (Stable),Face Mask,Stable derivative that converts to pure Vitamin C in skin,Brightens with better stability than L-ascorbic acid,"Apply for 10-15 minutes, 1-3x per week, then rinse or wipe off",Both,Daily,N/A,Yes,Minimal restrictions,All skin types,"Niacinamide, Ferulic Acid",Strong acids same time,0,5.0-6.5,Yes,No,Mid-Range ($$)
Sodium Ascorbyl Phosphate,Vitamin C Derivative,Serum,"Stable, gentler form of Vitamin C",Brightening with less irritation,"1-2 drops, pressed into skin before heavier products",Both,Daily,15%,Yes,"Well tolerated, minimal restrictions","Sensitive, All skin types","Niacinamide, Hyaluronic Acid",Strong acids,0,6.0-7.0,Yes,No,Mid-Range ($$)
Coco-Glucoside,Mild Cleansing Surfactant,Face Mask,Plant-derived gentle cleansing agent,Cleanses without stripping the barrier,"Apply for 10-15 minutes, 1-3x per week, then rinse or wipe off",Both,Daily,N/A,Yes,Minimal restrictions,"All skin types, Sensitive","Ceramides, Glycerin",None significant,0,5.0-6.5,Yes,No,Premium ($$$)
Kaolin Clay,Purifying/Oil Control,Cleanser,"Absorbs excess sebum, gentle mineral clay","Mattifies, minimizes shine, softens texture","Massage onto damp skin for 30-60 seconds, rinse",Night,1x daily at night,N/A,Yes,Can be drying for dry skin,"Oily, Combination, Acne-prone","Niacinamide, Salicylic Acid",Overuse with other drying actives,0,N/A,Yes,No,Budget ($)
Sodium PCA,Humectant (Natural Moisturizing Factor),Serum,Naturally occurring skin humectant,Hydrates and supports moisture retention,"1-2 drops, pressed into skin before heavier products",Both,Daily,N/A,Yes,Minimal restrictions,"All skin types, Dry","Hyaluronic Acid, Glycerin",None significant,0,N/A,Yes,No,Premium ($$$)
Hyaluronic Acid,Humectant,Spot Treatment,Binds up to 1000x its weight in water,"Deep hydration, plumps fine lines",Dab a small amount directly onto targeted area,Both,Daily,2%,Yes,Apply to damp skin; can dehydrate in very dry climates if used alone,"All skin types, Dry","Niacinamide, Ceramides, Peptides",None significant,0,5.0-7.0,Yes,No,Budget ($)
Tinosorb S,UV Filter (Broad-spectrum Chemical),Toner/Essence,Photostable UVA/UVB broad-spectrum filter,Comprehensive sun protection with high stability,"Pat into skin after cleansing, before serum",Morning,Daily,N/A,N/A (is the sunscreen),Reapply every 2 hours in sun exposure,"All skin types, Sensitive",Antioxidants under sunscreen,None significant,1,N/A,Yes,No,Premium ($$$)
Trehalose,Humectant/Stress Protectant,Cleanser,"Sugar-based humectant, protects cells from dehydration",Hydrates and protects against environmental stress,"Massage onto damp skin for 30-60 seconds, rinse",Both,Daily,N/A,Yes,Minimal restrictions,"All skin types, Sensitive","Beta-Glucan, Ceramides",None significant,0,N/A,Yes,No,Budget ($)
Salicylic Acid,BHA (Beta Hydroxy Acid),Toner/Essence,"Oil-soluble exfoliant, penetrates pores","Clears blackheads, reduces acne and oiliness","Pat into skin after cleansing, before serum",Night,3-4x per week,2%,Yes,"Avoid on dry/compromised skin, aspirin allergy caution","Oily, Acne-prone, Combination","Niacinamide, Clay masks","Retinoids, other acids at same time",1,3.0-4.0,Consult doctor,Yes,Premium ($$$)
Chrysanthemum Extract,Soothing/Antioxidant Botanical,Moisturizer/Cream,Calming floral extract with antioxidant properties,"Calms redness, adds antioxidant protection","Nickel-sized amount, applied as final hydrating step",Both,Daily,N/A,Yes,Fragrance allergy risk for very sensitive skin,"Sensitive, All skin types","Chamomile, Bisabolol",None significant,0,5.0-6.0,Consult doctor,Yes,Premium ($$$)
Pomegranate Enzyme Extract,Enzyme/Antioxidant Botanical,Cleanser,Fruit-enzyme exfoliant with antioxidant properties,"Brightens, gently resurfaces","Massage onto damp skin for 30-60 seconds, rinse",Night,1x daily at night,N/A,Yes,Avoid on broken skin,"Sensitive, Normal, Dull skin","Vitamin C, Niacinamide",Strong acids/retinoids same time,1,4.0-6.0,Consult doctor,No,Budget ($)
Fermented Rice Water Extract,Antioxidant/Brightening (Biotech),Cleanser,Fermentation-derived brightening and soothing,"Improves radiance, evens tone","Massage onto damp skin for 30-60 seconds, rinse",Both,Daily,N/A,Yes,Minimal restrictions,All skin types,"Niacinamide, Centella Asiatica",None significant,0,5.0-6.0,Yes,No,Mid-Range ($$)
Tamanu Oil,Facial Oil (Botanical),Cleanser,Healing oil traditionally used for scars/blemishes,Supports healing of scars and blemishes,"Massage onto damp skin for 30-60 seconds, rinse",Night,1x daily at night,N/A,Yes,Distinct smell; patch test recommended,"Acne-prone, Scar-prone","Niacinamide, Centella Asiatica",None significant,2,N/A,Consult doctor,Yes,Premium ($$$)
SNAP-8,Peptide (Neurotransmitter-inhibiting),Spot Treatment,Extended-action muscle-contraction relaxing peptide,"Softens expression lines, especially forehead",Dab a small amount directly onto targeted area,Night,1x daily at night,N/A,Yes,Minimal restrictions,"Mature, Normal","Acetyl Hexapeptide-8, Hyaluronic Acid",None significant,0,5.0-7.0,Consult doctor,No,Budget ($)
Turmeric Extract,Anti-inflammatory Botanical,Face Mask,Curcumin-based anti-inflammatory and brightening,"Calms redness, brightens dull skin","Apply for 10-15 minutes, 1-3x per week, then rinse or wipe off",Both,Daily,N/A,Yes,Can temporarily stain skin/fabric,"Sensitive, Dull skin, Hyperpigmentation-prone","Niacinamide, Vitamin C",None significant,0,5.0-6.5,Consult doctor,No,Budget ($)
Reishi Mushroom Extract,Antioxidant/Adaptogen (Mushroom),Spot Treatment,Polysaccharide-rich antioxidant and calming agent,"Soothes, hydrates, supports resilience",Dab a small amount directly onto targeted area,Both,Daily,N/A,Yes,Minimal restrictions,"Sensitive, Mature","Centella Asiatica, Niacinamide",None significant,0,5.0-6.0,Consult doctor,No,Budget ($)
Ascorbyl Palmitate,Vitamin C Derivative (Fat-soluble),Cleanser,"Fat-soluble, stable Vitamin C ester",Gentle brightening and antioxidant protection,"Massage onto damp skin for 30-60 seconds, rinse",Both,Daily,N/A,Yes,Minimal restrictions,"Dry, Normal","Vitamin E, Ferulic Acid",Strong acids same time,2,5.5-7.0,Yes,No,Premium ($$$)
Blue-Green Algae Extract,Marine Antioxidant/Detox Botanical,Face Mask,Nutrient-dense algae antioxidant and detoxifier,"Detoxifies, firms, nourishes","Apply for 10-15 minutes, 1-3x per week, then rinse or wipe off",Both,Daily,N/A,Yes,Minimal restrictions,"All skin types, Dull skin","Niacinamide, Vitamin C",None significant,0,5.0-6.5,Yes,No,Mid-Range ($$)
Azelaic Acid,Multi-functional Acid,Moisturizer/Cream,"Anti-inflammatory, tyrosinase inhibitor","Treats acne, rosacea redness, hyperpigmentation","Nickel-sized amount, applied as final hydrating step",Both,1-2x daily,15%,Yes,Mild tingling common initially; discontinue if severe irritation,"Acne-prone, Rosacea, Sensitive","Niacinamide, Retinoids (alternate nights)",Very strong acids at same time,0,4.0-5.0,Yes,No,Premium ($$$)
Hibiscus Extract,Antioxidant/Firming Botanical,Toner/Essence,"Natural AHA-adjacent antioxidant, mild firming effect",Brightens and softly firms skin,"Pat into skin after cleansing, before serum",Both,Daily,N/A,Yes,Minimal restrictions,"Normal, Mature, Dull skin","Vitamin C, Niacinamide",None significant,0,4.5-6.0,Yes,No,Premium ($$$)
N-Acetyl Glucosamine,Brightening Agent (Amino Sugar),Serum,Works synergistically with niacinamide to reduce pigment,"Evens tone, supports barrier hydration","1-2 drops, pressed into skin before heavier products",Both,Daily,N/A,Yes,Minimal restrictions,"Hyperpigmentation-prone, All skin types",Niacinamide,None significant,0,5.0-6.5,Yes,No,Mid-Range ($$)
Lotus Extract,Hydrating/Soothing Botanical,Spot Treatment,"Traditional calming, hydrating flower extract",Soothes and lightly hydrates,Dab a small amount directly onto targeted area,Both,Daily,N/A,Yes,Minimal restrictions,"Sensitive, All skin types","Aloe Vera, Panthenol",None significant,0,5.0-6.0,Yes,No,Budget ($)
Ectoin,Barrier/Stress Protection,Cleanser,Extremolyte that protects cells from environmental stress,"Protects against pollution and UV stress, hydrates","Massage onto damp skin for 30-60 seconds, rinse",Both,Daily,N/A,Yes,Minimal restrictions,"Sensitive, All skin types","Ceramides, Hyaluronic Acid",None significant,0,5.0-7.0,Yes,No,Premium ($$$)
Octocrylene,UV Filter (Chemical),Facial Oil,"Absorbs UVB, stabilizes other filters","Sun protection, boosts SPF stability","2-3 drops, pressed on as the last step to seal in moisture",Morning,Daily,N/A,N/A (is the sunscreen),Reapply every 2 hours in sun exposure,"Normal, Oily, Combination",Antioxidants under sunscreen,None significant,2,N/A,Consult doctor,No,Premium ($$$)
Bromelain (Pineapple Enzyme),Enzyme Exfoliant,Moisturizer/Cream,Protein-dissolving enzyme from pineapple stem,"Gentle exfoliation, brightening","Nickel-sized amount, applied as final hydrating step",Night,1x daily at night,N/A,Yes,"Avoid on broken skin, mild allergy risk","Sensitive, Normal","Vitamin C, Papain",Strong acids/retinoids same time,1,4.0-6.0,Consult doctor,Yes,Mid-Range ($$)
Turmeric Extract,Anti-inflammatory Botanical,Spot Treatment,Curcumin-based anti-inflammatory and brightening,"Calms redness, brightens dull skin",Dab a small amount directly onto targeted area,Both,Daily,N/A,Yes,Can temporarily stain skin/fabric,"Sensitive, Dull skin, Hyperpigmentation-prone","Niacinamide, Vitamin C",None significant,0,5.0-6.5,Consult doctor,No,Premium ($$$)
Sandalwood Extract,Soothing/Brightening Botanical (Ayurvedic),Facial Oil,Traditional calming and brightening extract,"Soothes irritation, evens tone","2-3 drops, pressed on as the last step to seal in moisture",Both,Daily,N/A,Yes,Fragrance sensitivity possible; patch test,"Sensitive, Dull skin","Niacinamide, Licorice Extract",None significant,0,5.0-6.0,Consult doctor,Yes,Budget ($)
Salicylic Acid,BHA (Beta Hydroxy Acid),Face Mask,"Oil-soluble exfoliant, penetrates pores","Clears blackheads, reduces acne and oiliness","Apply for 10-15 minutes, 1-3x per week, then rinse or wipe off",Night,3-4x per week,2%,Yes,"Avoid on dry/compromised skin, aspirin allergy caution","Oily, Acne-prone, Combination","Niacinamide, Clay masks","Retinoids, other acids at same time",1,3.0-4.0,Consult doctor,Yes,Mid-Range ($$)
Palmitic Acid,Fatty Acid (Barrier Support),Facial Oil,Saturated fatty acid supporting barrier lipids,Reinforces barrier structure,"2-3 drops, pressed on as the last step to seal in moisture",Both,Daily,N/A,Yes,Minimal restrictions,"Dry, Sensitive","Ceramides, Cholesterol",None significant,2,N/A,Yes,No,Budget ($)
Diatomaceous Earth,Purifying/Exfoliating Mineral,Moisturizer/Cream,"Fossilized algae mineral, mild absorbent exfoliant","Purifies pores, gently buffs texture","Nickel-sized amount, applied as final hydrating step",Night,1x daily at night,N/A,Yes,Use gentle pressure to avoid micro-tears,"Oily, Combination","Kaolin Clay, Niacinamide",Overuse with other exfoliants,0,N/A,Yes,No,Budget ($)
Diamond Powder,Physical Exfoliant/Luxury Additive,Moisturizer/Cream,Micro-exfoliation and light reflection,"Polishes texture, adds radiance","Nickel-sized amount, applied as final hydrating step",Night,1x daily at night,N/A,Yes,Use gently to avoid micro-tears,"Normal, Combination","Peptides, Hyaluronic Acid",Overuse with other exfoliants,1,N/A,Yes,No,Premium ($$$)
Sodium Ascorbyl Phosphate,Vitamin C Derivative,Spot Treatment,"Stable, gentler form of Vitamin C",Brightening with less irritation,Dab a small amount directly onto targeted area,Both,Daily,15%,Yes,"Well tolerated, minimal restrictions","Sensitive, All skin types","Niacinamide, Hyaluronic Acid",Strong acids,0,6.0-7.0,Yes,No,Mid-Range ($$)
Coconut Water Extract,Hydrating Botanical,Serum,Electrolyte-rich lightweight hydrator,Refreshes and lightly hydrates,"1-2 drops, pressed into skin before heavier products",Both,Daily,N/A,Yes,Minimal restrictions,"All skin types, Dry","Hyaluronic Acid, Glycerin",None significant,0,5.0-6.0,Yes,No,Premium ($$$)
Linoleic Acid,Fatty Acid (Barrier Support),Cleanser,Essential omega-6 fatty acid for barrier lipids,"Supports barrier, reduces congestion in oily skin","Massage onto damp skin for 30-60 seconds, rinse",Both,Daily,N/A,Yes,Minimal restrictions,"Oily, Acne-prone, Combination","Niacinamide, Ceramides",None significant,1,N/A,Yes,No,Premium ($$$)
Edelweiss Extract,Antioxidant Botanical (Alpine),Moisturizer/Cream,"High-altitude plant antioxidant, UV-stress protective",Protects against environmental and UV stress,"Nickel-sized amount, applied as final hydrating step",Both,Daily,N/A,Yes,Minimal restrictions,"All skin types, Mature","Vitamin C, Niacinamide",None significant,0,5.0-6.0,Consult doctor,No,Mid-Range ($$)
Dipeptide Diaminobutyroyl Benzylamide Diacetate (Syn-Ake),Peptide (Snake-venom mimicking),Face Mask,Mimics muscle-relaxing effect for expression lines,Softens fine lines from repeated expressions,"Apply for 10-15 minutes, 1-3x per week, then rinse or wipe off",Night,1x daily at night,N/A,Yes,Minimal restrictions,"Mature, Normal",Peptide complexes,None significant,0,5.0-7.0,Consult doctor,No,Premium ($$$)
Shea Butter,Emollient (Butter),Serum,"Rich fatty-acid emollient, deeply moisturizing","Softens very dry or rough skin, seals in moisture","1-2 drops, pressed into skin before heavier products",Both,Daily,N/A,Yes,Can feel heavy on very oily skin,"Dry, Very Dry, Mature","Ceramides, Squalane",None significant,2,N/A,Yes,No,Premium ($$$)
Astaxanthin,Antioxidant (Algae-derived),Serum,Powerful carotenoid antioxidant,"Protects against UV/oxidative damage, evens tone","1-2 drops, pressed into skin before heavier products",Both,Daily,N/A,Yes,Minimal restrictions,"All skin types, Mature","Vitamin C, Niacinamide",None significant,0,5.0-6.5,Consult doctor,No,Mid-Range ($$)
Saccharomyces Ferment Filtrate,Fermented/Biotech Ingredient,Facial Oil,Yeast-fermentation extract rich in vitamins and minerals,"Brightens, hydrates, supports resilience","2-3 drops, pressed on as the last step to seal in moisture",Both,Daily,N/A,Yes,Minimal restrictions,"All skin types, Dull skin","Niacinamide, Hyaluronic Acid",None significant,0,5.0-6.5,Yes,No,Premium ($$$)
Evening Primrose Oil,Facial Oil (Botanical),Toner/Essence,GLA-rich oil supporting barrier and inflammation,Calms eczema-prone or reactive skin,"Pat into skin after cleansing, before serum",Night,1x daily at night,N/A,Yes,Minimal restrictions,"Sensitive, Dry, Eczema-prone","Ceramides, Panthenol",None significant,2,N/A,Consult doctor,No,Mid-Range ($$)
Red Algae Extract,Marine Antioxidant/Hydrator,Spot Treatment,Mineral and polysaccharide-rich marine extract,"Hydrates, firms, protects from environmental stress",Dab a small amount directly onto targeted area,Both,Daily,N/A,Yes,Minimal restrictions,"Dry, Normal, Dull skin","Hyaluronic Acid, Niacinamide",None significant,0,5.0-6.5,Yes,No,Mid-Range ($$)
Moringa Oil,Facial Oil (Botanical),Moisturizer/Cream,Antioxidant-rich oleic-acid oil,Deeply nourishes and softens mature skin,"Nickel-sized amount, applied as final hydrating step",Night,1x daily at night,N/A,Yes,Minimal restrictions,"Dry, Mature","Squalane, Vitamin E",None significant,2,N/A,Yes,No,Premium ($$$)
Mango Butter,Emollient (Butter),Moisturizer/Cream,"Lightweight plant butter, high in fatty acids",Softens and conditions dry skin,"Nickel-sized amount, applied as final hydrating step",Both,Daily,N/A,Yes,Minimal restrictions,"Dry, Normal","Shea Butter, Squalane",None significant,2,N/A,Yes,No,Mid-Range ($$)
Manuka Honey Extract,Humectant/Antibacterial (Botanical),Facial Oil,Natural humectant with antibacterial properties,Hydrates and supports acne-prone skin,"2-3 drops, pressed on as the last step to seal in moisture",Both,Daily,N/A,Yes,Minimal restrictions; patch test for bee-product allergy,"Acne-prone, Dry, Sensitive","Niacinamide, Panthenol",None significant,1,N/A,Yes,Yes,Mid-Range ($$)
Linoleic Acid,Fatty Acid (Barrier Support),Facial Oil,Essential omega-6 fatty acid for barrier lipids,"Supports barrier, reduces congestion in oily skin","2-3 drops, pressed on as the last step to seal in moisture",Both,Daily,N/A,Yes,Minimal restrictions,"Oily, Acne-prone, Combination","Niacinamide, Ceramides",None significant,1,N/A,Yes,No,Budget ($)
Hyaluronic Acid,Humectant,Cleanser,Binds up to 1000x its weight in water,"Deep hydration, plumps fine lines","Massage onto damp skin for 30-60 seconds, rinse",Both,Daily,1%,Yes,Apply to damp skin; can dehydrate in very dry climates if used alone,"All skin types, Dry","Niacinamide, Ceramides, Peptides",None significant,0,5.0-7.0,Yes,No,Budget ($)
Trifarotene,"Retinoid (Prescription, 4th-gen)",Cleanser,Highly selective RAR-gamma receptor agonist,"Treats acne and photoaging, prescription strength","Massage onto damp skin for 30-60 seconds, rinse",Night,1x daily at night,N/A,Yes,Avoid in pregnancy; prescription supervision required,"Acne-prone, Normal","Moisturizers, Ceramides","AHA/BHA, Benzoyl Peroxide together",1,5.0-6.0,No,Yes,Mid-Range ($$)
Sal Butter,Emollient (Butter),Toner/Essence,"Firm, shea-like conditioning plant butter",Moisturizes and softens rough skin,"Pat into skin after cleansing, before serum",Both,Daily,N/A,Yes,Minimal restrictions,"Dry, Very Dry","Shea Butter, Squalane",None significant,2,N/A,Yes,No,Budget ($)
Sodium Cocoyl Isethionate,Mild Cleansing Surfactant,Moisturizer/Cream,"Coconut-derived gentle cleansing agent, low irritation",Cleanses gently while preserving barrier,"Nickel-sized amount, applied as final hydrating step",Both,Daily,N/A,Yes,Minimal restrictions,"Sensitive, Dry, All skin types","Ceramides, Glycerin",None significant,0,5.0-6.5,Yes,No,Budget ($)
Undecylenoyl Phenylalanine,Brightening Agent (Amino Acid Derivative),Serum,Inhibits melanin synthesis via tyrosinase pathway,"Evens tone, targets stubborn dark spots","1-2 drops, pressed into skin before heavier products",Both,Daily,N/A,Yes,Minimal restrictions,Hyperpigmentation-prone,"Niacinamide, Alpha Arbutin",None significant,0,5.0-6.5,Consult doctor,No,Premium ($$$)
Palmitoyl Oligopeptide,Peptide (Collagen-signaling),Cleanser,Supports collagen and glycosaminoglycan synthesis,Firms and hydrates aging skin,"Massage onto damp skin for 30-60 seconds, rinse",Night,1x daily at night,N/A,Yes,Minimal restrictions,Mature,"Hyaluronic Acid, Niacinamide",None significant,0,5.0-7.0,Consult doctor,No,Budget ($)
Undecylenoyl Phenylalanine,Brightening Agent (Amino Acid Derivative),Toner/Essence,Inhibits melanin synthesis via tyrosinase pathway,"Evens tone, targets stubborn dark spots","Pat into skin after cleansing, before serum",Both,Daily,N/A,Yes,Minimal restrictions,Hyperpigmentation-prone,"Niacinamide, Alpha Arbutin",None significant,0,5.0-6.5,Consult doctor,No,Budget ($)
Iron Oxides,UV Filter Booster/Tint (Mineral),Serum,"Blocks visible light, adds cosmetic tint",Protects against visible-light-induced pigmentation,"1-2 drops, pressed into skin before heavier products",Morning,Daily,N/A,N/A (is the sunscreen),Reapply every 2 hours in sun exposure,"Hyperpigmentation-prone, Melasma-prone","Zinc Oxide, Titanium Dioxide",None significant,0,N/A,Yes,No,Budget ($)
Tulsi (Holy Basil) Extract,Adaptogen Botanical (Ayurvedic),Serum,"Traditional adaptogenic, purifying extract","Calms stressed skin, purifies pores","1-2 drops, pressed into skin before heavier products",Both,Daily,N/A,Yes,Minimal restrictions,"Oily, Combination, Sensitive","Niacinamide, Centella Asiatica",None significant,0,5.0-6.0,Consult doctor,No,Budget ($)
Chamomile Extract,Soothing Botanical,Face Mask,"Anti-inflammatory, calming flavonoids",Reduces redness and sensitivity,"Apply for 10-15 minutes, 1-3x per week, then rinse or wipe off",Both,Daily,N/A,Yes,Ragweed-allergy sufferers should patch test,"Sensitive, Rosacea-prone","Bisabolol, Panthenol",None significant,0,5.0-6.5,Yes,Yes,Premium ($$$)
Witch Hazel,Astringent/Toning Botanical,Face Mask,"Mild astringent, tightens appearance of pores","Tones, reduces excess oil","Apply for 10-15 minutes, 1-3x per week, then rinse or wipe off",Both,Daily,N/A,Yes,Alcohol-based versions can be drying,"Oily, Combination","Niacinamide, Green Tea Extract",Overuse with other drying actives,0,4.5-5.5,Yes,No,Mid-Range ($$)
Grapeseed Oil,Facial Oil (Botanical),Spot Treatment,"Light, antioxidant-rich oil","Softens skin, absorbs quickly",Dab a small amount directly onto targeted area,Both,Daily,N/A,Yes,Minimal restrictions,"Oily, Combination, Normal","Vitamin E, Niacinamide",None significant,1,N/A,Yes,No,Premium ($$$)
Tinosorb M,UV Filter (Hybrid Organic/Mineral),Face Mask,Hybrid particle UVA/UVB filter,Broad-spectrum protection with good tolerability,"Apply for 10-15 minutes, 1-3x per week, then rinse or wipe off",Morning,Daily,N/A,N/A (is the sunscreen),Reapply every 2 hours in sun exposure,"Sensitive, All skin types",Antioxidants under sunscreen,None significant,1,N/A,Yes,No,Budget ($)
Willow Bark Extract,Natural BHA Alternative,Spot Treatment,"Contains salicin, gentle exfoliating botanical","Mild exfoliation, evens texture",Dab a small amount directly onto targeted area,Night,1x daily at night,N/A,Yes,Gentler than salicylic acid but still exfoliating,"Sensitive, Combination","Niacinamide, Panthenol",Other strong acids,1,4.0-5.0,Consult doctor,No,Premium ($$$)
Salicylic Acid,BHA (Beta Hydroxy Acid),Cleanser,"Oil-soluble exfoliant, penetrates pores","Clears blackheads, reduces acne and oiliness","Massage onto damp skin for 30-60 seconds, rinse",Night,3-4x per week,1%,Yes,"Avoid on dry/compromised skin, aspirin allergy caution","Oily, Acne-prone, Combination","Niacinamide, Clay masks","Retinoids, other acids at same time",1,3.0-4.0,Consult doctor,Yes,Premium ($$$)
Ceramide AP,Barrier Lipid (Specific Ceramide),Toner/Essence,Key ceramide subtype for barrier structure,"Restores barrier, reduces sensitivity","Pat into skin after cleansing, before serum",Both,Daily,N/A,Yes,Minimal restrictions,"Dry, Sensitive, Mature","Ceramide NP, Cholesterol",None significant,1,N/A,Yes,No,Mid-Range ($$)
Phytosterols,Barrier Lipid (Plant-derived),Toner/Essence,Plant-based lipid supporting barrier repair,Soothes and repairs compromised barrier,"Pat into skin after cleansing, before serum",Both,Daily,N/A,Yes,Minimal restrictions,"Sensitive, Dry","Ceramides, Fatty Acids",None significant,1,N/A,Yes,No,Premium ($$$)
Black Cumin Seed Oil,Facial Oil (Botanical),Moisturizer/Cream,Thymoquinone-rich anti-inflammatory oil,Calms breakouts and inflammation,"Nickel-sized amount, applied as final hydrating step",Night,1x daily at night,N/A,Yes,Patch test for sensitivity,"Acne-prone, Sensitive","Niacinamide, Centella Asiatica",None significant,2,N/A,Consult doctor,Yes,Budget ($)
Witch Hazel,Astringent/Toning Botanical,Cleanser,"Mild astringent, tightens appearance of pores","Tones, reduces excess oil","Massage onto damp skin for 30-60 seconds, rinse",Both,Daily,N/A,Yes,Alcohol-based versions can be drying,"Oily, Combination","Niacinamide, Green Tea Extract",Overuse with other drying actives,0,4.5-5.5,Yes,No,Premium ($$$)
Sulfur,Acne Treatment,Moisturizer/Cream,"Antimicrobial, keratolytic","Dries out blemishes, reduces oil","Nickel-sized amount, applied as final hydrating step",Night,1x daily at night,N/A,Yes,Strong smell; can be drying,"Oily, Acne-prone",Niacinamide,Strong acids/retinoids together,0,4.0-6.0,Consult doctor,Yes,Mid-Range ($$)
Bamboo Powder,Physical Exfoliant (Botanical),Toner/Essence,Fine botanical exfoliating powder,"Buffs texture, smooths rough patches","Pat into skin after cleansing, before serum",Night,1x daily at night,N/A,Yes,Use gentle pressure to avoid micro-tears,"Normal, Combination, Oily","Niacinamide, Clay",Overuse with chemical exfoliants,0,N/A,Yes,No,Budget ($)
Saccharomyces Ferment Filtrate,Fermented/Biotech Ingredient,Moisturizer/Cream,Yeast-fermentation extract rich in vitamins and minerals,"Brightens, hydrates, supports resilience","Nickel-sized amount, applied as final hydrating step",Both,Daily,N/A,Yes,Minimal restrictions,"All skin types, Dull skin","Niacinamide, Hyaluronic Acid",None significant,0,5.0-6.5,Yes,No,Budget ($)
Growth Factor Serum (Plant-derived),Regenerative/Biotech,Serum,Signals skin repair and renewal pathways,"Anti-aging, supports skin regeneration","1-2 drops, pressed into skin before heavier products",Night,1x daily at night,2%,Yes,Emerging ingredient; limited long-term safety data,"Mature, Normal","Peptides, Hyaluronic Acid",Strong acids same time,0,5.0-7.0,Consult doctor,Yes,Premium ($$$)
Elderberry Extract,Antioxidant Botanical,Moisturizer/Cream,Anthocyanin-rich antioxidant fruit extract,"Protects against free radicals, brightens","Nickel-sized amount, applied as final hydrating step",Both,Daily,N/A,Yes,Minimal restrictions,"All skin types, Dull skin","Vitamin C, Niacinamide",None significant,0,5.0-6.0,Yes,No,Mid-Range ($$)
Diosmin,Circulation-support/Antioxidant,Cleanser,Citrus-derived flavonoid supporting microcirculation,"Reduces redness, supports skin resilience","Massage onto damp skin for 30-60 seconds, rinse",Both,Daily,N/A,Yes,Minimal restrictions,"Rosacea-prone, Sensitive","Niacinamide, Centella Asiatica",None significant,0,5.0-6.0,Consult doctor,No,Premium ($$$)
Cocamidopropyl Betaine,Mild Cleansing Surfactant,Spot Treatment,Coconut-derived foam-boosting gentle surfactant,"Cleanses with light foam, gentle on skin",Dab a small amount directly onto targeted area,Both,Daily,N/A,Yes,Rare contact-allergy reports; patch test if sensitive,"All skin types, Sensitive","Decyl Glucoside, Glycerin",None significant,0,5.0-6.5,Yes,Yes,Mid-Range ($$)
Volcanic Ash,Purifying Mineral,Serum,Mineral-rich absorbent for oil and impurities,"Deep cleans, minimizes pore appearance","1-2 drops, pressed into skin before heavier products",Night,1x daily at night,N/A,Yes,Can be drying with overuse,"Oily, Acne-prone","Charcoal, Kaolin Clay",Overuse with other drying actives,0,N/A,Yes,No,Premium ($$$)
Ceramide AP,Barrier Lipid (Specific Ceramide),Spot Treatment,Key ceramide subtype for barrier structure,"Restores barrier, reduces sensitivity",Dab a small amount directly onto targeted area,Both,Daily,N/A,Yes,Minimal restrictions,"Dry, Sensitive, Mature","Ceramide NP, Cholesterol",None significant,1,N/A,Yes,No,Budget ($)
Calendula Extract,Soothing/Healing Botanical,Spot Treatment,"Anti-inflammatory, wound-healing properties","Soothes irritation, supports healing",Dab a small amount directly onto targeted area,Both,Daily,N/A,Yes,Ragweed-allergy sufferers should patch test,"Sensitive, Dry, Post-procedure","Panthenol, Centella Asiatica",None significant,0,5.0-6.5,Yes,Yes,Budget ($)
Spirulina Extract,Marine Antioxidant/Detox Botanical,Facial Oil,Nutrient-dense algae antioxidant,"Detoxifies, brightens, nourishes","2-3 drops, pressed on as the last step to seal in moisture",Both,Daily,N/A,Yes,Minimal restrictions,"All skin types, Dull skin","Niacinamide, Vitamin C",None significant,0,5.0-6.5,Yes,No,Budget ($)
Cyclopentasiloxane,Texture Agent (Volatile Silicone),Facial Oil,Lightweight silicone providing silky glide,"Improves spreadability, silky finish","2-3 drops, pressed on as the last step to seal in moisture",Both,Daily,N/A,Yes,Minimal restrictions,All skin types,"Dimethicone, Moisturizers",None significant,0,N/A,Yes,No,Budget ($)
Ceramide NP,Barrier Lipid (Specific Ceramide),Face Mask,Key structural lipid for barrier repair,"Restores barrier, reduces moisture loss","Apply for 10-15 minutes, 1-3x per week, then rinse or wipe off",Both,Daily,N/A,Yes,Minimal restrictions,"Dry, Sensitive, Mature","Cholesterol, Fatty Acids",None significant,1,N/A,Yes,No,Mid-Range ($$)
Rice Bran Extract,Antioxidant/Brightening Botanical,Cleanser,Rich in ferulic acid and vitamin E,"Brightens tone, softens texture","Massage onto damp skin for 30-60 seconds, rinse",Both,Daily,N/A,Yes,Minimal restrictions,"All skin types, Dull skin","Vitamin C, Niacinamide",None significant,0,5.0-6.5,Yes,No,Mid-Range ($$)
Broccoli Seed Oil,Facial Oil (Botanical),Face Mask,"Silicone-like glide, non-comedogenic plant oil",Softens and adds shine without heaviness,"Apply for 10-15 minutes, 1-3x per week, then rinse or wipe off",Both,Daily,N/A,Yes,Minimal restrictions,"All skin types, Oily","Squalane, Niacinamide",None significant,1,N/A,Yes,No,Premium ($$$)
Cupuacu Butter,Emollient (Butter),Face Mask,High water-absorption Amazonian butter,Deeply hydrates without greasy feel,"Apply for 10-15 minutes, 1-3x per week, then rinse or wipe off",Both,Daily,N/A,Yes,Minimal restrictions,"Dry, Normal","Shea Butter, Squalane",None significant,2,N/A,Yes,No,Mid-Range ($$)
Arginine,Humectant/Amino Acid,Moisturizer/Cream,Amino acid component of natural moisturizing factor,Hydrates and supports skin conditioning,"Nickel-sized amount, applied as final hydrating step",Both,Daily,N/A,Yes,Minimal restrictions,"All skin types, Dry","Hyaluronic Acid, Panthenol",None significant,0,N/A,Yes,No,Budget ($)
Coconut Water Extract,Hydrating Botanical,Moisturizer/Cream,Electrolyte-rich lightweight hydrator,Refreshes and lightly hydrates,"Nickel-sized amount, applied as final hydrating step",Both,Daily,N/A,Yes,Minimal restrictions,"All skin types, Dry","Hyaluronic Acid, Glycerin",None significant,0,5.0-6.0,Yes,No,Mid-Range ($$)
Bakuchi Seed Extract,Botanical (Bakuchiol source),Toner/Essence,"Source plant of bakuchiol, mild anti-aging",Supports gentle renewal,"Pat into skin after cleansing, before serum",Night,1x daily at night,N/A,Yes,Patch test for sensitivity,"All skin types, Sensitive","Niacinamide, Peptides",None significant,1,5.0-6.5,Consult doctor,No,Premium ($$$)
Rice Bran Oil,Facial Oil (Botanical),Face Mask,Gamma-oryzanol rich antioxidant oil,Brightens and softens texture,"Apply for 10-15 minutes, 1-3x per week, then rinse or wipe off",Both,Daily,N/A,Yes,Minimal restrictions,"All skin types, Dull skin","Vitamin C, Niacinamide",None significant,1,N/A,Yes,No,Budget ($)
Alpine Rose Extract,Antioxidant/Adaptogen Botanical (Alpine),Cleanser,High-altitude plant extract supporting cellular resilience,Protects and revitalizes stressed skin,"Massage onto damp skin for 30-60 seconds, rinse",Both,Daily,N/A,Yes,Minimal restrictions,"All skin types, Mature","Niacinamide, Vitamin C",None significant,0,5.0-6.0,Consult doctor,No,Premium ($$$)
Marula Oil,Facial Oil (Botanical),Spot Treatment,Antioxidant-rich lightweight oil,Hydrates and softens without greasiness,Dab a small amount directly onto targeted area,Both,Daily,N/A,Yes,Minimal restrictions,"Dry, Normal, Combination","Squalane, Hyaluronic Acid",None significant,1,N/A,Yes,No,Mid-Range ($$)
Apricot Kernel Oil,Facial Oil (Botanical),Serum,"Lightweight, vitamin-rich emollient oil",Softens and conditions sensitive skin,"1-2 drops, pressed into skin before heavier products",Both,Daily,N/A,Yes,Minimal restrictions,"Sensitive, Dry, Normal","Squalane, Chamomile",None significant,2,N/A,Yes,No,Mid-Range ($$)
Rosehip Oil,Facial Oil (Botanical),Moisturizer/Cream,"Vitamin A and C rich, regenerative","Fades scars, brightens, anti-aging","Nickel-sized amount, applied as final hydrating step",Night,1x daily at night,N/A,Yes,Can oxidize quickly; store in dark bottle,"Dry, Mature, Normal","Vitamin C, Squalane",Strong retinoids same time,2,N/A,Consult doctor,No,Mid-Range ($$)
Apricot Kernel Oil,Facial Oil (Botanical),Spot Treatment,"Lightweight, vitamin-rich emollient oil",Softens and conditions sensitive skin,Dab a small amount directly onto targeted area,Both,Daily,N/A,Yes,Minimal restrictions,"Sensitive, Dry, Normal","Squalane, Chamomile",None significant,2,N/A,Yes,No,Premium ($$$)
Caviar Extract,Luxury Firming Ingredient (Marine-derived),Moisturizer/Cream,Nutrient-rich marine extract marketed for firming,Improves the look of firmness and radiance,"Nickel-sized amount, applied as final hydrating step",Both,Daily,N/A,Yes,Patch test for fish-derived allergy,"Mature, Normal","Peptides, Marine Collagen",None significant,0,5.0-7.0,Consult doctor,Yes,Mid-Range ($$)
Meadowfoam Seed Oil,Facial Oil (Botanical),Face Mask,"Highly stable, non-greasy emollient oil","Locks in moisture, adds softness","Apply for 10-15 minutes, 1-3x per week, then rinse or wipe off",Both,Daily,N/A,Yes,Minimal restrictions,"All skin types, Dry","Squalane, Hyaluronic Acid",None significant,1,N/A,Yes,No,Premium ($$$)
Soy Isoflavones,Phytoestrogen/Brightening Agent,Cleanser,Plant compound supporting collagen and tone-evening,Brightens and supports firmness,"Massage onto damp skin for 30-60 seconds, rinse",Both,Daily,N/A,Yes,Minimal restrictions,"Mature, Hyperpigmentation-prone","Niacinamide, Vitamin C",None significant,0,5.0-6.5,Consult doctor,No,Budget ($)
Goji Berry Extract,Antioxidant Botanical,Spot Treatment,Nutrient-dense antioxidant fruit extract,Brightens and supports skin resilience,Dab a small amount directly onto targeted area,Both,Daily,N/A,Yes,Minimal restrictions,"All skin types, Dull skin","Vitamin C, Niacinamide",None significant,0,5.0-6.0,Yes,No,Budget ($)
Hibiscus Extract,Antioxidant/Firming Botanical,Facial Oil,"Natural AHA-adjacent antioxidant, mild firming effect",Brightens and softly firms skin,"2-3 drops, pressed on as the last step to seal in moisture",Both,Daily,N/A,Yes,Minimal restrictions,"Normal, Mature, Dull skin","Vitamin C, Niacinamide",None significant,0,4.5-6.0,Yes,No,Budget ($)
Granactive Retinoid,Retinoid (Next-gen Ester Blend),Facial Oil,Modern retinoid ester with reduced irritation profile,"Smooths texture, fades fine lines gently","2-3 drops, pressed on as the last step to seal in moisture",Night,1x daily at night,N/A,Yes,Avoid in pregnancy,"Sensitive, Normal, Beginner retinoid users","Niacinamide, Hyaluronic Acid",Strong acids same time,1,5.5-6.5,No,No,Premium ($$$)
Cocamidopropyl Betaine,Mild Cleansing Surfactant,Moisturizer/Cream,Coconut-derived foam-boosting gentle surfactant,"Cleanses with light foam, gentle on skin","Nickel-sized amount, applied as final hydrating step",Both,Daily,N/A,Yes,Rare contact-allergy reports; patch test if sensitive,"All skin types, Sensitive","Decyl Glucoside, Glycerin",None significant,0,5.0-6.5,Yes,Yes,Premium ($$$)
Xylitylglucoside,Humectant (Sugar-derived),Cleanser,Biomimetic sugar humectant supporting NMF,Hydrates and reinforces natural moisture factors,"Massage onto damp skin for 30-60 seconds, rinse",Both,Daily,N/A,Yes,Minimal restrictions,"All skin types, Dry","Hyaluronic Acid, Glycerin",None significant,0,N/A,Yes,No,Premium ($$$)
Mango Butter,Emollient (Butter),Cleanser,"Lightweight plant butter, high in fatty acids",Softens and conditions dry skin,"Massage onto damp skin for 30-60 seconds, rinse",Both,Daily,N/A,Yes,Minimal restrictions,"Dry, Normal","Shea Butter, Squalane",None significant,2,N/A,Yes,No,Mid-Range ($$)
Upcycled Grape Seed Extract,Antioxidant (Upcycled/Sustainable),Face Mask,Polyphenol-rich byproduct antioxidant,"Protects against free radicals, firms skin","Apply for 10-15 minutes, 1-3x per week, then rinse or wipe off",Both,Daily,N/A,Yes,Minimal restrictions,"All skin types, Mature","Vitamin C, Vitamin E",None significant,0,5.0-6.5,Yes,No,Budget ($)
Hydroxypinacolone Retinoate (HPR),Retinoid (Retinoic Acid Ester),Cleanser,Binds retinoid receptors directly without conversion/irritation lag,Anti-aging with less irritation than retinol,"Massage onto damp skin for 30-60 seconds, rinse",Night,1x daily at night,N/A,Yes,Avoid in pregnancy,"Normal, Sensitive, Mature","Niacinamide, Peptides",Strong AHA/BHA same session,1,5.5-6.5,No,No,Mid-Range ($$)
Urea,Barrier/Keratolytic Humectant,Facial Oil,Hydrates and gently breaks down excess keratin,"Softens rough, dry, or thickened skin","2-3 drops, pressed on as the last step to seal in moisture",Both,Daily,N/A,Yes,Can sting on broken skin at high concentration,"Dry, Very Dry, Keratosis Pilaris-prone","Ceramides, Glycerin",None significant,0,4.0-6.0,Yes,No,Budget ($)
Prebiotics (Inulin/Alpha-glucan),Microbiome Support,Spot Treatment,Feeds beneficial skin bacteria,Supports microbiome balance and barrier,Dab a small amount directly onto targeted area,Both,Daily,N/A,Yes,Minimal restrictions,"All skin types, Sensitive","Postbiotics, Ceramides",None significant,0,5.0-6.5,Yes,No,Mid-Range ($$)
Coenzyme Q10 (Ubiquinone),Antioxidant,Serum,"Supports cellular energy, reduces oxidative stress","Firms skin, reduces fine lines","1-2 drops, pressed into skin before heavier products",Both,Daily,1%,Yes,Minimal restrictions,"Mature, Normal","Vitamin E, Peptides",None significant,1,N/A,Yes,No,Budget ($)
Marine Elastin,Firming Ingredient (Marine-derived),Facial Oil,"Supports the look of skin elasticity, marine-sourced",Improves appearance of firmness and bounce,"2-3 drops, pressed on as the last step to seal in moisture",Both,Daily,N/A,Yes,Patch test for fish-derived allergy,"Mature, Normal","Marine Collagen, Peptides",None significant,0,5.0-7.0,Consult doctor,Yes,Budget ($)
Mandelic Acid,AHA (Alpha Hydroxy Acid),Cleanser,"Large molecule, slow gentle exfoliation","Good for sensitive/acne-prone skin, evens tone","Massage onto damp skin for 30-60 seconds, rinse",Night,2-3x per week,8%,Yes,Avoid on open acne lesions,"Sensitive, Acne-prone","Niacinamide, Azelaic Acid","Strong retinoids, other acids",1,3.5-4.5,Consult doctor,Yes,Premium ($$$)
Illipe Butter,Emollient (Butter),Spot Treatment,"Firm, shea-like conditioning butter",Deeply moisturizes and protects,Dab a small amount directly onto targeted area,Both,Daily,N/A,Yes,Minimal restrictions,"Dry, Very Dry, Mature","Shea Butter, Squalane",None significant,2,N/A,Yes,No,Premium ($$$)
Hydroxypinacolone Retinoate (HPR),Retinoid (Retinoic Acid Ester),Moisturizer/Cream,Binds retinoid receptors directly without conversion/irritation lag,Anti-aging with less irritation than retinol,"Nickel-sized amount, applied as final hydrating step",Night,1x daily at night,N/A,Yes,Avoid in pregnancy,"Normal, Sensitive, Mature","Niacinamide, Peptides",Strong AHA/BHA same session,1,5.5-6.5,No,No,Budget ($)
Trehalose,Humectant/Stress Protectant,Facial Oil,"Sugar-based humectant, protects cells from dehydration",Hydrates and protects against environmental stress,"2-3 drops, pressed on as the last step to seal in moisture",Both,Daily,N/A,Yes,Minimal restrictions,"All skin types, Sensitive","Beta-Glucan, Ceramides",None significant,0,N/A,Yes,No,Mid-Range ($$)
Ferulic Acid,Antioxidant Booster,Toner/Essence,Stabilizes and boosts Vitamin C/E efficacy,"Enhanced antioxidant protection, anti-aging","Pat into skin after cleansing, before serum",Morning,Daily,1%,Yes,Rarely irritating alone,All skin types,"Vitamin C, Vitamin E",None significant,0,3.0-4.0,Yes,No,Mid-Range ($$)
Ceramides,Barrier Lipid,Moisturizer/Cream,Restores and reinforces skin barrier lipids,"Locks in moisture, reduces sensitivity","Nickel-sized amount, applied as final hydrating step",Both,Daily,N/A,Yes,Minimal restrictions,"Dry, Sensitive, Mature, All","Hyaluronic Acid, Cholesterol, Fatty Acids",None significant,1,N/A,Yes,No,Premium ($$$)
Trifarotene,"Retinoid (Prescription, 4th-gen)",Moisturizer/Cream,Highly selective RAR-gamma receptor agonist,"Treats acne and photoaging, prescription strength","Nickel-sized amount, applied as final hydrating step",Night,1x daily at night,N/A,Yes,Avoid in pregnancy; prescription supervision required,"Acne-prone, Normal","Moisturizers, Ceramides","AHA/BHA, Benzoyl Peroxide together",1,5.0-6.0,No,Yes,Budget ($)
Bakuchi Seed Extract,Botanical (Bakuchiol source),Facial Oil,"Source plant of bakuchiol, mild anti-aging",Supports gentle renewal,"2-3 drops, pressed on as the last step to seal in moisture",Night,1x daily at night,N/A,Yes,Patch test for sensitivity,"All skin types, Sensitive","Niacinamide, Peptides",None significant,1,5.0-6.5,Consult doctor,No,Premium ($$$)
Tranexamic Acid,Brightening Agent,Spot Treatment,Inhibits melanin transfer pathway,Fades melasma and stubborn dark spots,Dab a small amount directly onto targeted area,Both,Daily,5%,Yes,Consult doctor if on blood thinners,"Hyperpigmentation-prone, All skin types","Niacinamide, Vitamin C",None significant,0,5.0-6.5,Consult doctor,No,Budget ($)
Xylitylglucoside,Humectant (Sugar-derived),Toner/Essence,Biomimetic sugar humectant supporting NMF,Hydrates and reinforces natural moisture factors,"Pat into skin after cleansing, before serum",Both,Daily,N/A,Yes,Minimal restrictions,"All skin types, Dry","Hyaluronic Acid, Glycerin",None significant,0,N/A,Yes,No,Mid-Range ($$)
Decyl Glucoside,Mild Cleansing Surfactant,Serum,Ultra-gentle plant-derived surfactant,"Cleanses gently, preserves moisture barrier","1-2 drops, pressed into skin before heavier products",Both,Daily,N/A,Yes,Minimal restrictions,"Sensitive, Dry, All skin types","Ceramides, Panthenol",None significant,0,5.0-6.5,Yes,No,Budget ($)
Ascorbyl Palmitate,Vitamin C Derivative (Fat-soluble),Moisturizer/Cream,"Fat-soluble, stable Vitamin C ester",Gentle brightening and antioxidant protection,"Nickel-sized amount, applied as final hydrating step",Both,Daily,N/A,Yes,Minimal restrictions,"Dry, Normal","Vitamin E, Ferulic Acid",Strong acids same time,2,5.5-7.0,Yes,No,Premium ($$$)
Sal Butter,Emollient (Butter),Facial Oil,"Firm, shea-like conditioning plant butter",Moisturizes and softens rough skin,"2-3 drops, pressed on as the last step to seal in moisture",Both,Daily,N/A,Yes,Minimal restrictions,"Dry, Very Dry","Shea Butter, Squalane",None significant,2,N/A,Yes,No,Mid-Range ($$)
Xylitylglucoside,Humectant (Sugar-derived),Facial Oil,Biomimetic sugar humectant supporting NMF,Hydrates and reinforces natural moisture factors,"2-3 drops, pressed on as the last step to seal in moisture",Both,Daily,N/A,Yes,Minimal restrictions,"All skin types, Dry","Hyaluronic Acid, Glycerin",None significant,0,N/A,Yes,No,Mid-Range ($$)
Saffron Extract,Brightening Botanical (Ayurvedic),Facial Oil,Traditional radiance-boosting extract,"Brightens complexion, evens tone","2-3 drops, pressed on as the last step to seal in moisture",Both,Daily,N/A,Yes,Minimal restrictions,"Dull skin, All skin types","Niacinamide, Vitamin C",None significant,0,5.0-6.0,Consult doctor,No,Mid-Range ($$)
Peptide Complex (Matrixyl-type),Peptide,Cleanser,Signals collagen and elastin production,"Firms skin, reduces wrinkle depth","Massage onto damp skin for 30-60 seconds, rinse",Night,1x daily at night,2%,Yes,Minimal restrictions,"Mature, Normal, All skin types","Hyaluronic Acid, Niacinamide",Strong acids same time,0,5.0-7.0,Consult doctor,No,Mid-Range ($$)
Manuka Honey Extract,Humectant/Antibacterial (Botanical),Moisturizer/Cream,Natural humectant with antibacterial properties,Hydrates and supports acne-prone skin,"Nickel-sized amount, applied as final hydrating step",Both,Daily,N/A,Yes,Minimal restrictions; patch test for bee-product allergy,"Acne-prone, Dry, Sensitive","Niacinamide, Panthenol",None significant,1,N/A,Yes,Yes,Premium ($$$)
Ashwagandha Extract,Adaptogen Botanical,Cleanser,Adaptogenic extract supporting skin barrier resilience,Calms stress-related dullness and sensitivity,"Massage onto damp skin for 30-60 seconds, rinse",Both,Daily,N/A,Yes,Minimal restrictions,"Sensitive, Dull skin","Centella Asiatica, Niacinamide",None significant,0,5.0-6.0,Consult doctor,No,Budget ($)
Sage Extract,Astringent/Antioxidant Botanical,Toner/Essence,Mild astringent with antioxidant properties,"Balances oil, soothes minor irritation","Pat into skin after cleansing, before serum",Both,Daily,N/A,Yes,Patch test for essential-oil sensitivity,"Oily, Combination","Witch Hazel, Green Tea Extract",None significant,0,5.0-6.0,Consult doctor,Yes,Mid-Range ($$)
N-Acetyl Glucosamine,Brightening Agent (Amino Sugar),Face Mask,Works synergistically with niacinamide to reduce pigment,"Evens tone, supports barrier hydration","Apply for 10-15 minutes, 1-3x per week, then rinse or wipe off",Both,Daily,N/A,Yes,Minimal restrictions,"Hyperpigmentation-prone, All skin types",Niacinamide,None significant,0,5.0-6.5,Yes,No,Premium ($$$)
Sunflower Seed Oil,Facial Oil (Botanical),Spot Treatment,Linoleic-acid rich lightweight oil,Supports barrier without heaviness,Dab a small amount directly onto targeted area,Both,Daily,N/A,Yes,Minimal restrictions,"Normal, Combination, Acne-prone","Niacinamide, Squalane",None significant,1,N/A,Yes,No,Premium ($$$)
Ceramide NP,Barrier Lipid (Specific Ceramide),Facial Oil,Key structural lipid for barrier repair,"Restores barrier, reduces moisture loss","2-3 drops, pressed on as the last step to seal in moisture",Both,Daily,N/A,Yes,Minimal restrictions,"Dry, Sensitive, Mature","Cholesterol, Fatty Acids",None significant,1,N/A,Yes,No,Premium ($$$)
Caffeine,Antioxidant/De-puffing,Cleanser,"Vasoconstrictor, antioxidant properties","Reduces puffiness, brightens under-eyes","Massage onto damp skin for 30-60 seconds, rinse",Morning,Daily,N/A,Yes,Minimal restrictions,"All skin types, Under-eye area","Vitamin C, Niacinamide",None significant,0,5.0-7.0,Consult doctor,No,Premium ($$$)
Diamond Powder,Physical Exfoliant/Luxury Additive,Facial Oil,Micro-exfoliation and light reflection,"Polishes texture, adds radiance","2-3 drops, pressed on as the last step to seal in moisture",Night,1x daily at night,N/A,Yes,Use gently to avoid micro-tears,"Normal, Combination","Peptides, Hyaluronic Acid",Overuse with other exfoliants,1,N/A,Yes,No,Mid-Range ($$)
Red Algae Extract,Marine Antioxidant/Hydrator,Facial Oil,Mineral and polysaccharide-rich marine extract,"Hydrates, firms, protects from environmental stress","2-3 drops, pressed on as the last step to seal in moisture",Both,Daily,N/A,Yes,Minimal restrictions,"Dry, Normal, Dull skin","Hyaluronic Acid, Niacinamide",None significant,0,5.0-6.5,Yes,No,Budget ($)
Azelaic Acid,Multi-functional Acid,Face Mask,"Anti-inflammatory, tyrosinase inhibitor","Treats acne, rosacea redness, hyperpigmentation","Apply for 10-15 minutes, 1-3x per week, then rinse or wipe off",Both,1-2x daily,20%,Yes,Mild tingling common initially; discontinue if severe irritation,"Acne-prone, Rosacea, Sensitive","Niacinamide, Retinoids (alternate nights)",Very strong acids at same time,0,4.0-5.0,Yes,No,Budget ($)
Matrixyl Synthe'6,Peptide Complex (Next-gen),Serum,Advanced peptide blend for six visible aging signs,"Firms, smooths, evens tone and texture","1-2 drops, pressed into skin before heavier products",Night,1x daily at night,N/A,Yes,Minimal restrictions,"Mature, Normal","Hyaluronic Acid, Niacinamide",Strong acids same time,0,5.0-7.0,Consult doctor,No,Mid-Range ($$)
Inulin,Prebiotic Humectant,Cleanser,Plant-derived prebiotic fiber and humectant,Hydrates while feeding beneficial skin bacteria,"Massage onto damp skin for 30-60 seconds, rinse",Both,Daily,N/A,Yes,Minimal restrictions,"All skin types, Sensitive","Postbiotics, Ceramides",None significant,0,5.0-6.5,Yes,No,Budget ($)
Coconut Water Extract,Hydrating Botanical,Facial Oil,Electrolyte-rich lightweight hydrator,Refreshes and lightly hydrates,"2-3 drops, pressed on as the last step to seal in moisture",Both,Daily,N/A,Yes,Minimal restrictions,"All skin types, Dry","Hyaluronic Acid, Glycerin",None significant,0,5.0-6.0,Yes,No,Premium ($$$)
Homosalate,UV Filter (Chemical),Serum,Absorbs UVB radiation,Sun protection component in broad-spectrum SPF,"1-2 drops, pressed into skin before heavier products",Morning,Daily,N/A,N/A (is the sunscreen),Reapply every 2 hours in sun exposure,"Normal, Oily, Combination",Antioxidants under sunscreen,None significant,2,N/A,Consult doctor,No,Premium ($$$)
Sweet Almond Oil,Facial Oil (Botanical),Toner/Essence,Classic emollient oil rich in fatty acids,Softens and soothes dry or sensitive skin,"Pat into skin after cleansing, before serum",Both,Daily,N/A,Yes,Nut allergy caution,"Dry, Sensitive, Normal","Squalane, Vitamin E",None significant,2,N/A,Consult doctor,Yes,Premium ($$$)
Cholesterol,Barrier Lipid,Moisturizer/Cream,Works with ceramides/fatty acids to rebuild barrier,Repairs compromised skin barrier,"Nickel-sized amount, applied as final hydrating step",Both,Daily,N/A,Yes,Minimal restrictions,"Dry, Sensitive","Ceramides, Fatty Acids",None significant,1,N/A,Yes,No,Mid-Range ($$)
Malic Acid,AHA (Alpha Hydroxy Acid),Spot Treatment,Apple-derived gentle exfoliant,"Smooths texture, brightens dull skin",Dab a small amount directly onto targeted area,Night,2-3x per week,8%,Yes,Avoid on broken/sunburned skin,"Sensitive, Normal","Niacinamide, Hyaluronic Acid","Retinoids, other acids together",1,3.0-4.0,Consult doctor,Yes,Mid-Range ($$)
Schisandra Berry Extract,Adaptogen/Antioxidant Botanical,Serum,Adaptogenic antioxidant supporting skin resilience,Protects against stress-induced aging,"1-2 drops, pressed into skin before heavier products",Both,Daily,N/A,Yes,Minimal restrictions,"Mature, Normal","Niacinamide, Vitamin C",None significant,0,5.0-6.0,Consult doctor,No,Budget ($)
Rhassoul Clay,Purifying Mineral Clay,Spot Treatment,Gentle mineral-rich Moroccan clay,"Cleanses without stripping, softens skin",Dab a small amount directly onto targeted area,Night,1x daily at night,N/A,Yes,Minimal restrictions,"Normal, Combination, Dry","Aloe Vera, Squalane",None significant,0,N/A,Yes,No,Budget ($)
Calendula Extract,Soothing/Healing Botanical,Cleanser,"Anti-inflammatory, wound-healing properties","Soothes irritation, supports healing","Massage onto damp skin for 30-60 seconds, rinse",Both,Daily,N/A,Yes,Ragweed-allergy sufferers should patch test,"Sensitive, Dry, Post-procedure","Panthenol, Centella Asiatica",None significant,0,5.0-6.5,Yes,Yes,Premium ($$$)
Oat Extract (Colloidal Oatmeal),Soothing/Barrier Support,Spot Treatment,"Anti-inflammatory, barrier-protective",Relieves itching and irritation,Dab a small amount directly onto targeted area,Both,Daily,N/A,Yes,Minimal restrictions,"Sensitive, Eczema-prone","Ceramides, Panthenol",None significant,0,N/A,Yes,No,Premium ($$$)
Ectoin,Barrier/Stress Protection,Face Mask,Extremolyte that protects cells from environmental stress,"Protects against pollution and UV stress, hydrates","Apply for 10-15 minutes, 1-3x per week, then rinse or wipe off",Both,Daily,N/A,Yes,Minimal restrictions,"Sensitive, All skin types","Ceramides, Hyaluronic Acid",None significant,0,5.0-7.0,Yes,No,Mid-Range ($$)
SNAP-8,Peptide (Neurotransmitter-inhibiting),Face Mask,Extended-action muscle-contraction relaxing peptide,"Softens expression lines, especially forehead","Apply for 10-15 minutes, 1-3x per week, then rinse or wipe off",Night,1x daily at night,N/A,Yes,Minimal restrictions,"Mature, Normal","Acetyl Hexapeptide-8, Hyaluronic Acid",None significant,0,5.0-7.0,Consult doctor,No,Budget ($)
Passionfruit Seed Oil,Facial Oil (Botanical),Serum,Linoleic-acid rich lightweight oil,"Softens without heaviness, supports barrier","1-2 drops, pressed into skin before heavier products",Both,Daily,N/A,Yes,Minimal restrictions,"Normal, Combination, Dry","Squalane, Niacinamide",None significant,1,N/A,Yes,No,Premium ($$$)
Encapsulated Retinol,Retinoid (Time-release),Toner/Essence,Time-released retinol for reduced surface irritation,"Anti-aging with slower, steadier release","Pat into skin after cleansing, before serum",Night,1x daily at night,N/A,Yes,Avoid in pregnancy,"Sensitive, Normal, Mature","Niacinamide, Ceramides",Strong acids same time,1,5.5-6.5,No,Yes,Premium ($$$)
Broccoli Seed Oil,Facial Oil (Botanical),Cleanser,"Silicone-like glide, non-comedogenic plant oil",Softens and adds shine without heaviness,"Massage onto damp skin for 30-60 seconds, rinse",Both,Daily,N/A,Yes,Minimal restrictions,"All skin types, Oily","Squalane, Niacinamide",None significant,1,N/A,Yes,No,Mid-Range ($$)
Lactobionic Acid,PHA,Facial Oil,Gentle exfoliating and antioxidant humectant,Hydrates while smoothing texture,"2-3 drops, pressed on as the last step to seal in moisture",Both,"Daily, well tolerated",4%,Yes,Minimal restrictions,"Sensitive, Dry, Mature","Hyaluronic Acid, Ceramides",Strong acids layered heavily,1,3.5-4.5,Consult doctor,No,Mid-Range ($$)
Titanium Dioxide,UV Filter (Mineral),Face Mask,Physical UV blocker,"Broad-spectrum sun protection, gentle","Apply for 10-15 minutes, 1-3x per week, then rinse or wipe off",Morning,Daily,N/A,N/A (is the sunscreen),Reapply every 2 hours in sun exposure,"Sensitive, All skin types","Zinc Oxide, Antioxidants",None significant,0,N/A,Yes,No,Premium ($$$)
Lactobacillus Ferment,Probiotic/Fermented Ingredient,Facial Oil,Fermentation-derived skin-conditioning agent,"Supports microbiome balance, softens skin","2-3 drops, pressed on as the last step to seal in moisture",Both,Daily,N/A,Yes,Minimal restrictions,"Sensitive, All skin types","Postbiotics, Ceramides",None significant,0,5.0-6.0,Yes,No,Budget ($)
Green Tea Extract (EGCG),Antioxidant (Plant-derived),Serum,"Polyphenol antioxidant, anti-inflammatory","Calms redness, protects against UV-induced damage","1-2 drops, pressed into skin before heavier products",Both,Daily,N/A,Yes,Minimal restrictions,"Sensitive, Oily, All skin types","Niacinamide, Centella Asiatica",None significant,0,5.0-6.0,Yes,No,Mid-Range ($$)
Sandalwood Extract,Soothing/Brightening Botanical (Ayurvedic),Serum,Traditional calming and brightening extract,"Soothes irritation, evens tone","1-2 drops, pressed into skin before heavier products",Both,Daily,N/A,Yes,Fragrance sensitivity possible; patch test,"Sensitive, Dull skin","Niacinamide, Licorice Extract",None significant,0,5.0-6.0,Consult doctor,Yes,Budget ($)
Cordyceps Extract,Adaptogen/Antioxidant (Mushroom),Cleanser,Adaptogenic extract supporting cellular vitality,Revitalizes dull or fatigued-looking skin,"Massage onto damp skin for 30-60 seconds, rinse",Both,Daily,N/A,Yes,Minimal restrictions,"Dull skin, Mature","Niacinamide, Vitamin C",None significant,0,5.0-6.0,Consult doctor,No,Mid-Range ($$)
Ascorbyl Glucoside,Vitamin C Derivative,Toner/Essence,Slow-release stable Vitamin C,"Gradual brightening, antioxidant","Pat into skin after cleansing, before serum",Both,Daily,10%,Yes,"Mild formulation, low irritation risk",All skin types,"Niacinamide, Peptides",Strong acids,0,5.5-7.0,Yes,No,Premium ($$$)
Sodium PCA,Humectant (Natural Moisturizing Factor),Cleanser,Naturally occurring skin humectant,Hydrates and supports moisture retention,"Massage onto damp skin for 30-60 seconds, rinse",Both,Daily,N/A,Yes,Minimal restrictions,"All skin types, Dry","Hyaluronic Acid, Glycerin",None significant,0,N/A,Yes,No,Premium ($$$)
Allantoin,Soothing Agent,Spot Treatment,"Calms and softens skin, promotes healing","Reduces irritation, supports barrier repair",Dab a small amount directly onto targeted area,Both,Daily,N/A,Yes,Very low irritation risk,"Sensitive, Dry, All skin types","Panthenol, Ceramides",None significant,0,N/A,Yes,No,Budget ($)
Rose Water,Hydrating/Soothing Botanical,Spot Treatment,"Mild floral hydrosol, gently toning","Refreshes, soothes, lightly hydrates",Dab a small amount directly onto targeted area,Both,Daily,N/A,Yes,Fragrance allergy risk for very sensitive skin,"All skin types, Sensitive","Aloe Vera, Glycerin",None significant,0,5.0-5.8,Yes,No,Mid-Range ($$)
Papaya Enzyme (Papain),Enzyme Exfoliant,Moisturizer/Cream,Breaks down dead skin cell proteins gently,"Brightens, smooths without physical scrubbing","Nickel-sized amount, applied as final hydrating step",Night,1x daily at night,N/A,Yes,Avoid on broken skin,"Sensitive, Normal, Dull skin","Vitamin C, Hyaluronic Acid",Strong acids/retinoids same time,1,4.0-6.0,Consult doctor,No,Budget ($)
Chrysanthemum Extract,Soothing/Antioxidant Botanical,Cleanser,Calming floral extract with antioxidant properties,"Calms redness, adds antioxidant protection","Massage onto damp skin for 30-60 seconds, rinse",Both,Daily,N/A,Yes,Fragrance allergy risk for very sensitive skin,"Sensitive, All skin types","Chamomile, Bisabolol",None significant,0,5.0-6.0,Consult doctor,Yes,Mid-Range ($$)
Vitamin B3 Derivative Complex,Brightening/Barrier,Moisturizer/Cream,Combined niacinamide-based brightening blend,Tone evening with barrier support,"Nickel-sized amount, applied as final hydrating step",Both,Daily,N/A,Yes,Minimal restrictions,All skin types,Hyaluronic Acid,High-dose Vitamin C,0,5.0-7.0,Yes,No,Mid-Range ($$)
Linoleic Acid,Fatty Acid (Barrier Support),Moisturizer/Cream,Essential omega-6 fatty acid for barrier lipids,"Supports barrier, reduces congestion in oily skin","Nickel-sized amount, applied as final hydrating step",Both,Daily,N/A,Yes,Minimal restrictions,"Oily, Acne-prone, Combination","Niacinamide, Ceramides",None significant,1,N/A,Yes,No,Premium ($$$)
Vetiver Extract,Soothing/Astringent Botanical (Ayurvedic),Face Mask,"Traditional calming, mildly astringent extract","Soothes, balances oil, calming aroma","Apply for 10-15 minutes, 1-3x per week, then rinse or wipe off",Both,Daily,N/A,Yes,Fragrance sensitivity possible; patch test,"Oily, Sensitive","Witch Hazel, Green Tea Extract",None significant,0,5.0-6.0,Consult doctor,Yes,Premium ($$$)
Propolis Extract,Antibacterial/Antioxidant (Botanical),Face Mask,Bee-derived antioxidant and antimicrobial,"Calms breakouts, supports skin repair","Apply for 10-15 minutes, 1-3x per week, then rinse or wipe off",Both,Daily,N/A,Yes,Patch test for bee-product allergy,"Acne-prone, Sensitive","Centella Asiatica, Niacinamide",None significant,1,N/A,Yes,Yes,Mid-Range ($$)
Phytosterols,Barrier Lipid (Plant-derived),Facial Oil,Plant-based lipid supporting barrier repair,Soothes and repairs compromised barrier,"2-3 drops, pressed on as the last step to seal in moisture",Both,Daily,N/A,Yes,Minimal restrictions,"Sensitive, Dry","Ceramides, Fatty Acids",None significant,1,N/A,Yes,No,Premium ($$$)
Rosehip Oil,Facial Oil (Botanical),Facial Oil,"Vitamin A and C rich, regenerative","Fades scars, brightens, anti-aging","2-3 drops, pressed on as the last step to seal in moisture",Night,1x daily at night,N/A,Yes,Can oxidize quickly; store in dark bottle,"Dry, Mature, Normal","Vitamin C, Squalane",Strong retinoids same time,2,N/A,Consult doctor,No,Mid-Range ($$)
Ceramide AP,Barrier Lipid (Specific Ceramide),Cleanser,Key ceramide subtype for barrier structure,"Restores barrier, reduces sensitivity","Massage onto damp skin for 30-60 seconds, rinse",Both,Daily,N/A,Yes,Minimal restrictions,"Dry, Sensitive, Mature","Ceramide NP, Cholesterol",None significant,1,N/A,Yes,No,Budget ($)
Macadamia Nut Oil,Facial Oil (Botanical),Toner/Essence,"Palmitoleic-acid rich, mimics skin's natural sebum",Deeply nourishes mature or dry skin,"Pat into skin after cleansing, before serum",Night,1x daily at night,N/A,Yes,Tree-nut allergy caution,"Dry, Mature","Squalane, Vitamin E",None significant,2,N/A,Consult doctor,Yes,Premium ($$$)
Palmitoyl Pentapeptide-4,Peptide,Serum,Stimulates collagen synthesis,Improves firmness and elasticity,"1-2 drops, pressed into skin before heavier products",Night,1x daily at night,10%,Yes,Minimal restrictions,Mature,"Niacinamide, Hyaluronic Acid",None significant,0,5.0-7.0,Consult doctor,No,Premium ($$$)
Sea Buckthorn Oil,Facial Oil (Botanical),Serum,Rich in omega fatty acids and carotenoids,"Nourishes, supports barrier, mild brightening","1-2 drops, pressed into skin before heavier products",Night,1x daily at night,N/A,Yes,Can stain fabrics; patch test for sensitivity,"Dry, Mature, Normal","Squalane, Ceramides",None significant,2,N/A,Yes,Yes,Premium ($$$)
Peony Extract,Soothing/Brightening Botanical,Serum,Anti-inflammatory with mild brightening effect,"Calms redness, supports even tone","1-2 drops, pressed into skin before heavier products",Both,Daily,N/A,Yes,Minimal restrictions,"Sensitive, Dull skin","Centella Asiatica, Niacinamide",None significant,0,5.0-6.0,Yes,No,Premium ($$$)
Palmitoyl Pentapeptide-4,Peptide,Moisturizer/Cream,Stimulates collagen synthesis,Improves firmness and elasticity,"Nickel-sized amount, applied as final hydrating step",Night,1x daily at night,10%,Yes,Minimal restrictions,Mature,"Niacinamide, Hyaluronic Acid",None significant,0,5.0-7.0,Consult doctor,No,Mid-Range ($$)
Pentapeptide-18,Peptide (Elastin-supporting),Face Mask,Supports elastin production for firmness,Improves firmness and bounce,"Apply for 10-15 minutes, 1-3x per week, then rinse or wipe off",Night,1x daily at night,N/A,Yes,Minimal restrictions,Mature,"Hyaluronic Acid, Acetyl Hexapeptide-8",None significant,0,5.0-7.0,Consult doctor,No,Mid-Range ($$)
Lactic Acid,AHA (Alpha Hydroxy Acid),Serum,"Gentle exfoliation, humectant properties","Improves texture, hydrates while exfoliating","1-2 drops, pressed into skin before heavier products",Night,2-3x per week,5%,Yes,Avoid on compromised skin barrier,"Sensitive, Dry, Normal","Ceramides, Hyaluronic Acid","Retinoids, other strong acids",1,3.5-4.5,Consult doctor,Yes,Premium ($$$)
Passionfruit Seed Oil,Facial Oil (Botanical),Toner/Essence,Linoleic-acid rich lightweight oil,"Softens without heaviness, supports barrier","Pat into skin after cleansing, before serum",Both,Daily,N/A,Yes,Minimal restrictions,"Normal, Combination, Dry","Squalane, Niacinamide",None significant,1,N/A,Yes,No,Premium ($$$)
Polyhydroxy Acid (PHA),PHA,Face Mask,Gentle surface exfoliation with humectant effect,"Mild exfoliation for sensitive skin, hydration","Apply for 10-15 minutes, 1-3x per week, then rinse or wipe off",Both,"Daily, well tolerated",4%,Yes,Minimal restrictions; still patch test,"Sensitive, Rosacea-prone, Dry","Hyaluronic Acid, Ceramides",Strong actives layered heavily,1,3.5-4.5,Consult doctor,No,Premium ($$$)
Broccoli Seed Oil,Facial Oil (Botanical),Toner/Essence,"Silicone-like glide, non-comedogenic plant oil",Softens and adds shine without heaviness,"Pat into skin after cleansing, before serum",Both,Daily,N/A,Yes,Minimal restrictions,"All skin types, Oily","Squalane, Niacinamide",None significant,1,N/A,Yes,No,Premium ($$$)
Colostrum Extract,Regenerative/Barrier Ingredient,Serum,Protein and growth-factor rich extract for repair support,Supports barrier recovery and hydration,"1-2 drops, pressed into skin before heavier products",Both,Daily,N/A,Yes,"Emerging ingredient; patch test, consult doctor for allergies","Sensitive, Mature","Peptides, Ceramides",None significant,0,5.0-6.5,Consult doctor,Yes,Premium ($$$)
Sea Kelp Bioferment,Humectant/Antioxidant (Marine Fermented),Serum,"Fermented marine extract, hydrating and mineral-rich","Hydrates, firms, protects","1-2 drops, pressed into skin before heavier products",Both,Daily,N/A,Yes,Minimal restrictions,"All skin types, Dry","Hyaluronic Acid, Niacinamide",None significant,0,5.0-6.5,Yes,No,Premium ($$$)
Licorice Root Extract,Brightening/Soothing,Face Mask,"Tyrosinase inhibitor, anti-inflammatory","Brightens dark spots, calms redness","Apply for 10-15 minutes, 1-3x per week, then rinse or wipe off",Both,Daily,N/A,Yes,Minimal restrictions,"All skin types, Hyperpigmentation-prone","Niacinamide, Vitamin C",None significant,0,5.0-6.0,Yes,No,Mid-Range ($$)
Raspberry Seed Oil,Facial Oil (Botanical),Serum,Vitamin E and fatty-acid rich protective oil,Nourishes and protects skin barrier,"1-2 drops, pressed into skin before heavier products",Night,1x daily at night,N/A,Yes,Minimal restrictions,"Dry, Normal","Squalane, Vitamin E",None significant,1,N/A,Yes,No,Premium ($$$)
Lactic Acid,AHA (Alpha Hydroxy Acid),Face Mask,"Gentle exfoliation, humectant properties","Improves texture, hydrates while exfoliating","Apply for 10-15 minutes, 1-3x per week, then rinse or wipe off",Night,2-3x per week,10%,Yes,Avoid on compromised skin barrier,"Sensitive, Dry, Normal","Ceramides, Hyaluronic Acid","Retinoids, other strong acids",1,3.5-4.5,Consult doctor,Yes,Premium ($$$)
Coco-Glucoside,Mild Cleansing Surfactant,Moisturizer/Cream,Plant-derived gentle cleansing agent,Cleanses without stripping the barrier,"Nickel-sized amount, applied as final hydrating step",Both,Daily,N/A,Yes,Minimal restrictions,"All skin types, Sensitive","Ceramides, Glycerin",None significant,0,5.0-6.5,Yes,No,Premium ($$$)
Baobab Oil,Facial Oil (Botanical),Serum,Vitamin-rich emollient oil,Deeply nourishes dry or mature skin,"1-2 drops, pressed into skin before heavier products",Night,1x daily at night,N/A,Yes,Minimal restrictions,"Dry, Mature","Squalane, Ceramides",None significant,2,N/A,Yes,No,Budget ($)
Red Clover Extract,Phytoestrogen Botanical,Face Mask,Plant-derived isoflavone extract supporting elasticity,Supports firmness in mature skin,"Apply for 10-15 minutes, 1-3x per week, then rinse or wipe off",Both,Daily,N/A,Yes,Minimal restrictions,"Mature, Normal","Peptides, Niacinamide",None significant,0,5.0-6.0,Consult doctor,No,Mid-Range ($$)
Tranexamic Acid,Brightening Agent,Face Mask,Inhibits melanin transfer pathway,Fades melasma and stubborn dark spots,"Apply for 10-15 minutes, 1-3x per week, then rinse or wipe off",Both,Daily,2%,Yes,Consult doctor if on blood thinners,"Hyperpigmentation-prone, All skin types","Niacinamide, Vitamin C",None significant,0,5.0-6.5,Consult doctor,No,Budget ($)
Rice Bran Oil,Facial Oil (Botanical),Cleanser,Gamma-oryzanol rich antioxidant oil,Brightens and softens texture,"Massage onto damp skin for 30-60 seconds, rinse",Both,Daily,N/A,Yes,Minimal restrictions,"All skin types, Dull skin","Vitamin C, Niacinamide",None significant,1,N/A,Yes,No,Mid-Range ($$)
Retin-A (Tretinoin),Retinoid (Prescription),Face Mask,Gold-standard retinoic acid for cell turnover,"Treats acne, wrinkles, hyperpigmentation","Apply for 10-15 minutes, 1-3x per week, then rinse or wipe off",Night,"2-3x per week, building up to nightly (as directed by doctor)",0.025%,Yes,Avoid in pregnancy; avoid with exfoliating acids and benzoyl peroxide same time,"Normal, Oily, Mature","Moisturizers, Ceramides","AHA/BHA, Vitamin C, Benzoyl Peroxide",1,4.0-6.0,No,Yes,Premium ($$$)
Vitamin C (L-Ascorbic Acid),Antioxidant,Moisturizer/Cream,"Neutralizes free radicals, inhibits melanin production","Brightens, evens tone, boosts collagen","Nickel-sized amount, applied as final hydrating step",Morning,Daily,5%,Yes,"Avoid with niacinamide flushing sensitivity, unstable at high pH/light exposure","Normal, Oily, Combination","Vitamin E, Ferulic Acid, SPF","Retinoids, AHA/BHA at same time",0,3.0-3.5,Yes,No,Mid-Range ($$)
Undecylenoyl Phenylalanine,Brightening Agent (Amino Acid Derivative),Spot Treatment,Inhibits melanin synthesis via tyrosinase pathway,"Evens tone, targets stubborn dark spots",Dab a small amount directly onto targeted area,Both,Daily,N/A,Yes,Minimal restrictions,Hyperpigmentation-prone,"Niacinamide, Alpha Arbutin",None significant,0,5.0-6.5,Consult doctor,No,Budget ($)
Hesperidin,Antioxidant (Citrus Flavonoid),Facial Oil,"Citrus-derived antioxidant, supports capillary strength","Brightens, reduces redness appearance","2-3 drops, pressed on as the last step to seal in moisture",Both,Daily,N/A,Yes,Minimal restrictions,"All skin types, Rosacea-prone","Vitamin C, Niacinamide",None significant,0,5.0-6.0,Yes,No,Mid-Range ($$)
Fuller's Earth (Multani Mitti),Purifying Mineral Clay,Face Mask,Traditional absorbent mineral clay,"Deep cleanses, controls oil, brightens","Apply for 10-15 minutes, 1-3x per week, then rinse or wipe off",Night,1x daily at night,N/A,Yes,Can be drying for dry skin,"Oily, Combination","Turmeric Extract, Rose Water",Overuse with other drying actives,0,N/A,Yes,No,Mid-Range ($$)
Azelaic Acid,Multi-functional Acid,Spot Treatment,"Anti-inflammatory, tyrosinase inhibitor","Treats acne, rosacea redness, hyperpigmentation",Dab a small amount directly onto targeted area,Both,1-2x daily,15%,Yes,Mild tingling common initially; discontinue if severe irritation,"Acne-prone, Rosacea, Sensitive","Niacinamide, Retinoids (alternate nights)",Very strong acids at same time,0,4.0-5.0,Yes,No,Premium ($$$)
Rutin,Antioxidant (Flavonoid),Cleanser,"Plant flavonoid antioxidant, vascular-supportive","Protects against oxidative stress, calms redness","Massage onto damp skin for 30-60 seconds, rinse",Both,Daily,N/A,Yes,Minimal restrictions,"Sensitive, Rosacea-prone","Vitamin C, Niacinamide",None significant,0,5.0-6.0,Yes,No,Budget ($)
Hesperidin,Antioxidant (Citrus Flavonoid),Spot Treatment,"Citrus-derived antioxidant, supports capillary strength","Brightens, reduces redness appearance",Dab a small amount directly onto targeted area,Both,Daily,N/A,Yes,Minimal restrictions,"All skin types, Rosacea-prone","Vitamin C, Niacinamide",None significant,0,5.0-6.0,Yes,No,Mid-Range ($$)
Palmitoyl Tripeptide-1,Peptide (Collagen-signaling),Toner/Essence,Signals fibroblasts to boost collagen I production,"Reduces wrinkle depth, firms skin","Pat into skin after cleansing, before serum",Night,1x daily at night,N/A,Yes,Minimal restrictions,"Mature, Normal","Hyaluronic Acid, Niacinamide",Strong acids same time,0,5.0-7.0,Consult doctor,No,Premium ($$$)
Rosemary Leaf Extract,Antioxidant Botanical,Spot Treatment,Antioxidant with mild antimicrobial properties,"Protects skin, supports clarity",Dab a small amount directly onto targeted area,Both,Daily,N/A,Yes,Essential-oil sensitivity possible; patch test,"Oily, Combination, Normal","Green Tea Extract, Niacinamide",None significant,0,5.0-6.0,Consult doctor,Yes,Budget ($)
Kalahari Melon (Watermelon Seed) Oil,Facial Oil (Botanical),Moisturizer/Cream,Lightweight linoleic-acid rich oil,Hydrates oily/combination skin without clogging,"Nickel-sized amount, applied as final hydrating step",Both,Daily,N/A,Yes,Minimal restrictions,"Oily, Combination","Niacinamide, Squalane",None significant,1,N/A,Yes,No,Mid-Range ($$)
Apricot Kernel Oil,Facial Oil (Botanical),Toner/Essence,"Lightweight, vitamin-rich emollient oil",Softens and conditions sensitive skin,"Pat into skin after cleansing, before serum",Both,Daily,N/A,Yes,Minimal restrictions,"Sensitive, Dry, Normal","Squalane, Chamomile",None significant,2,N/A,Yes,No,Mid-Range ($$)
Retin-A (Tretinoin),Retinoid (Prescription),Spot Treatment,Gold-standard retinoic acid for cell turnover,"Treats acne, wrinkles, hyperpigmentation",Dab a small amount directly onto targeted area,Night,"2-3x per week, building up to nightly (as directed by doctor)",0.025%,Yes,Avoid in pregnancy; avoid with exfoliating acids and benzoyl peroxide same time,"Normal, Oily, Mature","Moisturizers, Ceramides","AHA/BHA, Vitamin C, Benzoyl Peroxide",1,4.0-6.0,No,Yes,Mid-Range ($$)
Copper Peptides,Peptide,Cleanser,Supports wound healing and collagen remodeling,"Firms, repairs, improves elasticity","Massage onto damp skin for 30-60 seconds, rinse",Night,1x daily at night,5%,Yes,Avoid mixing with Vitamin C directly (can oxidize copper),"Mature, Normal","Hyaluronic Acid, Ceramides",Vitamin C at same time,0,5.0-7.0,Consult doctor,No,Mid-Range ($$)
Horsetail Extract (Silica-rich),Firming/Astringent Botanical,Spot Treatment,Natural silica-rich extract supporting skin structure,Firms and tightens the look of skin,Dab a small amount directly onto targeted area,Both,Daily,N/A,Yes,Minimal restrictions,"Normal, Mature, Combination","Niacinamide, Peptides",None significant,0,5.0-6.0,Consult doctor,No,Budget ($)
Octinoxate,UV Filter (Chemical),Facial Oil,Absorbs UVB radiation,Sun protection component in broad-spectrum SPF,"2-3 drops, pressed on as the last step to seal in moisture",Morning,Daily,N/A,N/A (is the sunscreen),Reapply every 2 hours in sun exposure,"Normal, Oily, Combination",Antioxidants under sunscreen,None significant,2,N/A,Consult doctor,No,Budget ($)
Niacinamide,Vitamin/Barrier Support,Facial Oil,"Strengthens skin barrier, regulates oil, evens tone","Reduces redness, minimizes pore appearance, improves texture","2-3 drops, pressed on as the last step to seal in moisture",Both,Daily,N/A,Yes,Rarely irritating; avoid layering with pure Vitamin C at low pH if it causes flushing,All skin types,"Hyaluronic Acid, Peptides, Ceramides",High-dose Vitamin C (L-ascorbic acid) at same time,0,5.0-7.0,Yes,No,Budget ($)
Rosehip Oil,Facial Oil (Botanical),Serum,"Vitamin A and C rich, regenerative","Fades scars, brightens, anti-aging","1-2 drops, pressed into skin before heavier products",Night,1x daily at night,N/A,Yes,Can oxidize quickly; store in dark bottle,"Dry, Mature, Normal","Vitamin C, Squalane",Strong retinoids same time,2,N/A,Consult doctor,No,Budget ($)
Marula Oil,Facial Oil (Botanical),Facial Oil,Antioxidant-rich lightweight oil,Hydrates and softens without greasiness,"2-3 drops, pressed on as the last step to seal in moisture",Both,Daily,N/A,Yes,Minimal restrictions,"Dry, Normal, Combination","Squalane, Hyaluronic Acid",None significant,1,N/A,Yes,No,Mid-Range ($$)
Vitamin E (Tocopherol),Antioxidant,Face Mask,"Lipid-soluble antioxidant, moisturizing","Protects from oxidative stress, softens skin","Apply for 10-15 minutes, 1-3x per week, then rinse or wipe off",Both,Daily,1%,Yes,Comedogenic in high concentration for acne-prone skin,"Dry, Normal, Mature","Vitamin C, Ferulic Acid",None significant,2,N/A,Yes,No,Budget ($)
Blue Tansy Extract,Soothing Botanical (Azulene),Spot Treatment,"Anti-inflammatory, calming blue pigment oil",Calms redness and irritation,Dab a small amount directly onto targeted area,Night,1x daily at night,N/A,Yes,Patch test; potent essential oil derivative,"Sensitive, Rosacea-prone","Centella Asiatica, Chamomile",None significant,1,N/A,Consult doctor,Yes,Mid-Range ($$)
Bentonite Clay,Purifying/Oil Control,Facial Oil,"Strong absorbent clay, draws out impurities","Deep pore cleansing, oil control","2-3 drops, pressed on as the last step to seal in moisture",Night,1x daily at night,N/A,Yes,Can be drying; limit frequency for dry skin,"Oily, Acne-prone","Charcoal, Salicylic Acid",Overuse with other drying actives,0,N/A,Yes,No,Mid-Range ($$)
Upcycled Grape Seed Extract,Antioxidant (Upcycled/Sustainable),Spot Treatment,Polyphenol-rich byproduct antioxidant,"Protects against free radicals, firms skin",Dab a small amount directly onto targeted area,Both,Daily,N/A,Yes,Minimal restrictions,"All skin types, Mature","Vitamin C, Vitamin E",None significant,0,5.0-6.5,Yes,No,Premium ($$$)
Pomegranate Extract,Antioxidant Botanical,Cleanser,Polyphenol-rich antioxidant,"Protects against free radicals, brightens","Massage onto damp skin for 30-60 seconds, rinse",Both,Daily,N/A,Yes,Minimal restrictions,"All skin types, Dull skin","Vitamin C, Niacinamide",None significant,0,5.0-6.0,Yes,No,Budget ($)
Sal Butter,Emollient (Butter),Serum,"Firm, shea-like conditioning plant butter",Moisturizes and softens rough skin,"1-2 drops, pressed into skin before heavier products",Both,Daily,N/A,Yes,Minimal restrictions,"Dry, Very Dry","Shea Butter, Squalane",None significant,2,N/A,Yes,No,Premium ($$$)
Bakuchiol,Plant-derived Retinol Alternative,Serum,Retinol-like signaling without irritation,"Anti-aging, gentle for sensitive skin","1-2 drops, pressed into skin before heavier products",Both,Daily,0.5%,Yes,Generally well tolerated; patch test if very sensitive,"All skin types, Sensitive","Vitamin C, Niacinamide, Peptides",None significant,1,5.0-6.5,Yes (consult doctor),No,Premium ($$$)
Plant Stem Cell Extract,Regenerative Botanical/Biotech,Moisturizer/Cream,Plant-derived extract marketed for antioxidant/renewal support,Supports skin resilience and radiance,"Nickel-sized amount, applied as final hydrating step",Both,Daily,N/A,Yes,Emerging ingredient; evidence mostly antioxidant-based,"Mature, Normal","Peptides, Vitamin C",None significant,0,5.0-6.5,Consult doctor,No,Budget ($)
Centella Asiatica (Cica),Soothing/Botanical,Spot Treatment,"Anti-inflammatory, wound-healing botanical","Calms redness, supports barrier recovery",Dab a small amount directly onto targeted area,Both,Daily,N/A,Yes,Minimal restrictions,"Sensitive, Acne-prone, Rosacea","Panthenol, Niacinamide",None significant,0,5.0-6.0,Yes,No,Budget ($)
Sweet Almond Oil,Facial Oil (Botanical),Spot Treatment,Classic emollient oil rich in fatty acids,Softens and soothes dry or sensitive skin,Dab a small amount directly onto targeted area,Both,Daily,N/A,Yes,Nut allergy caution,"Dry, Sensitive, Normal","Squalane, Vitamin E",None significant,2,N/A,Consult doctor,Yes,Budget ($)
Prebiotics (Inulin/Alpha-glucan),Microbiome Support,Facial Oil,Feeds beneficial skin bacteria,Supports microbiome balance and barrier,"2-3 drops, pressed on as the last step to seal in moisture",Both,Daily,N/A,Yes,Minimal restrictions,"All skin types, Sensitive","Postbiotics, Ceramides",None significant,0,5.0-6.5,Yes,No,Mid-Range ($$)
Boron Nitride,Mattifying/Texture Agent,Face Mask,Silky mineral powder for soft-focus finish,"Blurs pores, controls shine","Apply for 10-15 minutes, 1-3x per week, then rinse or wipe off",Morning,Daily,N/A,Yes,Minimal restrictions,"Oily, Combination","Silica, Niacinamide",None significant,0,N/A,Yes,No,Mid-Range ($$)
Blue Tansy Extract,Soothing Botanical (Azulene),Serum,"Anti-inflammatory, calming blue pigment oil",Calms redness and irritation,"1-2 drops, pressed into skin before heavier products",Night,1x daily at night,N/A,Yes,Patch test; potent essential oil derivative,"Sensitive, Rosacea-prone","Centella Asiatica, Chamomile",None significant,1,N/A,Consult doctor,Yes,Premium ($$$)
Raspberry Seed Oil,Facial Oil (Botanical),Toner/Essence,Vitamin E and fatty-acid rich protective oil,Nourishes and protects skin barrier,"Pat into skin after cleansing, before serum",Night,1x daily at night,N/A,Yes,Minimal restrictions,"Dry, Normal","Squalane, Vitamin E",None significant,1,N/A,Yes,No,Mid-Range ($$)
Exosomes,Regenerative/Biotech,Moisturizer/Cream,Cell-signaling vesicles supporting tissue repair,"Accelerates recovery, boosts radiance","Nickel-sized amount, applied as final hydrating step",Night,1x daily at night,2%,Yes,"Emerging ingredient; consult dermatologist, limited regulation clarity","Mature, Normal, Post-procedure","Peptides, Growth Factors",Strong acids same time,0,5.0-7.0,Consult doctor,Yes,Premium ($$$)
Beta-Glucan,Soothing/Humectant,Cleanser,Polysaccharide that calms and hydrates,"Reduces sensitivity, supports barrier repair","Massage onto damp skin for 30-60 seconds, rinse",Both,Daily,N/A,Yes,Very gentle; minimal restrictions,"Sensitive, Dry, All skin types","Ceramides, Panthenol",None significant,0,5.0-6.5,Yes,No,Mid-Range ($$)
Matrixyl 3000,Peptide Complex,Face Mask,Combination peptide blend targeting collagen/elastin,"Comprehensive anti-aging, firms and smooths","Apply for 10-15 minutes, 1-3x per week, then rinse or wipe off",Night,1x daily at night,N/A,Yes,Minimal restrictions,"Mature, Normal","Hyaluronic Acid, Niacinamide",Strong acids same time,0,5.0-7.0,Consult doctor,No,Premium ($$$)
Black Tea Ferment,Fermented Antioxidant,Serum,Fermentation-enhanced antioxidant complex,Calms and protects against environmental stress,"1-2 drops, pressed into skin before heavier products",Both,Daily,N/A,Yes,Minimal restrictions,All skin types,"Green Tea Extract, Niacinamide",None significant,0,5.0-6.5,Yes,No,Budget ($)
Vitamin B3 Derivative Complex,Brightening/Barrier,Face Mask,Combined niacinamide-based brightening blend,Tone evening with barrier support,"Apply for 10-15 minutes, 1-3x per week, then rinse or wipe off",Both,Daily,N/A,Yes,Minimal restrictions,All skin types,Hyaluronic Acid,High-dose Vitamin C,0,5.0-7.0,Yes,No,Mid-Range ($$)
Malic Acid,AHA (Alpha Hydroxy Acid),Serum,Apple-derived gentle exfoliant,"Smooths texture, brightens dull skin","1-2 drops, pressed into skin before heavier products",Night,2-3x per week,8%,Yes,Avoid on broken/sunburned skin,"Sensitive, Normal","Niacinamide, Hyaluronic Acid","Retinoids, other acids together",1,3.0-4.0,Consult doctor,Yes,Budget ($)
Marshmallow Root Extract,Soothing/Hydrating Botanical,Face Mask,"Mucilage-rich calming, moisture-binding extract","Soothes irritation, hydrates gently","Apply for 10-15 minutes, 1-3x per week, then rinse or wipe off",Both,Daily,N/A,Yes,Minimal restrictions,"Sensitive, Dry, Eczema-prone","Oat Extract, Panthenol",None significant,0,5.0-6.0,Yes,No,Budget ($)
Marshmallow Root Extract,Soothing/Hydrating Botanical,Serum,"Mucilage-rich calming, moisture-binding extract","Soothes irritation, hydrates gently","1-2 drops, pressed into skin before heavier products",Both,Daily,N/A,Yes,Minimal restrictions,"Sensitive, Dry, Eczema-prone","Oat Extract, Panthenol",None significant,0,5.0-6.0,Yes,No,Premium ($$$)
Murumuru Butter,Emollient (Butter),Face Mask,Rich Amazonian plant butter,Deeply conditions very dry skin,"Apply for 10-15 minutes, 1-3x per week, then rinse or wipe off",Both,Daily,N/A,Yes,Can feel heavy on oily skin,"Dry, Very Dry","Shea Butter, Squalane",None significant,3,N/A,Yes,No,Premium ($$$)
Titanium Dioxide,UV Filter (Mineral),Moisturizer/Cream,Physical UV blocker,"Broad-spectrum sun protection, gentle","Nickel-sized amount, applied as final hydrating step",Morning,Daily,N/A,N/A (is the sunscreen),Reapply every 2 hours in sun exposure,"Sensitive, All skin types","Zinc Oxide, Antioxidants",None significant,0,N/A,Yes,No,Premium ($$$)
Volcanic Ash,Purifying Mineral,Face Mask,Mineral-rich absorbent for oil and impurities,"Deep cleans, minimizes pore appearance","Apply for 10-15 minutes, 1-3x per week, then rinse or wipe off",Night,1x daily at night,N/A,Yes,Can be drying with overuse,"Oily, Acne-prone","Charcoal, Kaolin Clay",Overuse with other drying actives,0,N/A,Yes,No,Mid-Range ($$)
Castor Oil,Facial Oil (Botanical),Spot Treatment,"Ricinoleic-acid rich, thick occlusive oil","Seals in moisture, conditions brows/lashes",Dab a small amount directly onto targeted area,Night,1x daily at night,N/A,Yes,Can feel heavy; patch test,"Very Dry, Normal","Squalane, Jojoba Oil",None significant,1,N/A,Yes,Yes,Mid-Range ($$)
Palmitoyl Oligopeptide,Peptide (Collagen-signaling),Serum,Supports collagen and glycosaminoglycan synthesis,Firms and hydrates aging skin,"1-2 drops, pressed into skin before heavier products",Night,1x daily at night,N/A,Yes,Minimal restrictions,Mature,"Hyaluronic Acid, Niacinamide",None significant,0,5.0-7.0,Consult doctor,No,Premium ($$$)
Safflower Oil,Facial Oil (Botanical),Serum,High-linoleic lightweight oil,Balances oily/acne-prone skin while hydrating,"1-2 drops, pressed into skin before heavier products",Both,Daily,N/A,Yes,Minimal restrictions,"Oily, Acne-prone, Combination","Niacinamide, Squalane",None significant,1,N/A,Yes,No,Premium ($$$)
Prickly Pear Seed Oil,Facial Oil (Botanical),Toner/Essence,Vitamin E and fatty-acid rich luxury oil,"Anti-aging, deeply nourishing","Pat into skin after cleansing, before serum",Night,1x daily at night,N/A,Yes,Minimal restrictions,"Dry, Mature","Squalane, Vitamin E",None significant,1,N/A,Yes,No,Budget ($)
Sodium Lactate,Humectant (NMF Component),Spot Treatment,Component of skin's natural moisturizing factor,Hydrates and supports moisture retention,Dab a small amount directly onto targeted area,Both,Daily,N/A,Yes,Minimal restrictions,"All skin types, Dry","Hyaluronic Acid, Glycerin",None significant,0,N/A,Yes,No,Budget ($)
Watermelon Extract,Hydrating Botanical,Face Mask,Amino-acid and water-rich hydrating extract,Refreshes and hydrates lightly,"Apply for 10-15 minutes, 1-3x per week, then rinse or wipe off",Morning,Daily,N/A,Yes,Minimal restrictions,"All skin types, Dry","Hyaluronic Acid, Aloe Vera",None significant,0,5.0-6.0,Yes,No,Budget ($)
Diosmin,Circulation-support/Antioxidant,Facial Oil,Citrus-derived flavonoid supporting microcirculation,"Reduces redness, supports skin resilience","2-3 drops, pressed on as the last step to seal in moisture",Both,Daily,N/A,Yes,Minimal restrictions,"Rosacea-prone, Sensitive","Niacinamide, Centella Asiatica",None significant,0,5.0-6.0,Consult doctor,No,Premium ($$$)
Resveratrol,Antioxidant (Plant-derived),Serum,"Polyphenol antioxidant, anti-inflammatory","Fights free radicals, supports collagen","1-2 drops, pressed into skin before heavier products",Both,Daily,N/A,Yes,Minimal restrictions,"All skin types, Mature","Vitamin C, Niacinamide",None significant,0,5.0-6.0,Yes,No,Mid-Range ($$)
Mineral Sunscreen Filters (Zinc Oxide),UV Filter,Moisturizer/Cream,Physical barrier reflecting UV rays,Broad-spectrum sun protection,"Nickel-sized amount, applied as final hydrating step",Morning,Daily,N/A,N/A (is the sunscreen),Reapply every 2 hours in sun exposure,"All skin types, Sensitive",Antioxidants under sunscreen,None significant,0,N/A,Yes,No,Premium ($$$)
Peony Extract,Soothing/Brightening Botanical,Cleanser,Anti-inflammatory with mild brightening effect,"Calms redness, supports even tone","Massage onto damp skin for 30-60 seconds, rinse",Both,Daily,N/A,Yes,Minimal restrictions,"Sensitive, Dull skin","Centella Asiatica, Niacinamide",None significant,0,5.0-6.0,Yes,No,Mid-Range ($$)
Squalane,Emollient/Barrier Support,Facial Oil,"Lightweight biomimetic lipid, non-comedogenic","Moisturizes without heaviness, softens skin","2-3 drops, pressed on as the last step to seal in moisture",Both,Daily,N/A,Yes,Minimal restrictions,"All skin types, Oily, Dry","Hyaluronic Acid, Ceramides",None significant,1,N/A,Yes,No,Premium ($$$)
Coenzyme Q10 (Ubiquinone),Antioxidant,Toner/Essence,"Supports cellular energy, reduces oxidative stress","Firms skin, reduces fine lines","Pat into skin after cleansing, before serum",Both,Daily,5%,Yes,Minimal restrictions,"Mature, Normal","Vitamin E, Peptides",None significant,1,N/A,Yes,No,Budget ($)
Bamboo Sap Extract,Hydrating/Soothing Botanical (K-beauty),Cleanser,Mineral-rich hydrating and soothing sap,"Refreshes, hydrates, calms","Massage onto damp skin for 30-60 seconds, rinse",Both,Daily,N/A,Yes,Minimal restrictions,"All skin types, Sensitive","Aloe Vera, Hyaluronic Acid",None significant,0,5.0-6.0,Yes,No,Premium ($$$)
Macadamia Nut Oil,Facial Oil (Botanical),Cleanser,"Palmitoleic-acid rich, mimics skin's natural sebum",Deeply nourishes mature or dry skin,"Massage onto damp skin for 30-60 seconds, rinse",Night,1x daily at night,N/A,Yes,Tree-nut allergy caution,"Dry, Mature","Squalane, Vitamin E",None significant,2,N/A,Consult doctor,Yes,Premium ($$$)
Pumpkin Enzyme,Enzyme Exfoliant,Serum,"Fruit enzyme exfoliation, rich in vitamins",Brightens and softens texture gently,"1-2 drops, pressed into skin before heavier products",Night,1x daily at night,N/A,Yes,Avoid on broken skin,"Sensitive, Normal, Dull skin","Vitamin C, Niacinamide",Strong acids/retinoids same time,1,4.0-6.0,Consult doctor,No,Mid-Range ($$)
Kojic Acid,Brightening Agent,Face Mask,Tyrosinase inhibitor from fungi,Lightens dark spots and sun damage,"Apply for 10-15 minutes, 1-3x per week, then rinse or wipe off",Night,1x daily at night,2%,Yes,Can be sensitizing at high concentration,Hyperpigmentation-prone,"Niacinamide, Licorice Extract",Strong acids/retinoids together,0,4.0-5.0,Consult doctor,Yes,Premium ($$$)
Gluconolactone,PHA,Serum,Larger-molecule gentle exfoliant with antioxidant properties,"Mild exfoliation, hydration, antioxidant protection","1-2 drops, pressed into skin before heavier products",Both,"Daily, well tolerated",4%,Yes,Minimal restrictions,"Sensitive, Rosacea-prone, Dry","Hyaluronic Acid, Ceramides",Strong acids layered heavily,1,3.5-4.5,Consult doctor,No,Premium ($$$)
Pearl Powder,Brightening/Luxury Additive (Marine-derived),Moisturizer/Cream,Traditional mineral powder marketed for radiance,Brightens and adds subtle luminosity,"Nickel-sized amount, applied as final hydrating step",Both,Daily,N/A,Yes,Minimal restrictions,"Dull skin, All skin types","Niacinamide, Vitamin C",None significant,0,N/A,Consult doctor,No,Mid-Range ($$)
Tartaric Acid,AHA (Alpha Hydroxy Acid),Spot Treatment,Grape-derived exfoliant and antioxidant,Brightens and refines texture,Dab a small amount directly onto targeted area,Night,2-3x per week,15%,Yes,Avoid on broken/sunburned skin,"Normal, Combination","Vitamin C, Niacinamide","Retinoids, other acids together",1,3.0-4.0,Consult doctor,Yes,Premium ($$$)
Diamond Powder,Physical Exfoliant/Luxury Additive,Spot Treatment,Micro-exfoliation and light reflection,"Polishes texture, adds radiance",Dab a small amount directly onto targeted area,Night,1x daily at night,N/A,Yes,Use gently to avoid micro-tears,"Normal, Combination","Peptides, Hyaluronic Acid",Overuse with other exfoliants,1,N/A,Yes,No,Premium ($$$)
Capryloyl Salicylic Acid,BHA (Lipophilic Derivative),Facial Oil,Modified salicylic acid with deeper pore penetration,"Refines pores, reduces breakouts","2-3 drops, pressed on as the last step to seal in moisture",Night,1x daily at night,N/A,Yes,Avoid on dry/compromised skin,"Oily, Acne-prone","Niacinamide, Zinc PCA",Retinoids same time,1,3.5-4.5,Consult doctor,Yes,Mid-Range ($$)
Xylitylglucoside,Humectant (Sugar-derived),Spot Treatment,Biomimetic sugar humectant supporting NMF,Hydrates and reinforces natural moisture factors,Dab a small amount directly onto targeted area,Both,Daily,N/A,Yes,Minimal restrictions,"All skin types, Dry","Hyaluronic Acid, Glycerin",None significant,0,N/A,Yes,No,Budget ($)
Pearl Powder,Brightening/Luxury Additive (Marine-derived),Spot Treatment,Traditional mineral powder marketed for radiance,Brightens and adds subtle luminosity,Dab a small amount directly onto targeted area,Both,Daily,N/A,Yes,Minimal restrictions,"Dull skin, All skin types","Niacinamide, Vitamin C",None significant,0,N/A,Consult doctor,No,Premium ($$$)
Sea Buckthorn Oil,Facial Oil (Botanical),Cleanser,Rich in omega fatty acids and carotenoids,"Nourishes, supports barrier, mild brightening","Massage onto damp skin for 30-60 seconds, rinse",Night,1x daily at night,N/A,Yes,Can stain fabrics; patch test for sensitivity,"Dry, Mature, Normal","Squalane, Ceramides",None significant,2,N/A,Yes,Yes,Budget ($)
Hyaluronic Acid,Humectant,Moisturizer/Cream,Binds up to 1000x its weight in water,"Deep hydration, plumps fine lines","Nickel-sized amount, applied as final hydrating step",Both,Daily,5%,Yes,Apply to damp skin; can dehydrate in very dry climates if used alone,"All skin types, Dry","Niacinamide, Ceramides, Peptides",None significant,0,5.0-7.0,Yes,No,Premium ($$$)
Propolis Extract,Antibacterial/Antioxidant (Botanical),Cleanser,Bee-derived antioxidant and antimicrobial,"Calms breakouts, supports skin repair","Massage onto damp skin for 30-60 seconds, rinse",Both,Daily,N/A,Yes,Patch test for bee-product allergy,"Acne-prone, Sensitive","Centella Asiatica, Niacinamide",None significant,1,N/A,Yes,Yes,Mid-Range ($$)
Exosomes,Regenerative/Biotech,Cleanser,Cell-signaling vesicles supporting tissue repair,"Accelerates recovery, boosts radiance","Massage onto damp skin for 30-60 seconds, rinse",Night,1x daily at night,2%,Yes,"Emerging ingredient; consult dermatologist, limited regulation clarity","Mature, Normal, Post-procedure","Peptides, Growth Factors",Strong acids same time,0,5.0-7.0,Consult doctor,Yes,Budget ($)
Trylagen,Peptide/Protein Complex,Serum,Biotech complex supporting natural collagen synthesis,Improves elasticity and skin density,"1-2 drops, pressed into skin before heavier products",Night,1x daily at night,N/A,Yes,Emerging ingredient; limited long-term data,"Mature, Normal","Peptides, Hyaluronic Acid",None significant,0,5.0-7.0,Consult doctor,Yes,Budget ($)
Ascorbyl Palmitate,Vitamin C Derivative (Fat-soluble),Serum,"Fat-soluble, stable Vitamin C ester",Gentle brightening and antioxidant protection,"1-2 drops, pressed into skin before heavier products",Both,Daily,N/A,Yes,Minimal restrictions,"Dry, Normal","Vitamin E, Ferulic Acid",Strong acids same time,2,5.5-7.0,Yes,No,Premium ($$$)
Fermented Barley Extract,Fermented Botanical (K-beauty),Face Mask,Fermentation-derived brightening and conditioning extract,"Brightens, softens texture","Apply for 10-15 minutes, 1-3x per week, then rinse or wipe off",Both,Daily,N/A,Yes,Minimal restrictions,"All skin types, Dull skin","Niacinamide, Rice Water Extract",None significant,0,5.0-6.0,Yes,No,Budget ($)
French Green Clay,Purifying Mineral Clay,Serum,Mineral-rich absorbent clay,"Detoxifies, tightens, mattifies","1-2 drops, pressed into skin before heavier products",Night,1x daily at night,N/A,Yes,Can be drying for dry skin,"Oily, Combination, Acne-prone","Charcoal, Niacinamide",Overuse with other drying actives,0,N/A,Yes,No,Premium ($$$)
Castor Oil,Facial Oil (Botanical),Face Mask,"Ricinoleic-acid rich, thick occlusive oil","Seals in moisture, conditions brows/lashes","Apply for 10-15 minutes, 1-3x per week, then rinse or wipe off",Night,1x daily at night,N/A,Yes,Can feel heavy; patch test,"Very Dry, Normal","Squalane, Jojoba Oil",None significant,1,N/A,Yes,Yes,Mid-Range ($$)
Niacinamide,Vitamin/Barrier Support,Cleanser,"Strengthens skin barrier, regulates oil, evens tone","Reduces redness, minimizes pore appearance, improves texture","Massage onto damp skin for 30-60 seconds, rinse",Both,Daily,N/A,Yes,Rarely irritating; avoid layering with pure Vitamin C at low pH if it causes flushing,All skin types,"Hyaluronic Acid, Peptides, Ceramides",High-dose Vitamin C (L-ascorbic acid) at same time,0,5.0-7.0,Yes,No,Premium ($$$)
Upcycled Coffee Cherry Extract,Antioxidant (Upcycled/Sustainable),Toner/Essence,Byproduct rich in chlorogenic acid antioxidants,"Brightens, firms, protects","Pat into skin after cleansing, before serum",Both,Daily,N/A,Yes,Minimal restrictions,"All skin types, Mature","Niacinamide, Vitamin C",None significant,0,5.0-6.5,Yes,No,Mid-Range ($$)
Polyhydroxy Acid (PHA),PHA,Spot Treatment,Gentle surface exfoliation with humectant effect,"Mild exfoliation for sensitive skin, hydration",Dab a small amount directly onto targeted area,Both,"Daily, well tolerated",4%,Yes,Minimal restrictions; still patch test,"Sensitive, Rosacea-prone, Dry","Hyaluronic Acid, Ceramides",Strong actives layered heavily,1,3.5-4.5,Consult doctor,No,Mid-Range ($$)
Reishi Mushroom Extract,Antioxidant/Adaptogen (Mushroom),Cleanser,Polysaccharide-rich antioxidant and calming agent,"Soothes, hydrates, supports resilience","Massage onto damp skin for 30-60 seconds, rinse",Both,Daily,N/A,Yes,Minimal restrictions,"Sensitive, Mature","Centella Asiatica, Niacinamide",None significant,0,5.0-6.0,Consult doctor,No,Budget ($)
Goji Berry Extract,Antioxidant Botanical,Facial Oil,Nutrient-dense antioxidant fruit extract,Brightens and supports skin resilience,"2-3 drops, pressed on as the last step to seal in moisture",Both,Daily,N/A,Yes,Minimal restrictions,"All skin types, Dull skin","Vitamin C, Niacinamide",None significant,0,5.0-6.0,Yes,No,Premium ($$$)
Amla (Indian Gooseberry) Extract,Antioxidant Botanical (Ayurvedic),Spot Treatment,Vitamin C rich traditional antioxidant,"Brightens, supports collagen, protects",Dab a small amount directly onto targeted area,Both,Daily,N/A,Yes,Minimal restrictions,"All skin types, Dull skin","Vitamin C, Niacinamide",None significant,0,4.5-6.0,Yes,No,Budget ($)
Hyaluronic Acid,Humectant,Facial Oil,Binds up to 1000x its weight in water,"Deep hydration, plumps fine lines","2-3 drops, pressed on as the last step to seal in moisture",Both,Daily,2%,Yes,Apply to damp skin; can dehydrate in very dry climates if used alone,"All skin types, Dry","Niacinamide, Ceramides, Peptides",None significant,0,5.0-7.0,Yes,No,Budget ($)
Retinaldehyde,Retinoid,Cleanser,Converts to retinoic acid faster than retinol,"Anti-aging, acne control, texture refinement","Massage onto damp skin for 30-60 seconds, rinse",Night,"2-3x per week, building up to nightly",0.5%,Yes,Avoid in pregnancy; avoid mixing with strong acids,"Normal, Oily, Mature","Peptides, Niacinamide","AHA/BHA, Vitamin C",2,5.5-6.0,No,Yes,Mid-Range ($$)
Perlite,Physical Exfoliant (Mineral),Face Mask,Volcanic-glass mineral exfoliating particle,Gently buffs away dead skin cells,"Apply for 10-15 minutes, 1-3x per week, then rinse or wipe off",Night,1x daily at night,N/A,Yes,Use gentle pressure to avoid micro-tears,"Normal, Combination, Oily","Niacinamide, Clay",Overuse with chemical exfoliants,0,N/A,Yes,No,Mid-Range ($$)
Blueberry Extract,Antioxidant Botanical,Serum,Anthocyanin-rich antioxidant fruit extract,Protects and brightens dull skin,"1-2 drops, pressed into skin before heavier products",Both,Daily,N/A,Yes,Minimal restrictions,"All skin types, Dull skin","Vitamin C, Niacinamide",None significant,0,5.0-6.0,Yes,No,Budget ($)
Apricot Kernel Oil,Facial Oil (Botanical),Cleanser,"Lightweight, vitamin-rich emollient oil",Softens and conditions sensitive skin,"Massage onto damp skin for 30-60 seconds, rinse",Both,Daily,N/A,Yes,Minimal restrictions,"Sensitive, Dry, Normal","Squalane, Chamomile",None significant,2,N/A,Yes,No,Premium ($$$)
Tranexamic Acid,Brightening Agent,Facial Oil,Inhibits melanin transfer pathway,Fades melasma and stubborn dark spots,"2-3 drops, pressed on as the last step to seal in moisture",Both,Daily,1%,Yes,Consult doctor if on blood thinners,"Hyperpigmentation-prone, All skin types","Niacinamide, Vitamin C",None significant,0,5.0-6.5,Consult doctor,No,Budget ($)
Kojic Acid,Brightening Agent,Serum,Tyrosinase inhibitor from fungi,Lightens dark spots and sun damage,"1-2 drops, pressed into skin before heavier products",Night,1x daily at night,2%,Yes,Can be sensitizing at high concentration,Hyperpigmentation-prone,"Niacinamide, Licorice Extract",Strong acids/retinoids together,0,4.0-5.0,Consult doctor,Yes,Mid-Range ($$)
Phytosphingosine,Barrier Lipid/Antimicrobial,Facial Oil,Supports barrier repair with mild antimicrobial action,"Repairs barrier, calms acne-prone skin","2-3 drops, pressed on as the last step to seal in moisture",Both,Daily,N/A,Yes,Minimal restrictions,"Dry, Acne-prone, Sensitive","Ceramides, Niacinamide",None significant,1,N/A,Yes,No,Budget ($)
Green Tea Extract (EGCG),Antioxidant (Plant-derived),Face Mask,"Polyphenol antioxidant, anti-inflammatory","Calms redness, protects against UV-induced damage","Apply for 10-15 minutes, 1-3x per week, then rinse or wipe off",Both,Daily,N/A,Yes,Minimal restrictions,"Sensitive, Oily, All skin types","Niacinamide, Centella Asiatica",None significant,0,5.0-6.0,Yes,No,Budget ($)
Colostrum Extract,Regenerative/Barrier Ingredient,Spot Treatment,Protein and growth-factor rich extract for repair support,Supports barrier recovery and hydration,Dab a small amount directly onto targeted area,Both,Daily,N/A,Yes,"Emerging ingredient; patch test, consult doctor for allergies","Sensitive, Mature","Peptides, Ceramides",None significant,0,5.0-6.5,Consult doctor,Yes,Budget ($)
Cranberry Seed Oil,Facial Oil (Botanical),Toner/Essence,Balanced omega-3/6 fatty acid oil,"Nourishes without heaviness, antioxidant-rich","Pat into skin after cleansing, before serum",Both,Daily,N/A,Yes,Minimal restrictions,"Normal, Combination, Dry","Squalane, Vitamin E",None significant,1,N/A,Yes,No,Mid-Range ($$)
Grapeseed Oil,Facial Oil (Botanical),Cleanser,"Light, antioxidant-rich oil","Softens skin, absorbs quickly","Massage onto damp skin for 30-60 seconds, rinse",Both,Daily,N/A,Yes,Minimal restrictions,"Oily, Combination, Normal","Vitamin E, Niacinamide",None significant,1,N/A,Yes,No,Budget ($)
Apple Stem Cell Extract (PhytoCellTec Malus),Regenerative Botanical/Biotech,Toner/Essence,Plant stem cell culture extract for longevity support,Supports skin's own renewal processes,"Pat into skin after cleansing, before serum",Both,Daily,N/A,Yes,Emerging ingredient; limited long-term human data,"Mature, Normal","Peptides, Hyaluronic Acid",None significant,0,5.0-6.5,Consult doctor,No,Mid-Range ($$)
Niacinamide + Zinc Complex,Oil Control/Barrier Blend,Spot Treatment,Combined sebum regulation and barrier support,"Reduces shine, minimizes breakouts",Dab a small amount directly onto targeted area,Both,Daily,N/A,Yes,Minimal restrictions,"Oily, Acne-prone, Combination",Hyaluronic Acid,High-dose Vitamin C,0,5.0-7.0,Yes,No,Mid-Range ($$)
Passionfruit Seed Oil,Facial Oil (Botanical),Moisturizer/Cream,Linoleic-acid rich lightweight oil,"Softens without heaviness, supports barrier","Nickel-sized amount, applied as final hydrating step",Both,Daily,N/A,Yes,Minimal restrictions,"Normal, Combination, Dry","Squalane, Niacinamide",None significant,1,N/A,Yes,No,Budget ($)
Diamond Powder,Physical Exfoliant/Luxury Additive,Toner/Essence,Micro-exfoliation and light reflection,"Polishes texture, adds radiance","Pat into skin after cleansing, before serum",Night,1x daily at night,N/A,Yes,Use gently to avoid micro-tears,"Normal, Combination","Peptides, Hyaluronic Acid",Overuse with other exfoliants,1,N/A,Yes,No,Mid-Range ($$)
Bilberry Extract,Antioxidant Botanical,Cleanser,"Anthocyanin-rich antioxidant, mild AHA source",Brightens and protects skin,"Massage onto damp skin for 30-60 seconds, rinse",Both,Daily,N/A,Yes,Minimal restrictions,"All skin types, Dull skin","Vitamin C, Niacinamide",None significant,0,4.5-6.0,Yes,No,Budget ($)
Rosehip Oil,Facial Oil (Botanical),Cleanser,"Vitamin A and C rich, regenerative","Fades scars, brightens, anti-aging","Massage onto damp skin for 30-60 seconds, rinse",Night,1x daily at night,N/A,Yes,Can oxidize quickly; store in dark bottle,"Dry, Mature, Normal","Vitamin C, Squalane",Strong retinoids same time,2,N/A,Consult doctor,No,Mid-Range ($$)
Rosemary Leaf Extract,Antioxidant Botanical,Toner/Essence,Antioxidant with mild antimicrobial properties,"Protects skin, supports clarity","Pat into skin after cleansing, before serum",Both,Daily,N/A,Yes,Essential-oil sensitivity possible; patch test,"Oily, Combination, Normal","Green Tea Extract, Niacinamide",None significant,0,5.0-6.0,Consult doctor,Yes,Budget ($)
Chemical Sunscreen Filters (Avobenzone),UV Filter,Toner/Essence,Absorbs and dissipates UV radiation as heat,Broad-spectrum sun protection,"Pat into skin after cleansing, before serum",Morning,Daily,N/A,N/A (is the sunscreen),Reapply every 2 hours in sun exposure,"Normal, Oily, Combination",Antioxidants under sunscreen,None significant,1,N/A,Consult doctor,No,Mid-Range ($$)
Capryloyl Salicylic Acid,BHA (Lipophilic Derivative),Face Mask,Modified salicylic acid with deeper pore penetration,"Refines pores, reduces breakouts","Apply for 10-15 minutes, 1-3x per week, then rinse or wipe off",Night,1x daily at night,N/A,Yes,Avoid on dry/compromised skin,"Oily, Acne-prone","Niacinamide, Zinc PCA",Retinoids same time,1,3.5-4.5,Consult doctor,Yes,Premium ($$$)
Matcha Green Tea Extract,Antioxidant Botanical,Spot Treatment,Concentrated polyphenol antioxidant,Calms and protects against environmental stress,Dab a small amount directly onto targeted area,Both,Daily,N/A,Yes,Minimal restrictions,"Sensitive, Oily, All skin types","Niacinamide, Centella Asiatica",None significant,0,5.0-6.0,Yes,No,Mid-Range ($$)
Blueberry Extract,Antioxidant Botanical,Moisturizer/Cream,Anthocyanin-rich antioxidant fruit extract,Protects and brightens dull skin,"Nickel-sized amount, applied as final hydrating step",Both,Daily,N/A,Yes,Minimal restrictions,"All skin types, Dull skin","Vitamin C, Niacinamide",None significant,0,5.0-6.0,Yes,No,Mid-Range ($$)
Growth Factor Serum (Plant-derived),Regenerative/Biotech,Spot Treatment,Signals skin repair and renewal pathways,"Anti-aging, supports skin regeneration",Dab a small amount directly onto targeted area,Night,1x daily at night,2%,Yes,Emerging ingredient; limited long-term safety data,"Mature, Normal","Peptides, Hyaluronic Acid",Strong acids same time,0,5.0-7.0,Consult doctor,Yes,Premium ($$$)
Fermented Barley Extract,Fermented Botanical (K-beauty),Cleanser,Fermentation-derived brightening and conditioning extract,"Brightens, softens texture","Massage onto damp skin for 30-60 seconds, rinse",Both,Daily,N/A,Yes,Minimal restrictions,"All skin types, Dull skin","Niacinamide, Rice Water Extract",None significant,0,5.0-6.0,Yes,No,Premium ($$$)
Rutin,Antioxidant (Flavonoid),Facial Oil,"Plant flavonoid antioxidant, vascular-supportive","Protects against oxidative stress, calms redness","2-3 drops, pressed on as the last step to seal in moisture",Both,Daily,N/A,Yes,Minimal restrictions,"Sensitive, Rosacea-prone","Vitamin C, Niacinamide",None significant,0,5.0-6.0,Yes,No,Budget ($)
Red Algae Extract,Marine Antioxidant/Hydrator,Toner/Essence,Mineral and polysaccharide-rich marine extract,"Hydrates, firms, protects from environmental stress","Pat into skin after cleansing, before serum",Both,Daily,N/A,Yes,Minimal restrictions,"Dry, Normal, Dull skin","Hyaluronic Acid, Niacinamide",None significant,0,5.0-6.5,Yes,No,Budget ($)
Panthenol (Pro-Vitamin B5),Barrier Support/Humectant,Facial Oil,"Soothes and hydrates, supports barrier repair","Calms irritation, improves elasticity","2-3 drops, pressed on as the last step to seal in moisture",Both,Daily,N/A,Yes,Very well tolerated,"Sensitive, Dry, All skin types","Ceramides, Niacinamide",None significant,0,5.0-7.0,Yes,No,Mid-Range ($$)
Decyl Glucoside,Mild Cleansing Surfactant,Spot Treatment,Ultra-gentle plant-derived surfactant,"Cleanses gently, preserves moisture barrier",Dab a small amount directly onto targeted area,Both,Daily,N/A,Yes,Minimal restrictions,"Sensitive, Dry, All skin types","Ceramides, Panthenol",None significant,0,5.0-6.5,Yes,No,Mid-Range ($$)
Seaweed/Algae Extract,Hydrating/Mineral-rich Botanical,Moisturizer/Cream,Mineral-rich humectant and antioxidant,"Hydrates, remineralizes, softens","Nickel-sized amount, applied as final hydrating step",Both,Daily,N/A,Yes,Minimal restrictions,"Dry, Normal, Dull skin","Hyaluronic Acid, Niacinamide",None significant,0,5.0-6.5,Yes,No,Budget ($)
Gotu Kola Extract (Centella variant),Soothing/Regenerative Botanical,Serum,"Triterpenoid-rich, supports collagen and healing","Repairs barrier, fades the look of scars","1-2 drops, pressed into skin before heavier products",Both,Daily,N/A,Yes,Minimal restrictions,"Sensitive, Scar-prone, Acne-prone","Centella Asiatica, Niacinamide",None significant,0,5.0-6.0,Yes,No,Premium ($$$)
Hexapeptide-11,Peptide (Renewal-signaling),Toner/Essence,Supports skin renewal and radiance signaling,Improves radiance and firmness,"Pat into skin after cleansing, before serum",Night,1x daily at night,N/A,Yes,Minimal restrictions,"Mature, Dull skin","Niacinamide, Peptides",None significant,0,5.0-7.0,Consult doctor,No,Premium ($$$)
Pineapple Extract,Enzyme/Antioxidant Botanical,Face Mask,"Bromelain-containing fruit extract, mild exfoliant",Brightens and softens texture gently,"Apply for 10-15 minutes, 1-3x per week, then rinse or wipe off",Night,1x daily at night,N/A,Yes,Avoid on broken skin; mild allergy risk,"Sensitive, Normal, Dull skin","Vitamin C, Papain",Strong acids/retinoids same time,1,4.0-6.0,Consult doctor,Yes,Budget ($)
Lotus Extract,Hydrating/Soothing Botanical,Facial Oil,"Traditional calming, hydrating flower extract",Soothes and lightly hydrates,"2-3 drops, pressed on as the last step to seal in moisture",Both,Daily,N/A,Yes,Minimal restrictions,"Sensitive, All skin types","Aloe Vera, Panthenol",None significant,0,5.0-6.0,Yes,No,Premium ($$$)
Horsetail Extract (Silica-rich),Firming/Astringent Botanical,Serum,Natural silica-rich extract supporting skin structure,Firms and tightens the look of skin,"1-2 drops, pressed into skin before heavier products",Both,Daily,N/A,Yes,Minimal restrictions,"Normal, Mature, Combination","Niacinamide, Peptides",None significant,0,5.0-6.0,Consult doctor,No,Mid-Range ($$)
Evening Primrose Oil,Facial Oil (Botanical),Serum,GLA-rich oil supporting barrier and inflammation,Calms eczema-prone or reactive skin,"1-2 drops, pressed into skin before heavier products",Night,1x daily at night,N/A,Yes,Minimal restrictions,"Sensitive, Dry, Eczema-prone","Ceramides, Panthenol",None significant,2,N/A,Consult doctor,No,Mid-Range ($$)
Ceramides,Barrier Lipid,Face Mask,Restores and reinforces skin barrier lipids,"Locks in moisture, reduces sensitivity","Apply for 10-15 minutes, 1-3x per week, then rinse or wipe off",Both,Daily,N/A,Yes,Minimal restrictions,"Dry, Sensitive, Mature, All","Hyaluronic Acid, Cholesterol, Fatty Acids",None significant,1,N/A,Yes,No,Premium ($$$)
Zinc PCA,Oil Control,Spot Treatment,"Regulates sebum production, mild antibacterial",Reduces shine and breakouts,Dab a small amount directly onto targeted area,Both,Daily,N/A,Yes,Minimal restrictions,"Oily, Acne-prone","Niacinamide, Salicylic Acid",None significant,0,N/A,Yes,No,Premium ($$$)
Pentapeptide-18,Peptide (Elastin-supporting),Serum,Supports elastin production for firmness,Improves firmness and bounce,"1-2 drops, pressed into skin before heavier products",Night,1x daily at night,N/A,Yes,Minimal restrictions,Mature,"Hyaluronic Acid, Acetyl Hexapeptide-8",None significant,0,5.0-7.0,Consult doctor,No,Budget ($)
Aloe Vera,Soothing/Hydrating Botanical,Serum,"Calming, hydrating, mild anti-inflammatory","Soothes irritation, hydrates lightly","1-2 drops, pressed into skin before heavier products",Both,Daily,N/A,Yes,Minimal restrictions,"Sensitive, Sunburned, All skin types","Panthenol, Hyaluronic Acid",None significant,0,4.0-5.5,Yes,No,Premium ($$$)
Upcycled Coffee Cherry Extract,Antioxidant (Upcycled/Sustainable),Cleanser,Byproduct rich in chlorogenic acid antioxidants,"Brightens, firms, protects","Massage onto damp skin for 30-60 seconds, rinse",Both,Daily,N/A,Yes,Minimal restrictions,"All skin types, Mature","Niacinamide, Vitamin C",None significant,0,5.0-6.5,Yes,No,Budget ($)
Blue Tansy Extract,Soothing Botanical (Azulene),Face Mask,"Anti-inflammatory, calming blue pigment oil",Calms redness and irritation,"Apply for 10-15 minutes, 1-3x per week, then rinse or wipe off",Night,1x daily at night,N/A,Yes,Patch test; potent essential oil derivative,"Sensitive, Rosacea-prone","Centella Asiatica, Chamomile",None significant,1,N/A,Consult doctor,Yes,Premium ($$$)
Schisandra Berry Extract,Adaptogen/Antioxidant Botanical,Cleanser,Adaptogenic antioxidant supporting skin resilience,Protects against stress-induced aging,"Massage onto damp skin for 30-60 seconds, rinse",Both,Daily,N/A,Yes,Minimal restrictions,"Mature, Normal","Niacinamide, Vitamin C",None significant,0,5.0-6.0,Consult doctor,No,Premium ($$$)
Nylon-12,Mattifying/Texture Agent,Moisturizer/Cream,Synthetic powder that absorbs oil and blurs texture,"Mattifies shine, softens visual texture","Nickel-sized amount, applied as final hydrating step",Morning,Daily,N/A,Yes,Minimal restrictions,"Oily, Combination","Silica, Niacinamide",None significant,0,N/A,Yes,No,Premium ($$$)
Avocado Oil,Facial Oil (Botanical),Moisturizer/Cream,Fatty-acid and vitamin-rich emollient oil,Deeply nourishes very dry or mature skin,"Nickel-sized amount, applied as final hydrating step",Night,1x daily at night,N/A,Yes,Comedogenic for acne-prone users,"Dry, Mature, Very Dry","Squalane, Vitamin E",None significant,3,N/A,Yes,No,Mid-Range ($$)
Diatomaceous Earth,Purifying/Exfoliating Mineral,Cleanser,"Fossilized algae mineral, mild absorbent exfoliant","Purifies pores, gently buffs texture","Massage onto damp skin for 30-60 seconds, rinse",Night,1x daily at night,N/A,Yes,Use gentle pressure to avoid micro-tears,"Oily, Combination","Kaolin Clay, Niacinamide",Overuse with other exfoliants,0,N/A,Yes,No,Premium ($$$)
3-O-Ethyl Ascorbic Acid,Vitamin C Derivative (Stable),Cleanser,Stable derivative that converts to pure Vitamin C in skin,Brightens with better stability than L-ascorbic acid,"Massage onto damp skin for 30-60 seconds, rinse",Both,Daily,N/A,Yes,Minimal restrictions,All skin types,"Niacinamide, Ferulic Acid",Strong acids same time,0,5.0-6.5,Yes,No,Premium ($$$)
Blueberry Extract,Antioxidant Botanical,Spot Treatment,Anthocyanin-rich antioxidant fruit extract,Protects and brightens dull skin,Dab a small amount directly onto targeted area,Both,Daily,N/A,Yes,Minimal restrictions,"All skin types, Dull skin","Vitamin C, Niacinamide",None significant,0,5.0-6.0,Yes,No,Premium ($$$)
Boron Nitride,Mattifying/Texture Agent,Cleanser,Silky mineral powder for soft-focus finish,"Blurs pores, controls shine","Massage onto damp skin for 30-60 seconds, rinse",Morning,Daily,N/A,Yes,Minimal restrictions,"Oily, Combination","Silica, Niacinamide",None significant,0,N/A,Yes,No,Budget ($)
Sage Extract,Astringent/Antioxidant Botanical,Cleanser,Mild astringent with antioxidant properties,"Balances oil, soothes minor irritation","Massage onto damp skin for 30-60 seconds, rinse",Both,Daily,N/A,Yes,Patch test for essential-oil sensitivity,"Oily, Combination","Witch Hazel, Green Tea Extract",None significant,0,5.0-6.0,Consult doctor,Yes,Premium ($$$)
Squalane,Emollient/Barrier Support,Moisturizer/Cream,"Lightweight biomimetic lipid, non-comedogenic","Moisturizes without heaviness, softens skin","Nickel-sized amount, applied as final hydrating step",Both,Daily,N/A,Yes,Minimal restrictions,"All skin types, Oily, Dry","Hyaluronic Acid, Ceramides",None significant,1,N/A,Yes,No,Mid-Range ($$)
Buriti Oil,Facial Oil (Botanical),Toner/Essence,Beta-carotene rich Amazonian oil,"Nourishes, adds glow, mild antioxidant protection","Pat into skin after cleansing, before serum",Night,1x daily at night,N/A,Yes,Can have orange tint; patch test,"Dry, Dull skin","Squalane, Vitamin E",None significant,2,N/A,Consult doctor,Yes,Mid-Range ($$)
Bamboo Sap Extract,Hydrating/Soothing Botanical (K-beauty),Face Mask,Mineral-rich hydrating and soothing sap,"Refreshes, hydrates, calms","Apply for 10-15 minutes, 1-3x per week, then rinse or wipe off",Both,Daily,N/A,Yes,Minimal restrictions,"All skin types, Sensitive","Aloe Vera, Hyaluronic Acid",None significant,0,5.0-6.0,Yes,No,Premium ($$$)
Exosomes,Regenerative/Biotech,Serum,Cell-signaling vesicles supporting tissue repair,"Accelerates recovery, boosts radiance","1-2 drops, pressed into skin before heavier products",Night,1x daily at night,1%,Yes,"Emerging ingredient; consult dermatologist, limited regulation clarity","Mature, Normal, Post-procedure","Peptides, Growth Factors",Strong acids same time,0,5.0-7.0,Consult doctor,Yes,Premium ($$$)
Mandelic Acid,AHA (Alpha Hydroxy Acid),Facial Oil,"Large molecule, slow gentle exfoliation","Good for sensitive/acne-prone skin, evens tone","2-3 drops, pressed on as the last step to seal in moisture",Night,2-3x per week,15%,Yes,Avoid on open acne lesions,"Sensitive, Acne-prone","Niacinamide, Azelaic Acid","Strong retinoids, other acids",1,3.5-4.5,Consult doctor,Yes,Mid-Range ($$)
Kombucha Ferment Extract,Fermented/Probiotic Botanical,Toner/Essence,Fermentation-derived exfoliating and hydrating blend,"Softens texture, supports microbiome","Pat into skin after cleansing, before serum",Both,Daily,N/A,Yes,Minimal restrictions,"All skin types, Dull skin","Postbiotics, Niacinamide",None significant,0,4.5-5.5,Yes,No,Mid-Range ($$)
Kaolin Clay,Purifying/Oil Control,Toner/Essence,"Absorbs excess sebum, gentle mineral clay","Mattifies, minimizes shine, softens texture","Pat into skin after cleansing, before serum",Night,1x daily at night,N/A,Yes,Can be drying for dry skin,"Oily, Combination, Acne-prone","Niacinamide, Salicylic Acid",Overuse with other drying actives,0,N/A,Yes,No,Budget ($)
Caffeine,Antioxidant/De-puffing,Face Mask,"Vasoconstrictor, antioxidant properties","Reduces puffiness, brightens under-eyes","Apply for 10-15 minutes, 1-3x per week, then rinse or wipe off",Morning,Daily,N/A,Yes,Minimal restrictions,"All skin types, Under-eye area","Vitamin C, Niacinamide",None significant,0,5.0-7.0,Consult doctor,No,Premium ($$$)
Palmitoyl Pentapeptide-4,Peptide,Facial Oil,Stimulates collagen synthesis,Improves firmness and elasticity,"2-3 drops, pressed on as the last step to seal in moisture",Night,1x daily at night,2%,Yes,Minimal restrictions,Mature,"Niacinamide, Hyaluronic Acid",None significant,0,5.0-7.0,Consult doctor,No,Mid-Range ($$)
Upcycled Grape Seed Extract,Antioxidant (Upcycled/Sustainable),Toner/Essence,Polyphenol-rich byproduct antioxidant,"Protects against free radicals, firms skin","Pat into skin after cleansing, before serum",Both,Daily,N/A,Yes,Minimal restrictions,"All skin types, Mature","Vitamin C, Vitamin E",None significant,0,5.0-6.5,Yes,No,Premium ($$$)
Safflower Oil,Facial Oil (Botanical),Toner/Essence,High-linoleic lightweight oil,Balances oily/acne-prone skin while hydrating,"Pat into skin after cleansing, before serum",Both,Daily,N/A,Yes,Minimal restrictions,"Oily, Acne-prone, Combination","Niacinamide, Squalane",None significant,1,N/A,Yes,No,Premium ($$$)
Passionfruit Seed Oil,Facial Oil (Botanical),Face Mask,Linoleic-acid rich lightweight oil,"Softens without heaviness, supports barrier","Apply for 10-15 minutes, 1-3x per week, then rinse or wipe off",Both,Daily,N/A,Yes,Minimal restrictions,"Normal, Combination, Dry","Squalane, Niacinamide",None significant,1,N/A,Yes,No,Mid-Range ($$)
Plant Stem Cell Extract,Regenerative Botanical/Biotech,Facial Oil,Plant-derived extract marketed for antioxidant/renewal support,Supports skin resilience and radiance,"2-3 drops, pressed on as the last step to seal in moisture",Both,Daily,N/A,Yes,Emerging ingredient; evidence mostly antioxidant-based,"Mature, Normal","Peptides, Vitamin C",None significant,0,5.0-6.5,Consult doctor,No,Mid-Range ($$)
Mugwort Extract,Soothing Botanical (K-beauty),Face Mask,Anti-inflammatory botanical popular in Korean skincare,Calms redness and sensitivity,"Apply for 10-15 minutes, 1-3x per week, then rinse or wipe off",Both,Daily,N/A,Yes,Minimal restrictions,"Sensitive, Rosacea-prone","Centella Asiatica, Panthenol",None significant,0,5.0-6.0,Consult doctor,No,Budget ($)
Ectoin + Trehalose Complex,Barrier/Stress Protection Blend,Cleanser,Combined extremolyte blend for cellular protection,Protects against pollution and dehydration stress,"Massage onto damp skin for 30-60 seconds, rinse",Both,Daily,N/A,Yes,Minimal restrictions,"Sensitive, All skin types","Ceramides, Hyaluronic Acid",None significant,0,5.0-7.0,Yes,No,Premium ($$$)
Lotus Extract,Hydrating/Soothing Botanical,Serum,"Traditional calming, hydrating flower extract",Soothes and lightly hydrates,"1-2 drops, pressed into skin before heavier products",Both,Daily,N/A,Yes,Minimal restrictions,"Sensitive, All skin types","Aloe Vera, Panthenol",None significant,0,5.0-6.0,Yes,No,Budget ($)
Pumpkin Enzyme,Enzyme Exfoliant,Facial Oil,"Fruit enzyme exfoliation, rich in vitamins",Brightens and softens texture gently,"2-3 drops, pressed on as the last step to seal in moisture",Night,1x daily at night,N/A,Yes,Avoid on broken skin,"Sensitive, Normal, Dull skin","Vitamin C, Niacinamide",Strong acids/retinoids same time,1,4.0-6.0,Consult doctor,No,Budget ($)
Elastin,Firming Ingredient,Moisturizer/Cream,"Supports the look of skin elasticity (topical, surface-level)",Improves the appearance of firmness,"Nickel-sized amount, applied as final hydrating step",Both,Daily,N/A,Yes,Minimal restrictions,"Mature, Normal","Peptides, Collagen",None significant,0,5.0-7.0,Consult doctor,No,Mid-Range ($$)
Trifarotene,"Retinoid (Prescription, 4th-gen)",Face Mask,Highly selective RAR-gamma receptor agonist,"Treats acne and photoaging, prescription strength","Apply for 10-15 minutes, 1-3x per week, then rinse or wipe off",Night,1x daily at night,N/A,Yes,Avoid in pregnancy; prescription supervision required,"Acne-prone, Normal","Moisturizers, Ceramides","AHA/BHA, Benzoyl Peroxide together",1,5.0-6.0,No,Yes,Mid-Range ($$)
Dimethicone,Occlusive/Texture Agent (Silicone),Cleanser,"Forms breathable barrier, smooths visual texture","Locks in moisture, blurs fine lines and pores","Massage onto damp skin for 30-60 seconds, rinse",Both,Daily,N/A,Yes,Can feel heavy layered under heavy makeup; non-comedogenic for most,"All skin types, Sensitive","Moisturizers, Sunscreen",None significant,0,N/A,Yes,No,Budget ($)
Hesperidin,Antioxidant (Citrus Flavonoid),Serum,"Citrus-derived antioxidant, supports capillary strength","Brightens, reduces redness appearance","1-2 drops, pressed into skin before heavier products",Both,Daily,N/A,Yes,Minimal restrictions,"All skin types, Rosacea-prone","Vitamin C, Niacinamide",None significant,0,5.0-6.0,Yes,No,Premium ($$$)
Elderberry Extract,Antioxidant Botanical,Cleanser,Anthocyanin-rich antioxidant fruit extract,"Protects against free radicals, brightens","Massage onto damp skin for 30-60 seconds, rinse",Both,Daily,N/A,Yes,Minimal restrictions,"All skin types, Dull skin","Vitamin C, Niacinamide",None significant,0,5.0-6.0,Yes,No,Premium ($$$)
Dimethicone,Occlusive/Texture Agent (Silicone),Moisturizer/Cream,"Forms breathable barrier, smooths visual texture","Locks in moisture, blurs fine lines and pores","Nickel-sized amount, applied as final hydrating step",Both,Daily,N/A,Yes,Can feel heavy layered under heavy makeup; non-comedogenic for most,"All skin types, Sensitive","Moisturizers, Sunscreen",None significant,0,N/A,Yes,No,Mid-Range ($$)
Mandelic Acid,AHA (Alpha Hydroxy Acid),Serum,"Large molecule, slow gentle exfoliation","Good for sensitive/acne-prone skin, evens tone","1-2 drops, pressed into skin before heavier products",Night,2-3x per week,8%,Yes,Avoid on open acne lesions,"Sensitive, Acne-prone","Niacinamide, Azelaic Acid","Strong retinoids, other acids",1,3.5-4.5,Consult doctor,Yes,Budget ($)
Palmitic Acid,Fatty Acid (Barrier Support),Cleanser,Saturated fatty acid supporting barrier lipids,Reinforces barrier structure,"Massage onto damp skin for 30-60 seconds, rinse",Both,Daily,N/A,Yes,Minimal restrictions,"Dry, Sensitive","Ceramides, Cholesterol",None significant,2,N/A,Yes,No,Budget ($)
Saffron Extract,Brightening Botanical (Ayurvedic),Serum,Traditional radiance-boosting extract,"Brightens complexion, evens tone","1-2 drops, pressed into skin before heavier products",Both,Daily,N/A,Yes,Minimal restrictions,"Dull skin, All skin types","Niacinamide, Vitamin C",None significant,0,5.0-6.0,Consult doctor,No,Premium ($$$)
Chemical Sunscreen Filters (Avobenzone),UV Filter,Serum,Absorbs and dissipates UV radiation as heat,Broad-spectrum sun protection,"1-2 drops, pressed into skin before heavier products",Morning,Daily,N/A,N/A (is the sunscreen),Reapply every 2 hours in sun exposure,"Normal, Oily, Combination",Antioxidants under sunscreen,None significant,1,N/A,Consult doctor,No,Budget ($)
Glycolic Acid,AHA (Alpha Hydroxy Acid),Face Mask,Exfoliates surface skin cells,"Brightens, smooths texture, fades discoloration","Apply for 10-15 minutes, 1-3x per week, then rinse or wipe off",Night,2-3x per week,10%,Yes,Avoid on broken/sunburned skin; avoid with retinoids same session,"Normal, Oily, Combination","Hyaluronic Acid, Niacinamide","Retinoids, Vitamin C, other acids",1,3.0-4.0,Consult doctor,Yes,Mid-Range ($$)
Colloidal Gold,Antioxidant/Luxury Additive,Moisturizer/Cream,"Anti-inflammatory, supports circulation (limited evidence)",Marketed for firming and radiance,"Nickel-sized amount, applied as final hydrating step",Both,Daily,N/A,Yes,Limited robust clinical evidence; patch test,"Mature, Normal","Peptides, Vitamin C",None significant,0,N/A,Consult doctor,No,Mid-Range ($$)
Hypochlorous Acid,Antimicrobial/Soothing,Serum,Mimics the body's natural immune response molecule,"Calms inflammation, reduces bacteria","1-2 drops, pressed into skin before heavier products",Both,Daily,N/A,Yes,Very gentle; minimal restrictions,"Acne-prone, Sensitive, Post-procedure","Centella Asiatica, Niacinamide",None significant,0,4.0-6.0,Yes,No,Budget ($)
Edelweiss Extract,Antioxidant Botanical (Alpine),Toner/Essence,"High-altitude plant antioxidant, UV-stress protective",Protects against environmental and UV stress,"Pat into skin after cleansing, before serum",Both,Daily,N/A,Yes,Minimal restrictions,"All skin types, Mature","Vitamin C, Niacinamide",None significant,0,5.0-6.0,Consult doctor,No,Premium ($$$)
Comfrey Root Extract (Allantoin source),Soothing/Healing Botanical,Moisturizer/Cream,"Traditional wound-healing, soothing extract","Calms irritation, supports skin repair","Nickel-sized amount, applied as final hydrating step",Both,Daily,N/A,Yes,Use standardized cosmetic-grade extract only,"Sensitive, Post-procedure","Allantoin, Panthenol",None significant,0,5.0-6.0,Consult doctor,Yes,Mid-Range ($$)
Goji Berry Extract,Antioxidant Botanical,Toner/Essence,Nutrient-dense antioxidant fruit extract,Brightens and supports skin resilience,"Pat into skin after cleansing, before serum",Both,Daily,N/A,Yes,Minimal restrictions,"All skin types, Dull skin","Vitamin C, Niacinamide",None significant,0,5.0-6.0,Yes,No,Premium ($$$)
Comfrey Root Extract (Allantoin source),Soothing/Healing Botanical,Serum,"Traditional wound-healing, soothing extract","Calms irritation, supports skin repair","1-2 drops, pressed into skin before heavier products",Both,Daily,N/A,Yes,Use standardized cosmetic-grade extract only,"Sensitive, Post-procedure","Allantoin, Panthenol",None significant,0,5.0-6.0,Consult doctor,Yes,Budget ($)
Coenzyme Q10 (Ubiquinone),Antioxidant,Cleanser,"Supports cellular energy, reduces oxidative stress","Firms skin, reduces fine lines","Massage onto damp skin for 30-60 seconds, rinse",Both,Daily,5%,Yes,Minimal restrictions,"Mature, Normal","Vitamin E, Peptides",None significant,1,N/A,Yes,No,Budget ($)
Elastin,Firming Ingredient,Serum,"Supports the look of skin elasticity (topical, surface-level)",Improves the appearance of firmness,"1-2 drops, pressed into skin before heavier products",Both,Daily,N/A,Yes,Minimal restrictions,"Mature, Normal","Peptides, Collagen",None significant,0,5.0-7.0,Consult doctor,No,Premium ($$$)
Kombucha Ferment Extract,Fermented/Probiotic Botanical,Serum,Fermentation-derived exfoliating and hydrating blend,"Softens texture, supports microbiome","1-2 drops, pressed into skin before heavier products",Both,Daily,N/A,Yes,Minimal restrictions,"All skin types, Dull skin","Postbiotics, Niacinamide",None significant,0,4.5-5.5,Yes,No,Mid-Range ($$)
Lactobacillus/Rice Ferment Filtrate,Fermented/Probiotic Ingredient,Spot Treatment,Rice fermentation extract supporting microbiome balance,"Softens, brightens, supports barrier",Dab a small amount directly onto targeted area,Both,Daily,N/A,Yes,Minimal restrictions,"All skin types, Dull skin","Postbiotics, Niacinamide",None significant,0,4.5-5.5,Yes,No,Mid-Range ($$)
Sodium Cocoyl Isethionate,Mild Cleansing Surfactant,Toner/Essence,"Coconut-derived gentle cleansing agent, low irritation",Cleanses gently while preserving barrier,"Pat into skin after cleansing, before serum",Both,Daily,N/A,Yes,Minimal restrictions,"Sensitive, Dry, All skin types","Ceramides, Glycerin",None significant,0,5.0-6.5,Yes,No,Budget ($)
Tamanu Oil,Facial Oil (Botanical),Facial Oil,Healing oil traditionally used for scars/blemishes,Supports healing of scars and blemishes,"2-3 drops, pressed on as the last step to seal in moisture",Night,1x daily at night,N/A,Yes,Distinct smell; patch test recommended,"Acne-prone, Scar-prone","Niacinamide, Centella Asiatica",None significant,2,N/A,Consult doctor,Yes,Mid-Range ($$)
Palmitic Acid,Fatty Acid (Barrier Support),Serum,Saturated fatty acid supporting barrier lipids,Reinforces barrier structure,"1-2 drops, pressed into skin before heavier products",Both,Daily,N/A,Yes,Minimal restrictions,"Dry, Sensitive","Ceramides, Cholesterol",None significant,2,N/A,Yes,No,Mid-Range ($$)
Nylon-12,Mattifying/Texture Agent,Toner/Essence,Synthetic powder that absorbs oil and blurs texture,"Mattifies shine, softens visual texture","Pat into skin after cleansing, before serum",Morning,Daily,N/A,Yes,Minimal restrictions,"Oily, Combination","Silica, Niacinamide",None significant,0,N/A,Yes,No,Mid-Range ($$)
Polyglutamic Acid,Humectant (Fermentation-derived),Spot Treatment,Holds moisture even more than hyaluronic acid,"Deep, long-lasting hydration and plumping",Dab a small amount directly onto targeted area,Both,Daily,N/A,Yes,Minimal restrictions,"All skin types, Dry, Dehydrated skin","Hyaluronic Acid, Ceramides",None significant,0,5.0-7.0,Yes,No,Budget ($)
Citric Acid,AHA (Alpha Hydroxy Acid),Toner/Essence,"Fruit-derived exfoliant, also a pH adjuster",Brightens and gently exfoliates,"Pat into skin after cleansing, before serum",Night,2-3x per week,5%,Yes,Avoid on broken/sunburned skin,"Normal, Oily, Combination","Niacinamide, Hyaluronic Acid","Retinoids, other acids together",1,3.0-4.0,Consult doctor,Yes,Premium ($$$)
Black Cohosh Extract,Phytoestrogen Botanical,Face Mask,Traditional botanical supporting skin elasticity,Supports firmness in mature skin,"Apply for 10-15 minutes, 1-3x per week, then rinse or wipe off",Both,Daily,N/A,Yes,Minimal restrictions,Mature,"Peptides, Niacinamide",None significant,0,5.0-6.0,Consult doctor,No,Premium ($$$)
Seaweed/Algae Extract,Hydrating/Mineral-rich Botanical,Face Mask,Mineral-rich humectant and antioxidant,"Hydrates, remineralizes, softens","Apply for 10-15 minutes, 1-3x per week, then rinse or wipe off",Both,Daily,N/A,Yes,Minimal restrictions,"Dry, Normal, Dull skin","Hyaluronic Acid, Niacinamide",None significant,0,5.0-6.5,Yes,No,Premium ($$$)
Sea Buckthorn Oil,Facial Oil (Botanical),Facial Oil,Rich in omega fatty acids and carotenoids,"Nourishes, supports barrier, mild brightening","2-3 drops, pressed on as the last step to seal in moisture",Night,1x daily at night,N/A,Yes,Can stain fabrics; patch test for sensitivity,"Dry, Mature, Normal","Squalane, Ceramides",None significant,2,N/A,Yes,Yes,Budget ($)
Black Cumin Seed Oil,Facial Oil (Botanical),Spot Treatment,Thymoquinone-rich anti-inflammatory oil,Calms breakouts and inflammation,Dab a small amount directly onto targeted area,Night,1x daily at night,N/A,Yes,Patch test for sensitivity,"Acne-prone, Sensitive","Niacinamide, Centella Asiatica",None significant,2,N/A,Consult doctor,Yes,Mid-Range ($$)
Salicylic Acid,BHA (Beta Hydroxy Acid),Spot Treatment,"Oil-soluble exfoliant, penetrates pores","Clears blackheads, reduces acne and oiliness",Dab a small amount directly onto targeted area,Night,3-4x per week,1%,Yes,"Avoid on dry/compromised skin, aspirin allergy caution","Oily, Acne-prone, Combination","Niacinamide, Clay masks","Retinoids, other acids at same time",1,3.0-4.0,Consult doctor,Yes,Budget ($)
Ceramide NP,Barrier Lipid (Specific Ceramide),Serum,Key structural lipid for barrier repair,"Restores barrier, reduces moisture loss","1-2 drops, pressed into skin before heavier products",Both,Daily,N/A,Yes,Minimal restrictions,"Dry, Sensitive, Mature","Cholesterol, Fatty Acids",None significant,1,N/A,Yes,No,Budget ($)
"FGF (Fibroblast Growth Factor, Recombinant)",Regenerative/Biotech,Facial Oil,Recombinant protein supporting fibroblast collagen output,Supports firmness and skin density,"2-3 drops, pressed on as the last step to seal in moisture",Night,1x daily at night,1%,Yes,"Emerging ingredient; consult dermatologist, limited long-term data","Mature, Normal","Peptides, Hyaluronic Acid",Strong acids same time,0,5.0-7.0,Consult doctor,Yes,Premium ($$$)
Colloidal Gold,Antioxidant/Luxury Additive,Facial Oil,"Anti-inflammatory, supports circulation (limited evidence)",Marketed for firming and radiance,"2-3 drops, pressed on as the last step to seal in moisture",Both,Daily,N/A,Yes,Limited robust clinical evidence; patch test,"Mature, Normal","Peptides, Vitamin C",None significant,0,N/A,Consult doctor,No,Budget ($)
Beta Carotene,Antioxidant (Provitamin A),Toner/Essence,"Precursor antioxidant, supports skin renewal",Supports even tone and radiance,"Pat into skin after cleansing, before serum",Both,Daily,N/A,Yes,Minimal restrictions,All skin types,"Vitamin C, Vitamin E",None significant,0,N/A,Yes,No,Budget ($)
Jojoba Esters (Jojoba Beads),Physical Exfoliant (Biodegradable),Spot Treatment,"Round, gentle biodegradable exfoliating beads",Buffs away dead skin without micro-tears,Dab a small amount directly onto targeted area,Night,1x daily at night,N/A,Yes,Minimal restrictions,"All skin types, Sensitive","Niacinamide, Squalane",None significant,1,N/A,Yes,No,Budget ($)
Azelaic Acid,Multi-functional Acid,Toner/Essence,"Anti-inflammatory, tyrosinase inhibitor","Treats acne, rosacea redness, hyperpigmentation","Pat into skin after cleansing, before serum",Both,1-2x daily,15%,Yes,Mild tingling common initially; discontinue if severe irritation,"Acne-prone, Rosacea, Sensitive","Niacinamide, Retinoids (alternate nights)",Very strong acids at same time,0,4.0-5.0,Yes,No,Premium ($$$)
Tranexamic Acid,Brightening Agent,Toner/Essence,Inhibits melanin transfer pathway,Fades melasma and stubborn dark spots,"Pat into skin after cleansing, before serum",Both,Daily,1%,Yes,Consult doctor if on blood thinners,"Hyperpigmentation-prone, All skin types","Niacinamide, Vitamin C",None significant,0,5.0-6.5,Consult doctor,No,Budget ($)
Turmeric Extract,Anti-inflammatory Botanical,Facial Oil,Curcumin-based anti-inflammatory and brightening,"Calms redness, brightens dull skin","2-3 drops, pressed on as the last step to seal in moisture",Both,Daily,N/A,Yes,Can temporarily stain skin/fabric,"Sensitive, Dull skin, Hyperpigmentation-prone","Niacinamide, Vitamin C",None significant,0,5.0-6.5,Consult doctor,No,Premium ($$$)
Colloidal Gold,Antioxidant/Luxury Additive,Serum,"Anti-inflammatory, supports circulation (limited evidence)",Marketed for firming and radiance,"1-2 drops, pressed into skin before heavier products",Both,Daily,N/A,Yes,Limited robust clinical evidence; patch test,"Mature, Normal","Peptides, Vitamin C",None significant,0,N/A,Consult doctor,No,Mid-Range ($$)
Bamboo Powder,Physical Exfoliant (Botanical),Moisturizer/Cream,Fine botanical exfoliating powder,"Buffs texture, smooths rough patches","Nickel-sized amount, applied as final hydrating step",Night,1x daily at night,N/A,Yes,Use gentle pressure to avoid micro-tears,"Normal, Combination, Oily","Niacinamide, Clay",Overuse with chemical exfoliants,0,N/A,Yes,No,Budget ($)
4-Butylresorcinol,Brightening Agent (Tyrosinase Inhibitor),Spot Treatment,"Potent, fast-acting tyrosinase inhibitor",Fades dark spots and evens tone quickly,Dab a small amount directly onto targeted area,Both,Daily,N/A,Yes,Generally well tolerated,Hyperpigmentation-prone,"Niacinamide, Vitamin C",None significant,0,5.0-6.5,Consult doctor,No,Budget ($)
Coconut Oil,Facial Oil (Botanical),Face Mask,"Rich, occlusive saturated-fat oil","Deeply moisturizes very dry, non-acne-prone skin","Apply for 10-15 minutes, 1-3x per week, then rinse or wipe off",Night,1x daily at night,N/A,Yes,Highly comedogenic; avoid on acne-prone skin,"Very Dry, Normal (not for acne-prone)",Shea Butter,Use on acne-prone skin,4,N/A,Yes,No,Mid-Range ($$)
Papaya Enzyme (Papain),Enzyme Exfoliant,Spot Treatment,Breaks down dead skin cell proteins gently,"Brightens, smooths without physical scrubbing",Dab a small amount directly onto targeted area,Night,1x daily at night,N/A,Yes,Avoid on broken skin,"Sensitive, Normal, Dull skin","Vitamin C, Hyaluronic Acid",Strong acids/retinoids same time,1,4.0-6.0,Consult doctor,No,Premium ($$$)
Watermelon Extract,Hydrating Botanical,Cleanser,Amino-acid and water-rich hydrating extract,Refreshes and hydrates lightly,"Massage onto damp skin for 30-60 seconds, rinse",Morning,Daily,N/A,Yes,Minimal restrictions,"All skin types, Dry","Hyaluronic Acid, Aloe Vera",None significant,0,5.0-6.0,Yes,No,Mid-Range ($$)
Fermented Soybean Extract,Fermented/Biotech Ingredient,Toner/Essence,Rich in isoflavones and amino acids,"Firms, brightens, supports elasticity","Pat into skin after cleansing, before serum",Both,Daily,N/A,Yes,Minimal restrictions,"Mature, Normal","Niacinamide, Peptides",None significant,0,5.0-6.5,Consult doctor,No,Budget ($)
Charcoal (Activated),Purifying/Detox Agent,Serum,Adsorbs excess oil and impurities,"Deep cleanses, minimizes pore congestion","1-2 drops, pressed into skin before heavier products",Night,1x daily at night,N/A,Yes,Can be drying with overuse,"Oily, Acne-prone, Combination","Clay, Niacinamide",Overuse with other drying actives,0,N/A,Yes,No,Mid-Range ($$)
Kokum Butter,Emollient (Butter),Serum,"Firm, stable plant butter",Moisturizes and softens rough patches,"1-2 drops, pressed into skin before heavier products",Both,Daily,N/A,Yes,Minimal restrictions,"Dry, Very Dry","Shea Butter, Squalane",None significant,2,N/A,Yes,No,Budget ($)
Bisabolol,Soothing Agent (Chamomile-derived),Cleanser,"Anti-inflammatory, calming",Reduces redness and sensitivity,"Massage onto damp skin for 30-60 seconds, rinse",Both,Daily,N/A,Yes,Minimal restrictions,"Sensitive, All skin types","Centella Asiatica, Panthenol",None significant,0,N/A,Yes,No,Premium ($$$)
Tetrahexyldecyl Ascorbate,Vitamin C Derivative (Oil-soluble),Spot Treatment,"Stable, oil-soluble Vitamin C form","Brightening with excellent stability, low irritation",Dab a small amount directly onto targeted area,Both,Daily,N/A,Yes,Minimal restrictions,"All skin types, Sensitive","Vitamin E, Ferulic Acid",Strong acids same time,1,5.5-7.0,Yes,No,Mid-Range ($$)
Squalane,Emollient/Barrier Support,Serum,"Lightweight biomimetic lipid, non-comedogenic","Moisturizes without heaviness, softens skin","1-2 drops, pressed into skin before heavier products",Both,Daily,N/A,Yes,Minimal restrictions,"All skin types, Oily, Dry","Hyaluronic Acid, Ceramides",None significant,1,N/A,Yes,No,Budget ($)
Green Tea Extract (EGCG),Antioxidant (Plant-derived),Spot Treatment,"Polyphenol antioxidant, anti-inflammatory","Calms redness, protects against UV-induced damage",Dab a small amount directly onto targeted area,Both,Daily,N/A,Yes,Minimal restrictions,"Sensitive, Oily, All skin types","Niacinamide, Centella Asiatica",None significant,0,5.0-6.0,Yes,No,Budget ($)
Lactic Acid,AHA (Alpha Hydroxy Acid),Toner/Essence,"Gentle exfoliation, humectant properties","Improves texture, hydrates while exfoliating","Pat into skin after cleansing, before serum",Night,2-3x per week,8%,Yes,Avoid on compromised skin barrier,"Sensitive, Dry, Normal","Ceramides, Hyaluronic Acid","Retinoids, other strong acids",1,3.5-4.5,Consult doctor,Yes,Budget ($)
Adapalene,Retinoid (OTC Acne Treatment),Moisturizer/Cream,Selective retinoic acid receptor agonist,"Treats and prevents acne, refines texture","Nickel-sized amount, applied as final hydrating step",Night,1x daily at night,N/A,Yes,Avoid in pregnancy; avoid with other exfoliants same time,"Oily, Acne-prone","Moisturizers, Niacinamide","Benzoyl Peroxide, AHA/BHA together",1,5.0-6.0,No,Yes,Mid-Range ($$)
Sodium Cocoyl Isethionate,Mild Cleansing Surfactant,Serum,"Coconut-derived gentle cleansing agent, low irritation",Cleanses gently while preserving barrier,"1-2 drops, pressed into skin before heavier products",Both,Daily,N/A,Yes,Minimal restrictions,"Sensitive, Dry, All skin types","Ceramides, Glycerin",None significant,0,5.0-6.5,Yes,No,Premium ($$$)
Matcha Green Tea Extract,Antioxidant Botanical,Serum,Concentrated polyphenol antioxidant,Calms and protects against environmental stress,"1-2 drops, pressed into skin before heavier products",Both,Daily,N/A,Yes,Minimal restrictions,"Sensitive, Oily, All skin types","Niacinamide, Centella Asiatica",None significant,0,5.0-6.0,Yes,No,Mid-Range ($$)
Gotu Kola Extract (Centella variant),Soothing/Regenerative Botanical,Spot Treatment,"Triterpenoid-rich, supports collagen and healing","Repairs barrier, fades the look of scars",Dab a small amount directly onto targeted area,Both,Daily,N/A,Yes,Minimal restrictions,"Sensitive, Scar-prone, Acne-prone","Centella Asiatica, Niacinamide",None significant,0,5.0-6.0,Yes,No,Mid-Range ($$)
Copper Tripeptide-1,Peptide (Copper-bound),Serum,Supports collagen remodeling and wound healing,"Firms, repairs, improves elasticity","1-2 drops, pressed into skin before heavier products",Night,1x daily at night,N/A,Yes,Avoid direct mixing with Vitamin C,"Mature, Normal","Hyaluronic Acid, Ceramides",Vitamin C at same time,0,5.0-7.0,Consult doctor,No,Budget ($)
Postbiotics,Microbiome Support/Biotech,Spot Treatment,Byproducts of beneficial bacteria supporting skin flora,"Strengthens barrier, calms sensitivity",Dab a small amount directly onto targeted area,Both,Daily,N/A,Yes,Emerging ingredient; generally well tolerated,"Sensitive, All skin types","Ceramides, Panthenol",None significant,0,5.0-6.5,Yes,No,Mid-Range ($$)
Astaxanthin,Antioxidant (Algae-derived),Facial Oil,Powerful carotenoid antioxidant,"Protects against UV/oxidative damage, evens tone","2-3 drops, pressed on as the last step to seal in moisture",Both,Daily,N/A,Yes,Minimal restrictions,"All skin types, Mature","Vitamin C, Niacinamide",None significant,0,5.0-6.5,Consult doctor,No,Mid-Range ($$)
Pequi Oil,Facial Oil (Botanical),Serum,Carotenoid-rich Brazilian antioxidant oil,Nourishes and protects mature skin,"1-2 drops, pressed into skin before heavier products",Night,1x daily at night,N/A,Yes,Minimal restrictions,"Dry, Mature","Squalane, Vitamin E",None significant,2,N/A,Consult doctor,Yes,Budget ($)
Cucumber Extract,Hydrating/Soothing Botanical,Moisturizer/Cream,"Cooling, mildly astringent, hydrating","Refreshes, reduces puffiness","Nickel-sized amount, applied as final hydrating step",Morning,Daily,N/A,Yes,Minimal restrictions,"All skin types, Sensitive","Aloe Vera, Hyaluronic Acid",None significant,0,5.0-6.0,Yes,No,Mid-Range ($$)
Kaolin Clay,Purifying/Oil Control,Facial Oil,"Absorbs excess sebum, gentle mineral clay","Mattifies, minimizes shine, softens texture","2-3 drops, pressed on as the last step to seal in moisture",Night,1x daily at night,N/A,Yes,Can be drying for dry skin,"Oily, Combination, Acne-prone","Niacinamide, Salicylic Acid",Overuse with other drying actives,0,N/A,Yes,No,Premium ($$$)
Marine Collagen,Regenerative/Firming Ingredient,Face Mask,"Supports skin structure and firmness (topical, surface-level)",Improves the look of firmness and hydration,"Apply for 10-15 minutes, 1-3x per week, then rinse or wipe off",Both,Daily,N/A,Yes,Patch test for fish-derived allergy,"Mature, Dry","Peptides, Hyaluronic Acid",None significant,0,5.0-7.0,Consult doctor,Yes,Mid-Range ($$)
Acai Berry Extract,Antioxidant Botanical,Serum,Anthocyanin-rich Amazonian fruit antioxidant,"Protects against oxidative stress, brightens","1-2 drops, pressed into skin before heavier products",Both,Daily,N/A,Yes,Minimal restrictions,"All skin types, Dull skin","Vitamin C, Niacinamide",None significant,0,5.0-6.0,Yes,No,Premium ($$$)
Black Cohosh Extract,Phytoestrogen Botanical,Cleanser,Traditional botanical supporting skin elasticity,Supports firmness in mature skin,"Massage onto damp skin for 30-60 seconds, rinse",Both,Daily,N/A,Yes,Minimal restrictions,Mature,"Peptides, Niacinamide",None significant,0,5.0-6.0,Consult doctor,No,Premium ($$$)
Polyhydroxy Acid (PHA),PHA,Moisturizer/Cream,Gentle surface exfoliation with humectant effect,"Mild exfoliation for sensitive skin, hydration","Nickel-sized amount, applied as final hydrating step",Both,"Daily, well tolerated",8%,Yes,Minimal restrictions; still patch test,"Sensitive, Rosacea-prone, Dry","Hyaluronic Acid, Ceramides",Strong actives layered heavily,1,3.5-4.5,Consult doctor,No,Budget ($)
Frankincense Extract,Anti-aging Botanical (Fragrance),Facial Oil,"Traditional resin extract, mild astringent",Supports firmness and even tone,"2-3 drops, pressed on as the last step to seal in moisture",Night,1x daily at night,N/A,Yes,Fragrance allergy risk; patch test,"Mature, Normal","Peptides, Vitamin C",None significant,1,5.0-6.0,Consult doctor,Yes,Premium ($$$)
Cocamidopropyl Betaine,Mild Cleansing Surfactant,Cleanser,Coconut-derived foam-boosting gentle surfactant,"Cleanses with light foam, gentle on skin","Massage onto damp skin for 30-60 seconds, rinse",Both,Daily,N/A,Yes,Rare contact-allergy reports; patch test if sensitive,"All skin types, Sensitive","Decyl Glucoside, Glycerin",None significant,0,5.0-6.5,Yes,Yes,Budget ($)
Coconut Oil,Facial Oil (Botanical),Spot Treatment,"Rich, occlusive saturated-fat oil","Deeply moisturizes very dry, non-acne-prone skin",Dab a small amount directly onto targeted area,Night,1x daily at night,N/A,Yes,Highly comedogenic; avoid on acne-prone skin,"Very Dry, Normal (not for acne-prone)",Shea Butter,Use on acne-prone skin,4,N/A,Yes,No,Premium ($$$)
Colloidal Gold,Antioxidant/Luxury Additive,Toner/Essence,"Anti-inflammatory, supports circulation (limited evidence)",Marketed for firming and radiance,"Pat into skin after cleansing, before serum",Both,Daily,N/A,Yes,Limited robust clinical evidence; patch test,"Mature, Normal","Peptides, Vitamin C",None significant,0,N/A,Consult doctor,No,Mid-Range ($$)
Centella Asiatica (Cica),Soothing/Botanical,Serum,"Anti-inflammatory, wound-healing botanical","Calms redness, supports barrier recovery","1-2 drops, pressed into skin before heavier products",Both,Daily,N/A,Yes,Minimal restrictions,"Sensitive, Acne-prone, Rosacea","Panthenol, Niacinamide",None significant,0,5.0-6.0,Yes,No,Budget ($)
Beta-Sitosterol,Barrier/Anti-inflammatory Lipid,Spot Treatment,Plant sterol supporting barrier and calming inflammation,Soothes and repairs sensitive skin,Dab a small amount directly onto targeted area,Both,Daily,N/A,Yes,Minimal restrictions,"Sensitive, Dry","Ceramides, Phytosterols",None significant,1,N/A,Yes,No,Mid-Range ($$)
Willow Bark Extract,Natural BHA Alternative,Serum,"Contains salicin, gentle exfoliating botanical","Mild exfoliation, evens texture","1-2 drops, pressed into skin before heavier products",Night,1x daily at night,N/A,Yes,Gentler than salicylic acid but still exfoliating,"Sensitive, Combination","Niacinamide, Panthenol",Other strong acids,1,4.0-5.0,Consult doctor,No,Budget ($)
Raspberry Seed Oil,Facial Oil (Botanical),Moisturizer/Cream,Vitamin E and fatty-acid rich protective oil,Nourishes and protects skin barrier,"Nickel-sized amount, applied as final hydrating step",Night,1x daily at night,N/A,Yes,Minimal restrictions,"Dry, Normal","Squalane, Vitamin E",None significant,1,N/A,Yes,No,Premium ($$$)
Beta-Glucan,Soothing/Humectant,Toner/Essence,Polysaccharide that calms and hydrates,"Reduces sensitivity, supports barrier repair","Pat into skin after cleansing, before serum",Both,Daily,N/A,Yes,Very gentle; minimal restrictions,"Sensitive, Dry, All skin types","Ceramides, Panthenol",None significant,0,5.0-6.5,Yes,No,Premium ($$$)
Acetyl Hexapeptide-8 (Argireline),Peptide (Neurotransmitter-inhibiting),Face Mask,Relaxes micro-muscle contractions,Softens expression lines,"Apply for 10-15 minutes, 1-3x per week, then rinse or wipe off",Night,1x daily at night,N/A,Yes,Minimal restrictions,"Mature, Normal","Peptide complexes, Hyaluronic Acid",None significant,0,5.0-7.0,Consult doctor,No,Budget ($)
Turmeric Extract,Anti-inflammatory Botanical,Moisturizer/Cream,Curcumin-based anti-inflammatory and brightening,"Calms redness, brightens dull skin","Nickel-sized amount, applied as final hydrating step",Both,Daily,N/A,Yes,Can temporarily stain skin/fabric,"Sensitive, Dull skin, Hyperpigmentation-prone","Niacinamide, Vitamin C",None significant,0,5.0-6.5,Consult doctor,No,Mid-Range ($$)
Red Algae Extract,Marine Antioxidant/Hydrator,Face Mask,Mineral and polysaccharide-rich marine extract,"Hydrates, firms, protects from environmental stress","Apply for 10-15 minutes, 1-3x per week, then rinse or wipe off",Both,Daily,N/A,Yes,Minimal restrictions,"Dry, Normal, Dull skin","Hyaluronic Acid, Niacinamide",None significant,0,5.0-6.5,Yes,No,Premium ($$$)
Jojoba Oil,Facial Oil (Botanical),Moisturizer/Cream,Wax ester similar to skin's natural sebum,"Balances oil production, moisturizes","Nickel-sized amount, applied as final hydrating step",Both,Daily,N/A,Yes,Minimal restrictions,"Oily, Combination, All skin types","Squalane, Niacinamide",None significant,2,N/A,Yes,No,Mid-Range ($$)
"Bee Venom (Cosmetic-grade, Diluted)",Firming/Stimulating Ingredient,Toner/Essence,Marketed to mimic mild inflammatory firming response,Temporary plumping and firming effect,"Pat into skin after cleansing, before serum",Night,1x daily at night,N/A,Yes,Bee-product allergy risk; patch test required,"Mature, Normal (not for allergy-prone)","Peptides, Hyaluronic Acid",Strong acids same time,0,5.0-6.5,Consult doctor,Yes,Budget ($)
Saccharomyces Ferment Filtrate,Fermented/Biotech Ingredient,Spot Treatment,Yeast-fermentation extract rich in vitamins and minerals,"Brightens, hydrates, supports resilience",Dab a small amount directly onto targeted area,Both,Daily,N/A,Yes,Minimal restrictions,"All skin types, Dull skin","Niacinamide, Hyaluronic Acid",None significant,0,5.0-6.5,Yes,No,Premium ($$$)
Apricot Kernel Oil,Facial Oil (Botanical),Facial Oil,"Lightweight, vitamin-rich emollient oil",Softens and conditions sensitive skin,"2-3 drops, pressed on as the last step to seal in moisture",Both,Daily,N/A,Yes,Minimal restrictions,"Sensitive, Dry, Normal","Squalane, Chamomile",None significant,2,N/A,Yes,No,Mid-Range ($$)
Phytosphingosine,Barrier Lipid/Antimicrobial,Moisturizer/Cream,Supports barrier repair with mild antimicrobial action,"Repairs barrier, calms acne-prone skin","Nickel-sized amount, applied as final hydrating step",Both,Daily,N/A,Yes,Minimal restrictions,"Dry, Acne-prone, Sensitive","Ceramides, Niacinamide",None significant,1,N/A,Yes,No,Budget ($)
Panthenol (Pro-Vitamin B5),Barrier Support/Humectant,Cleanser,"Soothes and hydrates, supports barrier repair","Calms irritation, improves elasticity","Massage onto damp skin for 30-60 seconds, rinse",Both,Daily,N/A,Yes,Very well tolerated,"Sensitive, Dry, All skin types","Ceramides, Niacinamide",None significant,0,5.0-7.0,Yes,No,Premium ($$$)
Sea Buckthorn Oil,Facial Oil (Botanical),Moisturizer/Cream,Rich in omega fatty acids and carotenoids,"Nourishes, supports barrier, mild brightening","Nickel-sized amount, applied as final hydrating step",Night,1x daily at night,N/A,Yes,Can stain fabrics; patch test for sensitivity,"Dry, Mature, Normal","Squalane, Ceramides",None significant,2,N/A,Yes,Yes,Premium ($$$)
Chaga Mushroom Extract,Antioxidant (Mushroom),Serum,Potent antioxidant with melanin-modulating properties,"Brightens, protects against oxidative stress","1-2 drops, pressed into skin before heavier products",Both,Daily,N/A,Yes,Minimal restrictions,"Dull skin, Mature","Vitamin C, Niacinamide",None significant,0,5.0-6.0,Consult doctor,No,Budget ($)
Pentapeptide-18,Peptide (Elastin-supporting),Moisturizer/Cream,Supports elastin production for firmness,Improves firmness and bounce,"Nickel-sized amount, applied as final hydrating step",Night,1x daily at night,N/A,Yes,Minimal restrictions,Mature,"Hyaluronic Acid, Acetyl Hexapeptide-8",None significant,0,5.0-7.0,Consult doctor,No,Premium ($$$)
Diosmin,Circulation-support/Antioxidant,Face Mask,Citrus-derived flavonoid supporting microcirculation,"Reduces redness, supports skin resilience","Apply for 10-15 minutes, 1-3x per week, then rinse or wipe off",Both,Daily,N/A,Yes,Minimal restrictions,"Rosacea-prone, Sensitive","Niacinamide, Centella Asiatica",None significant,0,5.0-6.0,Consult doctor,No,Premium ($$$)
Saccharomyces Ferment Filtrate,Fermented/Biotech Ingredient,Cleanser,Yeast-fermentation extract rich in vitamins and minerals,"Brightens, hydrates, supports resilience","Massage onto damp skin for 30-60 seconds, rinse",Both,Daily,N/A,Yes,Minimal restrictions,"All skin types, Dull skin","Niacinamide, Hyaluronic Acid",None significant,0,5.0-6.5,Yes,No,Budget ($)
Jojoba Esters (Jojoba Beads),Physical Exfoliant (Biodegradable),Face Mask,"Round, gentle biodegradable exfoliating beads",Buffs away dead skin without micro-tears,"Apply for 10-15 minutes, 1-3x per week, then rinse or wipe off",Night,1x daily at night,N/A,Yes,Minimal restrictions,"All skin types, Sensitive","Niacinamide, Squalane",None significant,1,N/A,Yes,No,Budget ($)
Centella Asiatica (Cica),Soothing/Botanical,Facial Oil,"Anti-inflammatory, wound-healing botanical","Calms redness, supports barrier recovery","2-3 drops, pressed on as the last step to seal in moisture",Both,Daily,N/A,Yes,Minimal restrictions,"Sensitive, Acne-prone, Rosacea","Panthenol, Niacinamide",None significant,0,5.0-6.0,Yes,No,Premium ($$$)
Charcoal (Activated),Purifying/Detox Agent,Face Mask,Adsorbs excess oil and impurities,"Deep cleanses, minimizes pore congestion","Apply for 10-15 minutes, 1-3x per week, then rinse or wipe off",Night,1x daily at night,N/A,Yes,Can be drying with overuse,"Oily, Acne-prone, Combination","Clay, Niacinamide",Overuse with other drying actives,0,N/A,Yes,No,Premium ($$$)
Turmeric Extract,Anti-inflammatory Botanical,Toner/Essence,Curcumin-based anti-inflammatory and brightening,"Calms redness, brightens dull skin","Pat into skin after cleansing, before serum",Both,Daily,N/A,Yes,Can temporarily stain skin/fabric,"Sensitive, Dull skin, Hyperpigmentation-prone","Niacinamide, Vitamin C",None significant,0,5.0-6.5,Consult doctor,No,Mid-Range ($$)
Jojoba Oil,Facial Oil (Botanical),Serum,Wax ester similar to skin's natural sebum,"Balances oil production, moisturizes","1-2 drops, pressed into skin before heavier products",Both,Daily,N/A,Yes,Minimal restrictions,"Oily, Combination, All skin types","Squalane, Niacinamide",None significant,2,N/A,Yes,No,Budget ($)
Aloe Vera,Soothing/Hydrating Botanical,Facial Oil,"Calming, hydrating, mild anti-inflammatory","Soothes irritation, hydrates lightly","2-3 drops, pressed on as the last step to seal in moisture",Both,Daily,N/A,Yes,Minimal restrictions,"Sensitive, Sunburned, All skin types","Panthenol, Hyaluronic Acid",None significant,0,4.0-5.5,Yes,No,Premium ($$$)
"EGF (Epidermal Growth Factor, Recombinant)",Regenerative/Biotech,Facial Oil,Recombinant protein signaling skin cell renewal,"Accelerates healing, improves texture and firmness","2-3 drops, pressed on as the last step to seal in moisture",Night,1x daily at night,5%,Yes,"Emerging ingredient; consult dermatologist, limited long-term data","Mature, Post-procedure","Peptides, Hyaluronic Acid",Strong acids same time,0,5.0-7.0,Consult doctor,Yes,Premium ($$$)
Titanium Dioxide,UV Filter (Mineral),Spot Treatment,Physical UV blocker,"Broad-spectrum sun protection, gentle",Dab a small amount directly onto targeted area,Morning,Daily,N/A,N/A (is the sunscreen),Reapply every 2 hours in sun exposure,"Sensitive, All skin types","Zinc Oxide, Antioxidants",None significant,0,N/A,Yes,No,Budget ($)
Glycolic Acid,AHA (Alpha Hydroxy Acid),Facial Oil,Exfoliates surface skin cells,"Brightens, smooths texture, fades discoloration","2-3 drops, pressed on as the last step to seal in moisture",Night,2-3x per week,8%,Yes,Avoid on broken/sunburned skin; avoid with retinoids same session,"Normal, Oily, Combination","Hyaluronic Acid, Niacinamide","Retinoids, Vitamin C, other acids",1,3.0-4.0,Consult doctor,Yes,Premium ($$$)
DMAE,Firming Agent,Face Mask,Supports muscle tone appearance of skin,Temporary firming and tightening effect,"Apply for 10-15 minutes, 1-3x per week, then rinse or wipe off",Both,Daily,N/A,Yes,Can cause temporary tingling/redness,"Mature, Normal","Peptides, Hyaluronic Acid",Strong acids at same time,0,7.0-8.0,Consult doctor,Yes,Mid-Range ($$)
Biotin (Vitamin B7),Vitamin/Conditioning Agent,Spot Treatment,Supports skin barrier and conditioning,Supports overall skin health and resilience,Dab a small amount directly onto targeted area,Both,Daily,N/A,Yes,Minimal restrictions,All skin types,"Panthenol, Ceramides",None significant,0,N/A,Yes,No,Budget ($)
SNAP-8,Peptide (Neurotransmitter-inhibiting),Serum,Extended-action muscle-contraction relaxing peptide,"Softens expression lines, especially forehead","1-2 drops, pressed into skin before heavier products",Night,1x daily at night,N/A,Yes,Minimal restrictions,"Mature, Normal","Acetyl Hexapeptide-8, Hyaluronic Acid",None significant,0,5.0-7.0,Consult doctor,No,Budget ($)
Growth Factor Serum (Plant-derived),Regenerative/Biotech,Moisturizer/Cream,Signals skin repair and renewal pathways,"Anti-aging, supports skin regeneration","Nickel-sized amount, applied as final hydrating step",Night,1x daily at night,5%,Yes,Emerging ingredient; limited long-term safety data,"Mature, Normal","Peptides, Hyaluronic Acid",Strong acids same time,0,5.0-7.0,Consult doctor,Yes,Mid-Range ($$)
Pequi Oil,Facial Oil (Botanical),Toner/Essence,Carotenoid-rich Brazilian antioxidant oil,Nourishes and protects mature skin,"Pat into skin after cleansing, before serum",Night,1x daily at night,N/A,Yes,Minimal restrictions,"Dry, Mature","Squalane, Vitamin E",None significant,2,N/A,Consult doctor,Yes,Premium ($$$)
Plant Stem Cell Extract,Regenerative Botanical/Biotech,Serum,Plant-derived extract marketed for antioxidant/renewal support,Supports skin resilience and radiance,"1-2 drops, pressed into skin before heavier products",Both,Daily,N/A,Yes,Emerging ingredient; evidence mostly antioxidant-based,"Mature, Normal","Peptides, Vitamin C",None significant,0,5.0-6.5,Consult doctor,No,Premium ($$$)
Inulin,Prebiotic Humectant,Spot Treatment,Plant-derived prebiotic fiber and humectant,Hydrates while feeding beneficial skin bacteria,Dab a small amount directly onto targeted area,Both,Daily,N/A,Yes,Minimal restrictions,"All skin types, Sensitive","Postbiotics, Ceramides",None significant,0,5.0-6.5,Yes,No,Budget ($)
Acai Berry Extract,Antioxidant Botanical,Facial Oil,Anthocyanin-rich Amazonian fruit antioxidant,"Protects against oxidative stress, brightens","2-3 drops, pressed on as the last step to seal in moisture",Both,Daily,N/A,Yes,Minimal restrictions,"All skin types, Dull skin","Vitamin C, Niacinamide",None significant,0,5.0-6.0,Yes,No,Premium ($$$)
Tinosorb M,UV Filter (Hybrid Organic/Mineral),Facial Oil,Hybrid particle UVA/UVB filter,Broad-spectrum protection with good tolerability,"2-3 drops, pressed on as the last step to seal in moisture",Morning,Daily,N/A,N/A (is the sunscreen),Reapply every 2 hours in sun exposure,"Sensitive, All skin types",Antioxidants under sunscreen,None significant,1,N/A,Yes,No,Budget ($)
Peony Extract,Soothing/Brightening Botanical,Facial Oil,Anti-inflammatory with mild brightening effect,"Calms redness, supports even tone","2-3 drops, pressed on as the last step to seal in moisture",Both,Daily,N/A,Yes,Minimal restrictions,"Sensitive, Dull skin","Centella Asiatica, Niacinamide",None significant,0,5.0-6.0,Yes,No,Mid-Range ($$)
4-Butylresorcinol,Brightening Agent (Tyrosinase Inhibitor),Facial Oil,"Potent, fast-acting tyrosinase inhibitor",Fades dark spots and evens tone quickly,"2-3 drops, pressed on as the last step to seal in moisture",Both,Daily,N/A,Yes,Generally well tolerated,Hyperpigmentation-prone,"Niacinamide, Vitamin C",None significant,0,5.0-6.5,Consult doctor,No,Budget ($)
Citric Acid,AHA (Alpha Hydroxy Acid),Facial Oil,"Fruit-derived exfoliant, also a pH adjuster",Brightens and gently exfoliates,"2-3 drops, pressed on as the last step to seal in moisture",Night,2-3x per week,5%,Yes,Avoid on broken/sunburned skin,"Normal, Oily, Combination","Niacinamide, Hyaluronic Acid","Retinoids, other acids together",1,3.0-4.0,Consult doctor,Yes,Mid-Range ($$)
Evening Primrose Oil,Facial Oil (Botanical),Face Mask,GLA-rich oil supporting barrier and inflammation,Calms eczema-prone or reactive skin,"Apply for 10-15 minutes, 1-3x per week, then rinse or wipe off",Night,1x daily at night,N/A,Yes,Minimal restrictions,"Sensitive, Dry, Eczema-prone","Ceramides, Panthenol",None significant,2,N/A,Consult doctor,No,Budget ($)
Ferulic Acid,Antioxidant Booster,Face Mask,Stabilizes and boosts Vitamin C/E efficacy,"Enhanced antioxidant protection, anti-aging","Apply for 10-15 minutes, 1-3x per week, then rinse or wipe off",Morning,Daily,0.5%,Yes,Rarely irritating alone,All skin types,"Vitamin C, Vitamin E",None significant,0,3.0-4.0,Yes,No,Budget ($)
Ginseng Extract,Antioxidant/Anti-aging Botanical,Cleanser,"Adaptogenic antioxidant, boosts circulation","Brightens, firms, supports radiance","Massage onto damp skin for 30-60 seconds, rinse",Both,Daily,N/A,Yes,Minimal restrictions,"Mature, Normal, Dull skin","Niacinamide, Peptides",None significant,0,5.0-6.5,Consult doctor,No,Mid-Range ($$)
Castor Oil,Facial Oil (Botanical),Cleanser,"Ricinoleic-acid rich, thick occlusive oil","Seals in moisture, conditions brows/lashes","Massage onto damp skin for 30-60 seconds, rinse",Night,1x daily at night,N/A,Yes,Can feel heavy; patch test,"Very Dry, Normal","Squalane, Jojoba Oil",None significant,1,N/A,Yes,Yes,Mid-Range ($$)
Inulin,Prebiotic Humectant,Serum,Plant-derived prebiotic fiber and humectant,Hydrates while feeding beneficial skin bacteria,"1-2 drops, pressed into skin before heavier products",Both,Daily,N/A,Yes,Minimal restrictions,"All skin types, Sensitive","Postbiotics, Ceramides",None significant,0,5.0-6.5,Yes,No,Mid-Range ($$)
Cucumber Extract,Hydrating/Soothing Botanical,Face Mask,"Cooling, mildly astringent, hydrating","Refreshes, reduces puffiness","Apply for 10-15 minutes, 1-3x per week, then rinse or wipe off",Morning,Daily,N/A,Yes,Minimal restrictions,"All skin types, Sensitive","Aloe Vera, Hyaluronic Acid",None significant,0,5.0-6.0,Yes,No,Premium ($$$)
Alpine Rose Extract,Antioxidant/Adaptogen Botanical (Alpine),Spot Treatment,High-altitude plant extract supporting cellular resilience,Protects and revitalizes stressed skin,Dab a small amount directly onto targeted area,Both,Daily,N/A,Yes,Minimal restrictions,"All skin types, Mature","Niacinamide, Vitamin C",None significant,0,5.0-6.0,Consult doctor,No,Mid-Range ($$)
Manuka Honey Extract,Humectant/Antibacterial (Botanical),Cleanser,Natural humectant with antibacterial properties,Hydrates and supports acne-prone skin,"Massage onto damp skin for 30-60 seconds, rinse",Both,Daily,N/A,Yes,Minimal restrictions; patch test for bee-product allergy,"Acne-prone, Dry, Sensitive","Niacinamide, Panthenol",None significant,1,N/A,Yes,Yes,Mid-Range ($$)
Soy Isoflavones,Phytoestrogen/Brightening Agent,Spot Treatment,Plant compound supporting collagen and tone-evening,Brightens and supports firmness,Dab a small amount directly onto targeted area,Both,Daily,N/A,Yes,Minimal restrictions,"Mature, Hyperpigmentation-prone","Niacinamide, Vitamin C",None significant,0,5.0-6.5,Consult doctor,No,Mid-Range ($$)
Marine Collagen,Regenerative/Firming Ingredient,Serum,"Supports skin structure and firmness (topical, surface-level)",Improves the look of firmness and hydration,"1-2 drops, pressed into skin before heavier products",Both,Daily,N/A,Yes,Patch test for fish-derived allergy,"Mature, Dry","Peptides, Hyaluronic Acid",None significant,0,5.0-7.0,Consult doctor,Yes,Premium ($$$)
"Bee Venom (Cosmetic-grade, Diluted)",Firming/Stimulating Ingredient,Face Mask,Marketed to mimic mild inflammatory firming response,Temporary plumping and firming effect,"Apply for 10-15 minutes, 1-3x per week, then rinse or wipe off",Night,1x daily at night,N/A,Yes,Bee-product allergy risk; patch test required,"Mature, Normal (not for allergy-prone)","Peptides, Hyaluronic Acid",Strong acids same time,0,5.0-6.5,Consult doctor,Yes,Budget ($)
Lactobacillus Ferment,Probiotic/Fermented Ingredient,Face Mask,Fermentation-derived skin-conditioning agent,"Supports microbiome balance, softens skin","Apply for 10-15 minutes, 1-3x per week, then rinse or wipe off",Both,Daily,N/A,Yes,Minimal restrictions,"Sensitive, All skin types","Postbiotics, Ceramides",None significant,0,5.0-6.0,Yes,No,Premium ($$$)
Hexapeptide-11,Peptide (Renewal-signaling),Spot Treatment,Supports skin renewal and radiance signaling,Improves radiance and firmness,Dab a small amount directly onto targeted area,Night,1x daily at night,N/A,Yes,Minimal restrictions,"Mature, Dull skin","Niacinamide, Peptides",None significant,0,5.0-7.0,Consult doctor,No,Budget ($)
Upcycled Grape Seed Extract,Antioxidant (Upcycled/Sustainable),Moisturizer/Cream,Polyphenol-rich byproduct antioxidant,"Protects against free radicals, firms skin","Nickel-sized amount, applied as final hydrating step",Both,Daily,N/A,Yes,Minimal restrictions,"All skin types, Mature","Vitamin C, Vitamin E",None significant,0,5.0-6.5,Yes,No,Premium ($$$)
Glycerin,Humectant,Face Mask,Classic moisture-binding humectant,"Hydrates, softens, supports barrier","Apply for 10-15 minutes, 1-3x per week, then rinse or wipe off",Both,Daily,1%,Yes,Very low irritation risk,All skin types,"Ceramides, Hyaluronic Acid",None significant,0,N/A,Yes,No,Premium ($$$)
Triphala Extract,Antioxidant/Purifying Botanical (Ayurvedic),Cleanser,Traditional three-fruit antioxidant blend,"Detoxifies, brightens, supports clarity","Massage onto damp skin for 30-60 seconds, rinse",Both,Daily,N/A,Yes,Minimal restrictions,"All skin types, Dull skin","Niacinamide, Vitamin C",None significant,0,5.0-6.0,Consult doctor,No,Mid-Range ($$)
Beer Yeast Extract (Faex Extract),Fermented Conditioning Ingredient,Face Mask,B-vitamin rich fermented yeast extract,Conditions and softens skin texture,"Apply for 10-15 minutes, 1-3x per week, then rinse or wipe off",Both,Daily,N/A,Yes,Minimal restrictions,"Normal, Dull skin","Niacinamide, Panthenol",None significant,0,5.0-6.5,Yes,No,Mid-Range ($$)
Astaxanthin,Antioxidant (Algae-derived),Cleanser,Powerful carotenoid antioxidant,"Protects against UV/oxidative damage, evens tone","Massage onto damp skin for 30-60 seconds, rinse",Both,Daily,N/A,Yes,Minimal restrictions,"All skin types, Mature","Vitamin C, Niacinamide",None significant,0,5.0-6.5,Consult doctor,No,Premium ($$$)
Hibiscus Extract,Antioxidant/Firming Botanical,Face Mask,"Natural AHA-adjacent antioxidant, mild firming effect",Brightens and softly firms skin,"Apply for 10-15 minutes, 1-3x per week, then rinse or wipe off",Both,Daily,N/A,Yes,Minimal restrictions,"Normal, Mature, Dull skin","Vitamin C, Niacinamide",None significant,0,4.5-6.0,Yes,No,Budget ($)
Vitamin B3 Derivative Complex,Brightening/Barrier,Cleanser,Combined niacinamide-based brightening blend,Tone evening with barrier support,"Massage onto damp skin for 30-60 seconds, rinse",Both,Daily,N/A,Yes,Minimal restrictions,All skin types,Hyaluronic Acid,High-dose Vitamin C,0,5.0-7.0,Yes,No,Budget ($)
NAD+ (Nicotinamide Adenine Dinucleotide),Regenerative/Biotech,Spot Treatment,Supports cellular energy metabolism and repair,"Anti-aging, supports skin resilience",Dab a small amount directly onto targeted area,Night,1x daily at night,2%,Yes,Emerging ingredient; limited long-term data,"Mature, Normal","Niacinamide, Peptides",None significant,0,5.0-7.0,Consult doctor,Yes,Premium ($$$)
Resveratrol,Antioxidant (Plant-derived),Cleanser,"Polyphenol antioxidant, anti-inflammatory","Fights free radicals, supports collagen","Massage onto damp skin for 30-60 seconds, rinse",Both,Daily,N/A,Yes,Minimal restrictions,"All skin types, Mature","Vitamin C, Niacinamide",None significant,0,5.0-6.0,Yes,No,Budget ($)
Cucumber Extract,Hydrating/Soothing Botanical,Cleanser,"Cooling, mildly astringent, hydrating","Refreshes, reduces puffiness","Massage onto damp skin for 30-60 seconds, rinse",Morning,Daily,N/A,Yes,Minimal restrictions,"All skin types, Sensitive","Aloe Vera, Hyaluronic Acid",None significant,0,5.0-6.0,Yes,No,Budget ($)
Cyclopentasiloxane,Texture Agent (Volatile Silicone),Serum,Lightweight silicone providing silky glide,"Improves spreadability, silky finish","1-2 drops, pressed into skin before heavier products",Both,Daily,N/A,Yes,Minimal restrictions,All skin types,"Dimethicone, Moisturizers",None significant,0,N/A,Yes,No,Premium ($$$)
Bearberry Extract,Brightening Botanical (Arbutin source),Toner/Essence,"Natural source of arbutin, tyrosinase inhibitor",Fades dark spots and evens tone,"Pat into skin after cleansing, before serum",Both,Daily,N/A,Yes,Minimal restrictions,Hyperpigmentation-prone,"Niacinamide, Alpha Arbutin",None significant,0,4.5-6.0,Consult doctor,No,Premium ($$$)
Upcycled Coffee Cherry Extract,Antioxidant (Upcycled/Sustainable),Moisturizer/Cream,Byproduct rich in chlorogenic acid antioxidants,"Brightens, firms, protects","Nickel-sized amount, applied as final hydrating step",Both,Daily,N/A,Yes,Minimal restrictions,"All skin types, Mature","Niacinamide, Vitamin C",None significant,0,5.0-6.5,Yes,No,Budget ($)
Silica,Mattifying/Texture Agent,Cleanser,"Absorbs oil, softens visual texture","Mattifies shine, blurs pores visually","Massage onto damp skin for 30-60 seconds, rinse",Morning,Daily,N/A,Yes,Minimal restrictions,"Oily, Combination","Niacinamide, Zinc PCA",None significant,0,N/A,Yes,No,Budget ($)
Urea,Barrier/Keratolytic Humectant,Cleanser,Hydrates and gently breaks down excess keratin,"Softens rough, dry, or thickened skin","Massage onto damp skin for 30-60 seconds, rinse",Both,Daily,N/A,Yes,Can sting on broken skin at high concentration,"Dry, Very Dry, Keratosis Pilaris-prone","Ceramides, Glycerin",None significant,0,4.0-6.0,Yes,No,Budget ($)
Ceramide NP,Barrier Lipid (Specific Ceramide),Moisturizer/Cream,Key structural lipid for barrier repair,"Restores barrier, reduces moisture loss","Nickel-sized amount, applied as final hydrating step",Both,Daily,N/A,Yes,Minimal restrictions,"Dry, Sensitive, Mature","Cholesterol, Fatty Acids",None significant,1,N/A,Yes,No,Budget ($)
Birch Sap Extract,Hydrating Botanical (K-beauty),Moisturizer/Cream,Lightweight mineral-rich hydrating sap,Refreshes and lightly hydrates,"Nickel-sized amount, applied as final hydrating step",Both,Daily,N/A,Yes,Minimal restrictions,"All skin types, Oily","Hyaluronic Acid, Niacinamide",None significant,0,5.0-6.0,Yes,No,Premium ($$$)
Arginine,Humectant/Amino Acid,Serum,Amino acid component of natural moisturizing factor,Hydrates and supports skin conditioning,"1-2 drops, pressed into skin before heavier products",Both,Daily,N/A,Yes,Minimal restrictions,"All skin types, Dry","Hyaluronic Acid, Panthenol",None significant,0,N/A,Yes,No,Budget ($)
Mandelic Acid,AHA (Alpha Hydroxy Acid),Face Mask,"Large molecule, slow gentle exfoliation","Good for sensitive/acne-prone skin, evens tone","Apply for 10-15 minutes, 1-3x per week, then rinse or wipe off",Night,2-3x per week,10%,Yes,Avoid on open acne lesions,"Sensitive, Acne-prone","Niacinamide, Azelaic Acid","Strong retinoids, other acids",1,3.5-4.5,Consult doctor,Yes,Budget ($)
Acai Berry Extract,Antioxidant Botanical,Toner/Essence,Anthocyanin-rich Amazonian fruit antioxidant,"Protects against oxidative stress, brightens","Pat into skin after cleansing, before serum",Both,Daily,N/A,Yes,Minimal restrictions,"All skin types, Dull skin","Vitamin C, Niacinamide",None significant,0,5.0-6.0,Yes,No,Budget ($)
Beta Carotene,Antioxidant (Provitamin A),Spot Treatment,"Precursor antioxidant, supports skin renewal",Supports even tone and radiance,Dab a small amount directly onto targeted area,Both,Daily,N/A,Yes,Minimal restrictions,All skin types,"Vitamin C, Vitamin E",None significant,0,N/A,Yes,No,Premium ($$$)
Jojoba Oil,Facial Oil (Botanical),Face Mask,Wax ester similar to skin's natural sebum,"Balances oil production, moisturizes","Apply for 10-15 minutes, 1-3x per week, then rinse or wipe off",Both,Daily,N/A,Yes,Minimal restrictions,"Oily, Combination, All skin types","Squalane, Niacinamide",None significant,2,N/A,Yes,No,Budget ($)
Pineapple Extract,Enzyme/Antioxidant Botanical,Cleanser,"Bromelain-containing fruit extract, mild exfoliant",Brightens and softens texture gently,"Massage onto damp skin for 30-60 seconds, rinse",Night,1x daily at night,N/A,Yes,Avoid on broken skin; mild allergy risk,"Sensitive, Normal, Dull skin","Vitamin C, Papain",Strong acids/retinoids same time,1,4.0-6.0,Consult doctor,Yes,Budget ($)
Glycine Soja (Soybean) Extract,Antioxidant/Brightening Botanical,Spot Treatment,Isoflavone-rich extract supporting tone and firmness,Brightens and supports elasticity,Dab a small amount directly onto targeted area,Both,Daily,N/A,Yes,Minimal restrictions,"Mature, Hyperpigmentation-prone","Niacinamide, Vitamin C",None significant,0,5.0-6.5,Consult doctor,No,Premium ($$$)
Resveratrol,Antioxidant (Plant-derived),Spot Treatment,"Polyphenol antioxidant, anti-inflammatory","Fights free radicals, supports collagen",Dab a small amount directly onto targeted area,Both,Daily,N/A,Yes,Minimal restrictions,"All skin types, Mature","Vitamin C, Niacinamide",None significant,0,5.0-6.0,Yes,No,Premium ($$$)
Sea Fennel Extract,Antioxidant/Detox Botanical,Moisturizer/Cream,Mineral-rich coastal plant antioxidant,Detoxifies and revitalizes dull skin,"Nickel-sized amount, applied as final hydrating step",Both,Daily,N/A,Yes,Minimal restrictions,"All skin types, Dull skin","Niacinamide, Vitamin C",None significant,0,5.0-6.0,Consult doctor,No,Budget ($)
Sal Butter,Emollient (Butter),Face Mask,"Firm, shea-like conditioning plant butter",Moisturizes and softens rough skin,"Apply for 10-15 minutes, 1-3x per week, then rinse or wipe off",Both,Daily,N/A,Yes,Minimal restrictions,"Dry, Very Dry","Shea Butter, Squalane",None significant,2,N/A,Yes,No,Budget ($)
Lactic Acid,AHA (Alpha Hydroxy Acid),Moisturizer/Cream,"Gentle exfoliation, humectant properties","Improves texture, hydrates while exfoliating","Nickel-sized amount, applied as final hydrating step",Night,2-3x per week,8%,Yes,Avoid on compromised skin barrier,"Sensitive, Dry, Normal","Ceramides, Hyaluronic Acid","Retinoids, other strong acids",1,3.5-4.5,Consult doctor,Yes,Premium ($$$)
Panthenol (Pro-Vitamin B5),Barrier Support/Humectant,Moisturizer/Cream,"Soothes and hydrates, supports barrier repair","Calms irritation, improves elasticity","Nickel-sized amount, applied as final hydrating step",Both,Daily,N/A,Yes,Very well tolerated,"Sensitive, Dry, All skin types","Ceramides, Niacinamide",None significant,0,5.0-7.0,Yes,No,Budget ($)
Cysteamine HCl,Brightening Agent (Antioxidant-derived),Facial Oil,Potent melanin-synthesis inhibitor,Treats stubborn melasma and dark spots,"2-3 drops, pressed on as the last step to seal in moisture",Night,1x daily at night,N/A,Yes,Distinct odor; avoid mixing with other actives same session,"Hyperpigmentation-prone, Melasma-prone",Niacinamide (alternate use),"Vitamin C, retinoids same session",0,4.0-5.5,Consult doctor,Yes,Budget ($)
"TGF-Beta (Transforming Growth Factor, Plant-derived)",Regenerative/Biotech,Moisturizer/Cream,Signaling molecule supporting tissue remodeling,Supports firmness and repair,"Nickel-sized amount, applied as final hydrating step",Night,1x daily at night,5%,Yes,Emerging ingredient; limited long-term data,"Mature, Normal","Peptides, Hyaluronic Acid",Strong acids same time,0,5.0-7.0,Consult doctor,Yes,Budget ($)
Retinyl Acetate,Retinoid (Mild Ester),Cleanser,"Stable retinoid ester, gradual conversion",Gentle texture and tone improvement,"Massage onto damp skin for 30-60 seconds, rinse",Night,1x daily at night,N/A,Yes,Avoid in pregnancy,"Sensitive, Normal","Niacinamide, Peptides",AHA/BHA at same time,1,5.5-6.5,No,No,Mid-Range ($$)
Adapalene,Retinoid (OTC Acne Treatment),Face Mask,Selective retinoic acid receptor agonist,"Treats and prevents acne, refines texture","Apply for 10-15 minutes, 1-3x per week, then rinse or wipe off",Night,1x daily at night,N/A,Yes,Avoid in pregnancy; avoid with other exfoliants same time,"Oily, Acne-prone","Moisturizers, Niacinamide","Benzoyl Peroxide, AHA/BHA together",1,5.0-6.0,No,Yes,Budget ($)
Oat Extract (Colloidal Oatmeal),Soothing/Barrier Support,Cleanser,"Anti-inflammatory, barrier-protective",Relieves itching and irritation,"Massage onto damp skin for 30-60 seconds, rinse",Both,Daily,N/A,Yes,Minimal restrictions,"Sensitive, Eczema-prone","Ceramides, Panthenol",None significant,0,N/A,Yes,No,Premium ($$$)
Comfrey Root Extract (Allantoin source),Soothing/Healing Botanical,Cleanser,"Traditional wound-healing, soothing extract","Calms irritation, supports skin repair","Massage onto damp skin for 30-60 seconds, rinse",Both,Daily,N/A,Yes,Use standardized cosmetic-grade extract only,"Sensitive, Post-procedure","Allantoin, Panthenol",None significant,0,5.0-6.0,Consult doctor,Yes,Mid-Range ($$)
Amla (Indian Gooseberry) Extract,Antioxidant Botanical (Ayurvedic),Moisturizer/Cream,Vitamin C rich traditional antioxidant,"Brightens, supports collagen, protects","Nickel-sized amount, applied as final hydrating step",Both,Daily,N/A,Yes,Minimal restrictions,"All skin types, Dull skin","Vitamin C, Niacinamide",None significant,0,4.5-6.0,Yes,No,Premium ($$$)
Illipe Butter,Emollient (Butter),Moisturizer/Cream,"Firm, shea-like conditioning butter",Deeply moisturizes and protects,"Nickel-sized amount, applied as final hydrating step",Both,Daily,N/A,Yes,Minimal restrictions,"Dry, Very Dry, Mature","Shea Butter, Squalane",None significant,2,N/A,Yes,No,Budget ($)
Apple Stem Cell Extract (PhytoCellTec Malus),Regenerative Botanical/Biotech,Face Mask,Plant stem cell culture extract for longevity support,Supports skin's own renewal processes,"Apply for 10-15 minutes, 1-3x per week, then rinse or wipe off",Both,Daily,N/A,Yes,Emerging ingredient; limited long-term human data,"Mature, Normal","Peptides, Hyaluronic Acid",None significant,0,5.0-6.5,Consult doctor,No,Premium ($$$)
Phytosterols,Barrier Lipid (Plant-derived),Serum,Plant-based lipid supporting barrier repair,Soothes and repairs compromised barrier,"1-2 drops, pressed into skin before heavier products",Both,Daily,N/A,Yes,Minimal restrictions,"Sensitive, Dry","Ceramides, Fatty Acids",None significant,1,N/A,Yes,No,Mid-Range ($$)
Mulberry Extract,Brightening Botanical,Toner/Essence,Natural tyrosinase-inhibiting brightener,"Evens tone, reduces dark spots","Pat into skin after cleansing, before serum",Both,Daily,N/A,Yes,Minimal restrictions,Hyperpigmentation-prone,"Niacinamide, Licorice Extract",None significant,0,5.0-6.0,Yes,No,Budget ($)
Pearl Powder,Brightening/Luxury Additive (Marine-derived),Toner/Essence,Traditional mineral powder marketed for radiance,Brightens and adds subtle luminosity,"Pat into skin after cleansing, before serum",Both,Daily,N/A,Yes,Minimal restrictions,"Dull skin, All skin types","Niacinamide, Vitamin C",None significant,0,N/A,Consult doctor,No,Budget ($)
Elderberry Extract,Antioxidant Botanical,Spot Treatment,Anthocyanin-rich antioxidant fruit extract,"Protects against free radicals, brightens",Dab a small amount directly onto targeted area,Both,Daily,N/A,Yes,Minimal restrictions,"All skin types, Dull skin","Vitamin C, Niacinamide",None significant,0,5.0-6.0,Yes,No,Premium ($$$)
Zinc PCA,Oil Control,Toner/Essence,"Regulates sebum production, mild antibacterial",Reduces shine and breakouts,"Pat into skin after cleansing, before serum",Both,Daily,N/A,Yes,Minimal restrictions,"Oily, Acne-prone","Niacinamide, Salicylic Acid",None significant,0,N/A,Yes,No,Premium ($$$)
Vetiver Extract,Soothing/Astringent Botanical (Ayurvedic),Spot Treatment,"Traditional calming, mildly astringent extract","Soothes, balances oil, calming aroma",Dab a small amount directly onto targeted area,Both,Daily,N/A,Yes,Fragrance sensitivity possible; patch test,"Oily, Sensitive","Witch Hazel, Green Tea Extract",None significant,0,5.0-6.0,Consult doctor,Yes,Premium ($$$)
Chaga Mushroom Extract,Antioxidant (Mushroom),Facial Oil,Potent antioxidant with melanin-modulating properties,"Brightens, protects against oxidative stress","2-3 drops, pressed on as the last step to seal in moisture",Both,Daily,N/A,Yes,Minimal restrictions,"Dull skin, Mature","Vitamin C, Niacinamide",None significant,0,5.0-6.0,Consult doctor,No,Premium ($$$)
Lavender Extract,Calming Botanical (Fragrance),Facial Oil,Calming scent with mild anti-inflammatory effect,"Soothes, supports relaxing sensory experience","2-3 drops, pressed on as the last step to seal in moisture",Night,1x daily at night,N/A,Yes,Fragrance allergy risk; patch test,"Sensitive, Normal","Chamomile, Bisabolol",None significant,0,5.0-6.0,Consult doctor,Yes,Budget ($)
Vetiver Extract,Soothing/Astringent Botanical (Ayurvedic),Moisturizer/Cream,"Traditional calming, mildly astringent extract","Soothes, balances oil, calming aroma","Nickel-sized amount, applied as final hydrating step",Both,Daily,N/A,Yes,Fragrance sensitivity possible; patch test,"Oily, Sensitive","Witch Hazel, Green Tea Extract",None significant,0,5.0-6.0,Consult doctor,Yes,Budget ($)
Gotu Kola Extract (Centella variant),Soothing/Regenerative Botanical,Face Mask,"Triterpenoid-rich, supports collagen and healing","Repairs barrier, fades the look of scars","Apply for 10-15 minutes, 1-3x per week, then rinse or wipe off",Both,Daily,N/A,Yes,Minimal restrictions,"Sensitive, Scar-prone, Acne-prone","Centella Asiatica, Niacinamide",None significant,0,5.0-6.0,Yes,No,Premium ($$$)
Bilberry Extract,Antioxidant Botanical,Spot Treatment,"Anthocyanin-rich antioxidant, mild AHA source",Brightens and protects skin,Dab a small amount directly onto targeted area,Both,Daily,N/A,Yes,Minimal restrictions,"All skin types, Dull skin","Vitamin C, Niacinamide",None significant,0,4.5-6.0,Yes,No,Mid-Range ($$)
"Bee Venom (Cosmetic-grade, Diluted)",Firming/Stimulating Ingredient,Facial Oil,Marketed to mimic mild inflammatory firming response,Temporary plumping and firming effect,"2-3 drops, pressed on as the last step to seal in moisture",Night,1x daily at night,N/A,Yes,Bee-product allergy risk; patch test required,"Mature, Normal (not for allergy-prone)","Peptides, Hyaluronic Acid",Strong acids same time,0,5.0-6.5,Consult doctor,Yes,Premium ($$$)
Turmeric Extract,Anti-inflammatory Botanical,Cleanser,Curcumin-based anti-inflammatory and brightening,"Calms redness, brightens dull skin","Massage onto damp skin for 30-60 seconds, rinse",Both,Daily,N/A,Yes,Can temporarily stain skin/fabric,"Sensitive, Dull skin, Hyperpigmentation-prone","Niacinamide, Vitamin C",None significant,0,5.0-6.5,Consult doctor,No,Mid-Range ($$)
Rosemary Leaf Extract,Antioxidant Botanical,Face Mask,Antioxidant with mild antimicrobial properties,"Protects skin, supports clarity","Apply for 10-15 minutes, 1-3x per week, then rinse or wipe off",Both,Daily,N/A,Yes,Essential-oil sensitivity possible; patch test,"Oily, Combination, Normal","Green Tea Extract, Niacinamide",None significant,0,5.0-6.0,Consult doctor,Yes,Mid-Range ($$)
Marshmallow Root Extract,Soothing/Hydrating Botanical,Spot Treatment,"Mucilage-rich calming, moisture-binding extract","Soothes irritation, hydrates gently",Dab a small amount directly onto targeted area,Both,Daily,N/A,Yes,Minimal restrictions,"Sensitive, Dry, Eczema-prone","Oat Extract, Panthenol",None significant,0,5.0-6.0,Yes,No,Budget ($)
Sulfur,Acne Treatment,Spot Treatment,"Antimicrobial, keratolytic","Dries out blemishes, reduces oil",Dab a small amount directly onto targeted area,Night,1x daily at night,N/A,Yes,Strong smell; can be drying,"Oily, Acne-prone",Niacinamide,Strong acids/retinoids together,0,4.0-6.0,Consult doctor,Yes,Mid-Range ($$)
Salicylic Acid,BHA (Beta Hydroxy Acid),Moisturizer/Cream,"Oil-soluble exfoliant, penetrates pores","Clears blackheads, reduces acne and oiliness","Nickel-sized amount, applied as final hydrating step",Night,3-4x per week,0.5%,Yes,"Avoid on dry/compromised skin, aspirin allergy caution","Oily, Acne-prone, Combination","Niacinamide, Clay masks","Retinoids, other acids at same time",1,3.0-4.0,Consult doctor,Yes,Premium ($$$)
Red Clover Extract,Phytoestrogen Botanical,Serum,Plant-derived isoflavone extract supporting elasticity,Supports firmness in mature skin,"1-2 drops, pressed into skin before heavier products",Both,Daily,N/A,Yes,Minimal restrictions,"Mature, Normal","Peptides, Niacinamide",None significant,0,5.0-6.0,Consult doctor,No,Mid-Range ($$)
Houttuynia Cordata Extract (Heartleaf),Soothing/Antibacterial Botanical (K-beauty),Face Mask,Calming antibacterial extract for reactive skin,Soothes acne-prone and irritated skin,"Apply for 10-15 minutes, 1-3x per week, then rinse or wipe off",Both,Daily,N/A,Yes,Minimal restrictions,"Acne-prone, Sensitive","Centella Asiatica, Niacinamide",None significant,0,5.0-6.0,Consult doctor,No,Budget ($)
Sodium Lactate,Humectant (NMF Component),Moisturizer/Cream,Component of skin's natural moisturizing factor,Hydrates and supports moisture retention,"Nickel-sized amount, applied as final hydrating step",Both,Daily,N/A,Yes,Minimal restrictions,"All skin types, Dry","Hyaluronic Acid, Glycerin",None significant,0,N/A,Yes,No,Premium ($$$)
Bakuchiol,Plant-derived Retinol Alternative,Face Mask,Retinol-like signaling without irritation,"Anti-aging, gentle for sensitive skin","Apply for 10-15 minutes, 1-3x per week, then rinse or wipe off",Both,Daily,2%,Yes,Generally well tolerated; patch test if very sensitive,"All skin types, Sensitive","Vitamin C, Niacinamide, Peptides",None significant,1,5.0-6.5,Yes (consult doctor),No,Budget ($)
Lavender Extract,Calming Botanical (Fragrance),Toner/Essence,Calming scent with mild anti-inflammatory effect,"Soothes, supports relaxing sensory experience","Pat into skin after cleansing, before serum",Night,1x daily at night,N/A,Yes,Fragrance allergy risk; patch test,"Sensitive, Normal","Chamomile, Bisabolol",None significant,0,5.0-6.0,Consult doctor,Yes,Budget ($)
Beta-Sitosterol,Barrier/Anti-inflammatory Lipid,Cleanser,Plant sterol supporting barrier and calming inflammation,Soothes and repairs sensitive skin,"Massage onto damp skin for 30-60 seconds, rinse",Both,Daily,N/A,Yes,Minimal restrictions,"Sensitive, Dry","Ceramides, Phytosterols",None significant,1,N/A,Yes,No,Budget ($)
Oleic Acid,Fatty Acid (Emollient),Cleanser,"Omega-9 fatty acid, rich emollient",Deeply softens very dry skin,"Massage onto damp skin for 30-60 seconds, rinse",Night,1x daily at night,N/A,Yes,Can be heavy/comedogenic for oily skin,"Dry, Very Dry, Mature","Shea Butter, Squalane",None significant,3,N/A,Yes,No,Premium ($$$)
Diatomaceous Earth,Purifying/Exfoliating Mineral,Face Mask,"Fossilized algae mineral, mild absorbent exfoliant","Purifies pores, gently buffs texture","Apply for 10-15 minutes, 1-3x per week, then rinse or wipe off",Night,1x daily at night,N/A,Yes,Use gentle pressure to avoid micro-tears,"Oily, Combination","Kaolin Clay, Niacinamide",Overuse with other exfoliants,0,N/A,Yes,No,Mid-Range ($$)
Chia Seed Oil,Facial Oil (Botanical),Cleanser,Omega-3/6 balanced antioxidant oil,Nourishes and calms sensitive skin,"Massage onto damp skin for 30-60 seconds, rinse",Both,Daily,N/A,Yes,Minimal restrictions,"Sensitive, Dry, Normal","Squalane, Centella Asiatica",None significant,1,N/A,Yes,No,Premium ($$$)
Propolis Extract,Antibacterial/Antioxidant (Botanical),Serum,Bee-derived antioxidant and antimicrobial,"Calms breakouts, supports skin repair","1-2 drops, pressed into skin before heavier products",Both,Daily,N/A,Yes,Patch test for bee-product allergy,"Acne-prone, Sensitive","Centella Asiatica, Niacinamide",None significant,1,N/A,Yes,Yes,Premium ($$$)
Gluconolactone,PHA,Face Mask,Larger-molecule gentle exfoliant with antioxidant properties,"Mild exfoliation, hydration, antioxidant protection","Apply for 10-15 minutes, 1-3x per week, then rinse or wipe off",Both,"Daily, well tolerated",4%,Yes,Minimal restrictions,"Sensitive, Rosacea-prone, Dry","Hyaluronic Acid, Ceramides",Strong acids layered heavily,1,3.5-4.5,Consult doctor,No,Mid-Range ($$)
Kaolin Clay,Purifying/Oil Control,Moisturizer/Cream,"Absorbs excess sebum, gentle mineral clay","Mattifies, minimizes shine, softens texture","Nickel-sized amount, applied as final hydrating step",Night,1x daily at night,N/A,Yes,Can be drying for dry skin,"Oily, Combination, Acne-prone","Niacinamide, Salicylic Acid",Overuse with other drying actives,0,N/A,Yes,No,Budget ($)
Bifida Ferment Lysate,Prebiotic/Fermented Ingredient,Toner/Essence,Fermentation-derived skin-conditioning and soothing agent,"Strengthens barrier, calms sensitive skin","Pat into skin after cleansing, before serum",Both,Daily,N/A,Yes,Minimal restrictions,"Sensitive, All skin types","Postbiotics, Ceramides",None significant,0,5.0-6.0,Yes,No,Premium ($$$)
Amla (Indian Gooseberry) Extract,Antioxidant Botanical (Ayurvedic),Cleanser,Vitamin C rich traditional antioxidant,"Brightens, supports collagen, protects","Massage onto damp skin for 30-60 seconds, rinse",Both,Daily,N/A,Yes,Minimal restrictions,"All skin types, Dull skin","Vitamin C, Niacinamide",None significant,0,4.5-6.0,Yes,No,Premium ($$$)
Magnesium Ascorbyl Phosphate,Vitamin C Derivative,Moisturizer/Cream,Water-soluble stable Vitamin C form,"Brightening, antioxidant protection","Nickel-sized amount, applied as final hydrating step",Both,Daily,5%,Yes,Generally gentle,"Sensitive, Dry","Niacinamide, Hyaluronic Acid",Strong acids,0,6.0-7.0,Yes,No,Mid-Range ($$)
Octinoxate,UV Filter (Chemical),Toner/Essence,Absorbs UVB radiation,Sun protection component in broad-spectrum SPF,"Pat into skin after cleansing, before serum",Morning,Daily,N/A,N/A (is the sunscreen),Reapply every 2 hours in sun exposure,"Normal, Oily, Combination",Antioxidants under sunscreen,None significant,2,N/A,Consult doctor,No,Premium ($$$)
Hesperidin,Antioxidant (Citrus Flavonoid),Cleanser,"Citrus-derived antioxidant, supports capillary strength","Brightens, reduces redness appearance","Massage onto damp skin for 30-60 seconds, rinse",Both,Daily,N/A,Yes,Minimal restrictions,"All skin types, Rosacea-prone","Vitamin C, Niacinamide",None significant,0,5.0-6.0,Yes,No,Budget ($)
Chaga Mushroom Extract,Antioxidant (Mushroom),Spot Treatment,Potent antioxidant with melanin-modulating properties,"Brightens, protects against oxidative stress",Dab a small amount directly onto targeted area,Both,Daily,N/A,Yes,Minimal restrictions,"Dull skin, Mature","Vitamin C, Niacinamide",None significant,0,5.0-6.0,Consult doctor,No,Mid-Range ($$)
Ginkgo Biloba Extract,Antioxidant/Circulation Botanical,Spot Treatment,Antioxidant that supports microcirculation,"Brightens, reduces dullness",Dab a small amount directly onto targeted area,Both,Daily,N/A,Yes,Minimal restrictions,"Mature, Dull skin","Niacinamide, Vitamin C",None significant,0,5.0-6.0,Consult doctor,No,Premium ($$$)
Kokum Butter,Emollient (Butter),Spot Treatment,"Firm, stable plant butter",Moisturizes and softens rough patches,Dab a small amount directly onto targeted area,Both,Daily,N/A,Yes,Minimal restrictions,"Dry, Very Dry","Shea Butter, Squalane",None significant,2,N/A,Yes,No,Premium ($$$)
Camellia Oil,Facial Oil (Botanical),Moisturizer/Cream,"Lightweight, antioxidant-rich oil",Softens and nourishes without heaviness,"Nickel-sized amount, applied as final hydrating step",Night,1x daily at night,N/A,Yes,Minimal restrictions,"Dry, Normal, Combination","Squalane, Hyaluronic Acid",None significant,1,N/A,Yes,No,Budget ($)
Homosalate,UV Filter (Chemical),Cleanser,Absorbs UVB radiation,Sun protection component in broad-spectrum SPF,"Massage onto damp skin for 30-60 seconds, rinse",Morning,Daily,N/A,N/A (is the sunscreen),Reapply every 2 hours in sun exposure,"Normal, Oily, Combination",Antioxidants under sunscreen,None significant,2,N/A,Consult doctor,No,Premium ($$$)
Rhassoul Clay,Purifying Mineral Clay,Facial Oil,Gentle mineral-rich Moroccan clay,"Cleanses without stripping, softens skin","2-3 drops, pressed on as the last step to seal in moisture",Night,1x daily at night,N/A,Yes,Minimal restrictions,"Normal, Combination, Dry","Aloe Vera, Squalane",None significant,0,N/A,Yes,No,Mid-Range ($$)
Pequi Oil,Facial Oil (Botanical),Cleanser,Carotenoid-rich Brazilian antioxidant oil,Nourishes and protects mature skin,"Massage onto damp skin for 30-60 seconds, rinse",Night,1x daily at night,N/A,Yes,Minimal restrictions,"Dry, Mature","Squalane, Vitamin E",None significant,2,N/A,Consult doctor,Yes,Budget ($)
Cocoa Butter,Emollient (Butter),Moisturizer/Cream,"Rich, occlusive plant butter",Deeply moisturizes and softens,"Nickel-sized amount, applied as final hydrating step",Both,Daily,N/A,Yes,Comedogenic for acne-prone users,"Dry, Very Dry","Shea Butter, Squalane",None significant,4,N/A,Yes,No,Budget ($)
Lactobacillus/Rice Ferment Filtrate,Fermented/Probiotic Ingredient,Moisturizer/Cream,Rice fermentation extract supporting microbiome balance,"Softens, brightens, supports barrier","Nickel-sized amount, applied as final hydrating step",Both,Daily,N/A,Yes,Minimal restrictions,"All skin types, Dull skin","Postbiotics, Niacinamide",None significant,0,4.5-5.5,Yes,No,Premium ($$$)
Rhassoul Clay,Purifying Mineral Clay,Toner/Essence,Gentle mineral-rich Moroccan clay,"Cleanses without stripping, softens skin","Pat into skin after cleansing, before serum",Night,1x daily at night,N/A,Yes,Minimal restrictions,"Normal, Combination, Dry","Aloe Vera, Squalane",None significant,0,N/A,Yes,No,Budget ($)
"TGF-Beta (Transforming Growth Factor, Plant-derived)",Regenerative/Biotech,Spot Treatment,Signaling molecule supporting tissue remodeling,Supports firmness and repair,Dab a small amount directly onto targeted area,Night,1x daily at night,2%,Yes,Emerging ingredient; limited long-term data,"Mature, Normal","Peptides, Hyaluronic Acid",Strong acids same time,0,5.0-7.0,Consult doctor,Yes,Budget ($)
Borage Seed Oil,Facial Oil (Botanical),Spot Treatment,High in gamma-linolenic acid (GLA),"Calms inflammation, softens skin",Dab a small amount directly onto targeted area,Night,1x daily at night,N/A,Yes,Minimal restrictions,"Sensitive, Dry, Eczema-prone","Ceramides, Panthenol",None significant,2,N/A,Consult doctor,No,Budget ($)
Alpha Lipoic Acid,Antioxidant,Cleanser,Both water and fat-soluble antioxidant,"Reduces fine lines, brightens skin","Massage onto damp skin for 30-60 seconds, rinse",Night,1x daily at night,10%,Yes,Can cause redness in sensitive users,"Normal, Mature","Vitamin C, Vitamin E",Strong acids same time,0,5.5-6.5,Consult doctor,Yes,Premium ($$$)
Shea Butter,Emollient (Butter),Facial Oil,"Rich fatty-acid emollient, deeply moisturizing","Softens very dry or rough skin, seals in moisture","2-3 drops, pressed on as the last step to seal in moisture",Both,Daily,N/A,Yes,Can feel heavy on very oily skin,"Dry, Very Dry, Mature","Ceramides, Squalane",None significant,2,N/A,Yes,No,Mid-Range ($$)
Beta Carotene,Antioxidant (Provitamin A),Serum,"Precursor antioxidant, supports skin renewal",Supports even tone and radiance,"1-2 drops, pressed into skin before heavier products",Both,Daily,N/A,Yes,Minimal restrictions,All skin types,"Vitamin C, Vitamin E",None significant,0,N/A,Yes,No,Premium ($$$)
Niacinamide + Zinc Complex,Oil Control/Barrier Blend,Toner/Essence,Combined sebum regulation and barrier support,"Reduces shine, minimizes breakouts","Pat into skin after cleansing, before serum",Both,Daily,N/A,Yes,Minimal restrictions,"Oily, Acne-prone, Combination",Hyaluronic Acid,High-dose Vitamin C,0,5.0-7.0,Yes,No,Premium ($$$)
Prickly Pear Seed Oil,Facial Oil (Botanical),Cleanser,Vitamin E and fatty-acid rich luxury oil,"Anti-aging, deeply nourishing","Massage onto damp skin for 30-60 seconds, rinse",Night,1x daily at night,N/A,Yes,Minimal restrictions,"Dry, Mature","Squalane, Vitamin E",None significant,1,N/A,Yes,No,Premium ($$$)
Trehalose,Humectant/Stress Protectant,Moisturizer/Cream,"Sugar-based humectant, protects cells from dehydration",Hydrates and protects against environmental stress,"Nickel-sized amount, applied as final hydrating step",Both,Daily,N/A,Yes,Minimal restrictions,"All skin types, Sensitive","Beta-Glucan, Ceramides",None significant,0,N/A,Yes,No,Premium ($$$)
Quercetin,Antioxidant (Flavonoid),Face Mask,Potent plant flavonoid antioxidant,"Calms inflammation, protects against oxidative stress","Apply for 10-15 minutes, 1-3x per week, then rinse or wipe off",Both,Daily,N/A,Yes,Minimal restrictions,"Sensitive, All skin types","Vitamin C, Niacinamide",None significant,0,5.0-6.0,Yes,No,Mid-Range ($$)
Rutin,Antioxidant (Flavonoid),Moisturizer/Cream,"Plant flavonoid antioxidant, vascular-supportive","Protects against oxidative stress, calms redness","Nickel-sized amount, applied as final hydrating step",Both,Daily,N/A,Yes,Minimal restrictions,"Sensitive, Rosacea-prone","Vitamin C, Niacinamide",None significant,0,5.0-6.0,Yes,No,Budget ($)
Vitamin E (Tocopherol),Antioxidant,Moisturizer/Cream,"Lipid-soluble antioxidant, moisturizing","Protects from oxidative stress, softens skin","Nickel-sized amount, applied as final hydrating step",Both,Daily,10%,Yes,Comedogenic in high concentration for acne-prone skin,"Dry, Normal, Mature","Vitamin C, Ferulic Acid",None significant,2,N/A,Yes,No,Budget ($)
Baobab Oil,Facial Oil (Botanical),Toner/Essence,Vitamin-rich emollient oil,Deeply nourishes dry or mature skin,"Pat into skin after cleansing, before serum",Night,1x daily at night,N/A,Yes,Minimal restrictions,"Dry, Mature","Squalane, Ceramides",None significant,2,N/A,Yes,No,Budget ($)
Cocoa Butter,Emollient (Butter),Facial Oil,"Rich, occlusive plant butter",Deeply moisturizes and softens,"2-3 drops, pressed on as the last step to seal in moisture",Both,Daily,N/A,Yes,Comedogenic for acne-prone users,"Dry, Very Dry","Shea Butter, Squalane",None significant,4,N/A,Yes,No,Premium ($$$)
Palmitoyl Tetrapeptide-7,Peptide (Anti-inflammatory Signaling),Face Mask,Reduces inflammatory signaling linked to skin aging,Calms and firms aging skin,"Apply for 10-15 minutes, 1-3x per week, then rinse or wipe off",Night,1x daily at night,N/A,Yes,Minimal restrictions,"Mature, Sensitive",Peptide complexes,Strong acids same time,0,5.0-7.0,Consult doctor,No,Mid-Range ($$)
Azelaic Acid,Multi-functional Acid,Serum,"Anti-inflammatory, tyrosinase inhibitor","Treats acne, rosacea redness, hyperpigmentation","1-2 drops, pressed into skin before heavier products",Both,1-2x daily,15%,Yes,Mild tingling common initially; discontinue if severe irritation,"Acne-prone, Rosacea, Sensitive","Niacinamide, Retinoids (alternate nights)",Very strong acids at same time,0,4.0-5.0,Yes,No,Premium ($$$)
Centella Asiatica (Cica),Soothing/Botanical,Cleanser,"Anti-inflammatory, wound-healing botanical","Calms redness, supports barrier recovery","Massage onto damp skin for 30-60 seconds, rinse",Both,Daily,N/A,Yes,Minimal restrictions,"Sensitive, Acne-prone, Rosacea","Panthenol, Niacinamide",None significant,0,5.0-6.0,Yes,No,Mid-Range ($$)
Elastin,Firming Ingredient,Facial Oil,"Supports the look of skin elasticity (topical, surface-level)",Improves the appearance of firmness,"2-3 drops, pressed on as the last step to seal in moisture",Both,Daily,N/A,Yes,Minimal restrictions,"Mature, Normal","Peptides, Collagen",None significant,0,5.0-7.0,Consult doctor,No,Mid-Range ($$)
Blue-Green Algae Extract,Marine Antioxidant/Detox Botanical,Cleanser,Nutrient-dense algae antioxidant and detoxifier,"Detoxifies, firms, nourishes","Massage onto damp skin for 30-60 seconds, rinse",Both,Daily,N/A,Yes,Minimal restrictions,"All skin types, Dull skin","Niacinamide, Vitamin C",None significant,0,5.0-6.5,Yes,No,Budget ($)
Bromelain (Pineapple Enzyme),Enzyme Exfoliant,Facial Oil,Protein-dissolving enzyme from pineapple stem,"Gentle exfoliation, brightening","2-3 drops, pressed on as the last step to seal in moisture",Night,1x daily at night,N/A,Yes,"Avoid on broken skin, mild allergy risk","Sensitive, Normal","Vitamin C, Papain",Strong acids/retinoids same time,1,4.0-6.0,Consult doctor,Yes,Mid-Range ($$)
Pomegranate Extract,Antioxidant Botanical,Facial Oil,Polyphenol-rich antioxidant,"Protects against free radicals, brightens","2-3 drops, pressed on as the last step to seal in moisture",Both,Daily,N/A,Yes,Minimal restrictions,"All skin types, Dull skin","Vitamin C, Niacinamide",None significant,0,5.0-6.0,Yes,No,Budget ($)
Dimethicone,Occlusive/Texture Agent (Silicone),Spot Treatment,"Forms breathable barrier, smooths visual texture","Locks in moisture, blurs fine lines and pores",Dab a small amount directly onto targeted area,Both,Daily,N/A,Yes,Can feel heavy layered under heavy makeup; non-comedogenic for most,"All skin types, Sensitive","Moisturizers, Sunscreen",None significant,0,N/A,Yes,No,Premium ($$$)
Hemp Seed Oil,Facial Oil (Botanical),Facial Oil,Balanced omega fatty-acid oil,"Balances oil while hydrating, calms skin","2-3 drops, pressed on as the last step to seal in moisture",Both,Daily,N/A,Yes,Minimal restrictions,"Oily, Combination, Sensitive","Niacinamide, Centella Asiatica",None significant,1,N/A,Yes,No,Budget ($)
Lactobionic Acid,PHA,Spot Treatment,Gentle exfoliating and antioxidant humectant,Hydrates while smoothing texture,Dab a small amount directly onto targeted area,Both,"Daily, well tolerated",8%,Yes,Minimal restrictions,"Sensitive, Dry, Mature","Hyaluronic Acid, Ceramides",Strong acids layered heavily,1,3.5-4.5,Consult doctor,No,Budget ($)
Niacinamide + Zinc Complex,Oil Control/Barrier Blend,Cleanser,Combined sebum regulation and barrier support,"Reduces shine, minimizes breakouts","Massage onto damp skin for 30-60 seconds, rinse",Both,Daily,N/A,Yes,Minimal restrictions,"Oily, Acne-prone, Combination",Hyaluronic Acid,High-dose Vitamin C,0,5.0-7.0,Yes,No,Mid-Range ($$)
Ascorbyl Palmitate,Vitamin C Derivative (Fat-soluble),Facial Oil,"Fat-soluble, stable Vitamin C ester",Gentle brightening and antioxidant protection,"2-3 drops, pressed on as the last step to seal in moisture",Both,Daily,N/A,Yes,Minimal restrictions,"Dry, Normal","Vitamin E, Ferulic Acid",Strong acids same time,2,5.5-7.0,Yes,No,Budget ($)
Biotin (Vitamin B7),Vitamin/Conditioning Agent,Toner/Essence,Supports skin barrier and conditioning,Supports overall skin health and resilience,"Pat into skin after cleansing, before serum",Both,Daily,N/A,Yes,Minimal restrictions,All skin types,"Panthenol, Ceramides",None significant,0,N/A,Yes,No,Premium ($$$)
Moringa Oil,Facial Oil (Botanical),Cleanser,Antioxidant-rich oleic-acid oil,Deeply nourishes and softens mature skin,"Massage onto damp skin for 30-60 seconds, rinse",Night,1x daily at night,N/A,Yes,Minimal restrictions,"Dry, Mature","Squalane, Vitamin E",None significant,2,N/A,Yes,No,Mid-Range ($$)
Saffron Extract,Brightening Botanical (Ayurvedic),Toner/Essence,Traditional radiance-boosting extract,"Brightens complexion, evens tone","Pat into skin after cleansing, before serum",Both,Daily,N/A,Yes,Minimal restrictions,"Dull skin, All skin types","Niacinamide, Vitamin C",None significant,0,5.0-6.0,Consult doctor,No,Mid-Range ($$)
Hypochlorous Acid,Antimicrobial/Soothing,Facial Oil,Mimics the body's natural immune response molecule,"Calms inflammation, reduces bacteria","2-3 drops, pressed on as the last step to seal in moisture",Both,Daily,N/A,Yes,Very gentle; minimal restrictions,"Acne-prone, Sensitive, Post-procedure","Centella Asiatica, Niacinamide",None significant,0,4.0-6.0,Yes,No,Budget ($)
Horse Chestnut Extract,Circulation-support Botanical,Facial Oil,"Supports microcirculation, reduces puffiness","De-puffs, strengthens capillary appearance","2-3 drops, pressed on as the last step to seal in moisture",Morning,Daily,N/A,Yes,Minimal restrictions,"Under-eye area, Mature","Caffeine, Vitamin C",None significant,0,5.0-6.0,Consult doctor,No,Budget ($)
Plant Squalene,Emollient (Precursor to Squalane),Facial Oil,"Unstabilized precursor oil, rich emollient",Softens and nourishes skin,"2-3 drops, pressed on as the last step to seal in moisture",Night,1x daily at night,N/A,Yes,Oxidizes faster than squalane; store properly,"Dry, Normal","Squalane, Vitamin E",None significant,2,N/A,Yes,No,Budget ($)
Tranexamic Acid,Brightening Agent,Moisturizer/Cream,Inhibits melanin transfer pathway,Fades melasma and stubborn dark spots,"Nickel-sized amount, applied as final hydrating step",Both,Daily,1%,Yes,Consult doctor if on blood thinners,"Hyperpigmentation-prone, All skin types","Niacinamide, Vitamin C",None significant,0,5.0-6.5,Consult doctor,No,Mid-Range ($$)
Neem Extract,Antibacterial/Purifying Botanical (Ayurvedic),Facial Oil,Traditional antibacterial and anti-inflammatory extract,"Treats acne, purifies skin","2-3 drops, pressed on as the last step to seal in moisture",Night,1x daily at night,N/A,Yes,Strong scent; patch test recommended,"Oily, Acne-prone","Niacinamide, Tea Tree Oil",None significant,1,5.0-6.0,Consult doctor,Yes,Budget ($)
Sodium PCA,Humectant (Natural Moisturizing Factor),Face Mask,Naturally occurring skin humectant,Hydrates and supports moisture retention,"Apply for 10-15 minutes, 1-3x per week, then rinse or wipe off",Both,Daily,N/A,Yes,Minimal restrictions,"All skin types, Dry","Hyaluronic Acid, Glycerin",None significant,0,N/A,Yes,No,Mid-Range ($$)
Black Tea Ferment,Fermented Antioxidant,Cleanser,Fermentation-enhanced antioxidant complex,Calms and protects against environmental stress,"Massage onto damp skin for 30-60 seconds, rinse",Both,Daily,N/A,Yes,Minimal restrictions,All skin types,"Green Tea Extract, Niacinamide",None significant,0,5.0-6.5,Yes,No,Premium ($$$)
Watermelon Extract,Hydrating Botanical,Moisturizer/Cream,Amino-acid and water-rich hydrating extract,Refreshes and hydrates lightly,"Nickel-sized amount, applied as final hydrating step",Morning,Daily,N/A,Yes,Minimal restrictions,"All skin types, Dry","Hyaluronic Acid, Aloe Vera",None significant,0,5.0-6.0,Yes,No,Budget ($)
Zinc PCA,Oil Control,Cleanser,"Regulates sebum production, mild antibacterial",Reduces shine and breakouts,"Massage onto damp skin for 30-60 seconds, rinse",Both,Daily,N/A,Yes,Minimal restrictions,"Oily, Acne-prone","Niacinamide, Salicylic Acid",None significant,0,N/A,Yes,No,Premium ($$$)
Flaxseed Oil,Facial Oil (Botanical),Spot Treatment,Omega-3 rich soothing oil,"Calms inflammation, supports barrier",Dab a small amount directly onto targeted area,Night,1x daily at night,N/A,Yes,Oxidizes quickly; store properly,"Sensitive, Dry, Eczema-prone","Ceramides, Panthenol",None significant,2,N/A,Yes,No,Budget ($)
French Green Clay,Purifying Mineral Clay,Face Mask,Mineral-rich absorbent clay,"Detoxifies, tightens, mattifies","Apply for 10-15 minutes, 1-3x per week, then rinse or wipe off",Night,1x daily at night,N/A,Yes,Can be drying for dry skin,"Oily, Combination, Acne-prone","Charcoal, Niacinamide",Overuse with other drying actives,0,N/A,Yes,No,Mid-Range ($$)
Prickly Pear Seed Oil,Facial Oil (Botanical),Facial Oil,Vitamin E and fatty-acid rich luxury oil,"Anti-aging, deeply nourishing","2-3 drops, pressed on as the last step to seal in moisture",Night,1x daily at night,N/A,Yes,Minimal restrictions,"Dry, Mature","Squalane, Vitamin E",None significant,1,N/A,Yes,No,Premium ($$$)
Goji Berry Extract,Antioxidant Botanical,Moisturizer/Cream,Nutrient-dense antioxidant fruit extract,Brightens and supports skin resilience,"Nickel-sized amount, applied as final hydrating step",Both,Daily,N/A,Yes,Minimal restrictions,"All skin types, Dull skin","Vitamin C, Niacinamide",None significant,0,5.0-6.0,Yes,No,Mid-Range ($$)
Centella Asiatica (Cica),Soothing/Botanical,Face Mask,"Anti-inflammatory, wound-healing botanical","Calms redness, supports barrier recovery","Apply for 10-15 minutes, 1-3x per week, then rinse or wipe off",Both,Daily,N/A,Yes,Minimal restrictions,"Sensitive, Acne-prone, Rosacea","Panthenol, Niacinamide",None significant,0,5.0-6.0,Yes,No,Premium ($$$)
Phenylethyl Resorcinol (Symwhite 377),Brightening Agent (Tyrosinase Inhibitor),Facial Oil,Synthetic resorcinol derivative for tone-evening,Brightens and evens skin tone,"2-3 drops, pressed on as the last step to seal in moisture",Both,Daily,N/A,Yes,Generally well tolerated,"Hyperpigmentation-prone, All skin types","Niacinamide, Vitamin C",None significant,0,5.0-6.5,Consult doctor,No,Premium ($$$)
Cupuacu Butter,Emollient (Butter),Toner/Essence,High water-absorption Amazonian butter,Deeply hydrates without greasy feel,"Pat into skin after cleansing, before serum",Both,Daily,N/A,Yes,Minimal restrictions,"Dry, Normal","Shea Butter, Squalane",None significant,2,N/A,Yes,No,Mid-Range ($$)
Retinol,Retinoid,Serum,"Increases cell turnover, boosts collagen synthesis","Reduces fine lines, smooths texture, fades dark spots","1-2 drops, pressed into skin before heavier products",Night,"2-3x per week, building up to nightly",0.025%,Yes,"Avoid during pregnancy/breastfeeding, on broken skin, or with active sunburn","Normal, Oily, Combination, Mature","Niacinamide, Peptides, Ceramides","AHA/BHA, Benzoyl Peroxide, Vitamin C in same routine",2,5.5-6.0,No,Yes,Budget ($)
Marine Elastin,Firming Ingredient (Marine-derived),Serum,"Supports the look of skin elasticity, marine-sourced",Improves appearance of firmness and bounce,"1-2 drops, pressed into skin before heavier products",Both,Daily,N/A,Yes,Patch test for fish-derived allergy,"Mature, Normal","Marine Collagen, Peptides",None significant,0,5.0-7.0,Consult doctor,Yes,Mid-Range ($$)
Lactobionic Acid,PHA,Serum,Gentle exfoliating and antioxidant humectant,Hydrates while smoothing texture,"1-2 drops, pressed into skin before heavier products",Both,"Daily, well tolerated",4%,Yes,Minimal restrictions,"Sensitive, Dry, Mature","Hyaluronic Acid, Ceramides",Strong acids layered heavily,1,3.5-4.5,Consult doctor,No,Budget ($)
Rice Bran Oil,Facial Oil (Botanical),Spot Treatment,Gamma-oryzanol rich antioxidant oil,Brightens and softens texture,Dab a small amount directly onto targeted area,Both,Daily,N/A,Yes,Minimal restrictions,"All skin types, Dull skin","Vitamin C, Niacinamide",None significant,1,N/A,Yes,No,Mid-Range ($$)
Ectoin,Barrier/Stress Protection,Spot Treatment,Extremolyte that protects cells from environmental stress,"Protects against pollution and UV stress, hydrates",Dab a small amount directly onto targeted area,Both,Daily,N/A,Yes,Minimal restrictions,"Sensitive, All skin types","Ceramides, Hyaluronic Acid",None significant,0,5.0-7.0,Yes,No,Mid-Range ($$)
Marine Collagen,Regenerative/Firming Ingredient,Cleanser,"Supports skin structure and firmness (topical, surface-level)",Improves the look of firmness and hydration,"Massage onto damp skin for 30-60 seconds, rinse",Both,Daily,N/A,Yes,Patch test for fish-derived allergy,"Mature, Dry","Peptides, Hyaluronic Acid",None significant,0,5.0-7.0,Consult doctor,Yes,Premium ($$$)
Phytic Acid,Chelating/Mild Exfoliating Acid,Facial Oil,Antioxidant with mild brightening and chelating action,"Brightens, softens hyperpigmentation gently","2-3 drops, pressed on as the last step to seal in moisture",Night,1x daily at night,N/A,Yes,Minimal restrictions,"Sensitive, Hyperpigmentation-prone","Niacinamide, Vitamin C",Strong acids together,0,4.0-5.0,Consult doctor,No,Mid-Range ($$)
Chemical Sunscreen Filters (Avobenzone),UV Filter,Facial Oil,Absorbs and dissipates UV radiation as heat,Broad-spectrum sun protection,"2-3 drops, pressed on as the last step to seal in moisture",Morning,Daily,N/A,N/A (is the sunscreen),Reapply every 2 hours in sun exposure,"Normal, Oily, Combination",Antioxidants under sunscreen,None significant,1,N/A,Consult doctor,No,Mid-Range ($$)
Charcoal (Activated),Purifying/Detox Agent,Spot Treatment,Adsorbs excess oil and impurities,"Deep cleanses, minimizes pore congestion",Dab a small amount directly onto targeted area,Night,1x daily at night,N/A,Yes,Can be drying with overuse,"Oily, Acne-prone, Combination","Clay, Niacinamide",Overuse with other drying actives,0,N/A,Yes,No,Mid-Range ($$)
Chia Seed Oil,Facial Oil (Botanical),Moisturizer/Cream,Omega-3/6 balanced antioxidant oil,Nourishes and calms sensitive skin,"Nickel-sized amount, applied as final hydrating step",Both,Daily,N/A,Yes,Minimal restrictions,"Sensitive, Dry, Normal","Squalane, Centella Asiatica",None significant,1,N/A,Yes,No,Premium ($$$)
Colostrum Extract,Regenerative/Barrier Ingredient,Facial Oil,Protein and growth-factor rich extract for repair support,Supports barrier recovery and hydration,"2-3 drops, pressed on as the last step to seal in moisture",Both,Daily,N/A,Yes,"Emerging ingredient; patch test, consult doctor for allergies","Sensitive, Mature","Peptides, Ceramides",None significant,0,5.0-6.5,Consult doctor,Yes,Budget ($)
Ginseng Extract,Antioxidant/Anti-aging Botanical,Moisturizer/Cream,"Adaptogenic antioxidant, boosts circulation","Brightens, firms, supports radiance","Nickel-sized amount, applied as final hydrating step",Both,Daily,N/A,Yes,Minimal restrictions,"Mature, Normal, Dull skin","Niacinamide, Peptides",None significant,0,5.0-6.5,Consult doctor,No,Budget ($)
Volcanic Ash,Purifying Mineral,Facial Oil,Mineral-rich absorbent for oil and impurities,"Deep cleans, minimizes pore appearance","2-3 drops, pressed on as the last step to seal in moisture",Night,1x daily at night,N/A,Yes,Can be drying with overuse,"Oily, Acne-prone","Charcoal, Kaolin Clay",Overuse with other drying actives,0,N/A,Yes,No,Budget ($)
Palmitoyl Oligopeptide,Peptide (Collagen-signaling),Face Mask,Supports collagen and glycosaminoglycan synthesis,Firms and hydrates aging skin,"Apply for 10-15 minutes, 1-3x per week, then rinse or wipe off",Night,1x daily at night,N/A,Yes,Minimal restrictions,Mature,"Hyaluronic Acid, Niacinamide",None significant,0,5.0-7.0,Consult doctor,No,Budget ($)
Trifarotene,"Retinoid (Prescription, 4th-gen)",Serum,Highly selective RAR-gamma receptor agonist,"Treats acne and photoaging, prescription strength","1-2 drops, pressed into skin before heavier products",Night,1x daily at night,N/A,Yes,Avoid in pregnancy; prescription supervision required,"Acne-prone, Normal","Moisturizers, Ceramides","AHA/BHA, Benzoyl Peroxide together",1,5.0-6.0,No,Yes,Budget ($)
"TGF-Beta (Transforming Growth Factor, Plant-derived)",Regenerative/Biotech,Facial Oil,Signaling molecule supporting tissue remodeling,Supports firmness and repair,"2-3 drops, pressed on as the last step to seal in moisture",Night,1x daily at night,1%,Yes,Emerging ingredient; limited long-term data,"Mature, Normal","Peptides, Hyaluronic Acid",Strong acids same time,0,5.0-7.0,Consult doctor,Yes,Premium ($$$)
Dipeptide Diaminobutyroyl Benzylamide Diacetate (Syn-Ake),Peptide (Snake-venom mimicking),Facial Oil,Mimics muscle-relaxing effect for expression lines,Softens fine lines from repeated expressions,"2-3 drops, pressed on as the last step to seal in moisture",Night,1x daily at night,N/A,Yes,Minimal restrictions,"Mature, Normal",Peptide complexes,None significant,0,5.0-7.0,Consult doctor,No,Premium ($$$)
Encapsulated Retinol,Retinoid (Time-release),Serum,Time-released retinol for reduced surface irritation,"Anti-aging with slower, steadier release","1-2 drops, pressed into skin before heavier products",Night,1x daily at night,N/A,Yes,Avoid in pregnancy,"Sensitive, Normal, Mature","Niacinamide, Ceramides",Strong acids same time,1,5.5-6.5,No,Yes,Budget ($)
Palmitoyl Tetrapeptide-7,Peptide (Anti-inflammatory Signaling),Facial Oil,Reduces inflammatory signaling linked to skin aging,Calms and firms aging skin,"2-3 drops, pressed on as the last step to seal in moisture",Night,1x daily at night,N/A,Yes,Minimal restrictions,"Mature, Sensitive",Peptide complexes,Strong acids same time,0,5.0-7.0,Consult doctor,No,Budget ($)
Rosehip Oil,Facial Oil (Botanical),Toner/Essence,"Vitamin A and C rich, regenerative","Fades scars, brightens, anti-aging","Pat into skin after cleansing, before serum",Night,1x daily at night,N/A,Yes,Can oxidize quickly; store in dark bottle,"Dry, Mature, Normal","Vitamin C, Squalane",Strong retinoids same time,2,N/A,Consult doctor,No,Premium ($$$)
Trehalose,Humectant/Stress Protectant,Serum,"Sugar-based humectant, protects cells from dehydration",Hydrates and protects against environmental stress,"1-2 drops, pressed into skin before heavier products",Both,Daily,N/A,Yes,Minimal restrictions,"All skin types, Sensitive","Beta-Glucan, Ceramides",None significant,0,N/A,Yes,No,Mid-Range ($$)
Citric Acid,AHA (Alpha Hydroxy Acid),Spot Treatment,"Fruit-derived exfoliant, also a pH adjuster",Brightens and gently exfoliates,Dab a small amount directly onto targeted area,Night,2-3x per week,15%,Yes,Avoid on broken/sunburned skin,"Normal, Oily, Combination","Niacinamide, Hyaluronic Acid","Retinoids, other acids together",1,3.0-4.0,Consult doctor,Yes,Budget ($)
Prebiotics (Inulin/Alpha-glucan),Microbiome Support,Toner/Essence,Feeds beneficial skin bacteria,Supports microbiome balance and barrier,"Pat into skin after cleansing, before serum",Both,Daily,N/A,Yes,Minimal restrictions,"All skin types, Sensitive","Postbiotics, Ceramides",None significant,0,5.0-6.5,Yes,No,Premium ($$$)
Oleic Acid,Fatty Acid (Emollient),Facial Oil,"Omega-9 fatty acid, rich emollient",Deeply softens very dry skin,"2-3 drops, pressed on as the last step to seal in moisture",Night,1x daily at night,N/A,Yes,Can be heavy/comedogenic for oily skin,"Dry, Very Dry, Mature","Shea Butter, Squalane",None significant,3,N/A,Yes,No,Mid-Range ($$)
Bhringraj Oil,Facial Oil (Ayurvedic Botanical),Serum,Traditional anti-aging and soothing oil,"Nourishes, calms, supports elasticity","1-2 drops, pressed into skin before heavier products",Night,1x daily at night,N/A,Yes,Patch test for sensitivity,"Dry, Mature, Sensitive","Squalane, Centella Asiatica",None significant,2,N/A,Consult doctor,Yes,Mid-Range ($$)
Flaxseed Oil,Facial Oil (Botanical),Serum,Omega-3 rich soothing oil,"Calms inflammation, supports barrier","1-2 drops, pressed into skin before heavier products",Night,1x daily at night,N/A,Yes,Oxidizes quickly; store properly,"Sensitive, Dry, Eczema-prone","Ceramides, Panthenol",None significant,2,N/A,Yes,No,Mid-Range ($$)
Magnesium Ascorbyl Phosphate,Vitamin C Derivative,Serum,Water-soluble stable Vitamin C form,"Brightening, antioxidant protection","1-2 drops, pressed into skin before heavier products",Both,Daily,10%,Yes,Generally gentle,"Sensitive, Dry","Niacinamide, Hyaluronic Acid",Strong acids,0,6.0-7.0,Yes,No,Budget ($)
4-Butylresorcinol,Brightening Agent (Tyrosinase Inhibitor),Face Mask,"Potent, fast-acting tyrosinase inhibitor",Fades dark spots and evens tone quickly,"Apply for 10-15 minutes, 1-3x per week, then rinse or wipe off",Both,Daily,N/A,Yes,Generally well tolerated,Hyperpigmentation-prone,"Niacinamide, Vitamin C",None significant,0,5.0-6.5,Consult doctor,No,Budget ($)
Hemp Seed Oil,Facial Oil (Botanical),Serum,Balanced omega fatty-acid oil,"Balances oil while hydrating, calms skin","1-2 drops, pressed into skin before heavier products",Both,Daily,N/A,Yes,Minimal restrictions,"Oily, Combination, Sensitive","Niacinamide, Centella Asiatica",None significant,1,N/A,Yes,No,Budget ($)
Colostrum Extract,Regenerative/Barrier Ingredient,Cleanser,Protein and growth-factor rich extract for repair support,Supports barrier recovery and hydration,"Massage onto damp skin for 30-60 seconds, rinse",Both,Daily,N/A,Yes,"Emerging ingredient; patch test, consult doctor for allergies","Sensitive, Mature","Peptides, Ceramides",None significant,0,5.0-6.5,Consult doctor,Yes,Budget ($)
Silica,Mattifying/Texture Agent,Facial Oil,"Absorbs oil, softens visual texture","Mattifies shine, blurs pores visually","2-3 drops, pressed on as the last step to seal in moisture",Morning,Daily,N/A,Yes,Minimal restrictions,"Oily, Combination","Niacinamide, Zinc PCA",None significant,0,N/A,Yes,No,Mid-Range ($$)
Tinosorb S,UV Filter (Broad-spectrum Chemical),Moisturizer/Cream,Photostable UVA/UVB broad-spectrum filter,Comprehensive sun protection with high stability,"Nickel-sized amount, applied as final hydrating step",Morning,Daily,N/A,N/A (is the sunscreen),Reapply every 2 hours in sun exposure,"All skin types, Sensitive",Antioxidants under sunscreen,None significant,1,N/A,Yes,No,Premium ($$$)
Biotin (Vitamin B7),Vitamin/Conditioning Agent,Moisturizer/Cream,Supports skin barrier and conditioning,Supports overall skin health and resilience,"Nickel-sized amount, applied as final hydrating step",Both,Daily,N/A,Yes,Minimal restrictions,All skin types,"Panthenol, Ceramides",None significant,0,N/A,Yes,No,Budget ($)
Fermented Soybean Extract,Fermented/Biotech Ingredient,Cleanser,Rich in isoflavones and amino acids,"Firms, brightens, supports elasticity","Massage onto damp skin for 30-60 seconds, rinse",Both,Daily,N/A,Yes,Minimal restrictions,"Mature, Normal","Niacinamide, Peptides",None significant,0,5.0-6.5,Consult doctor,No,Premium ($$$)
Sage Extract,Astringent/Antioxidant Botanical,Facial Oil,Mild astringent with antioxidant properties,"Balances oil, soothes minor irritation","2-3 drops, pressed on as the last step to seal in moisture",Both,Daily,N/A,Yes,Patch test for essential-oil sensitivity,"Oily, Combination","Witch Hazel, Green Tea Extract",None significant,0,5.0-6.0,Consult doctor,Yes,Budget ($)
Trehalose,Humectant/Stress Protectant,Spot Treatment,"Sugar-based humectant, protects cells from dehydration",Hydrates and protects against environmental stress,Dab a small amount directly onto targeted area,Both,Daily,N/A,Yes,Minimal restrictions,"All skin types, Sensitive","Beta-Glucan, Ceramides",None significant,0,N/A,Yes,No,Premium ($$$)
Pearl Powder,Brightening/Luxury Additive (Marine-derived),Facial Oil,Traditional mineral powder marketed for radiance,Brightens and adds subtle luminosity,"2-3 drops, pressed on as the last step to seal in moisture",Both,Daily,N/A,Yes,Minimal restrictions,"Dull skin, All skin types","Niacinamide, Vitamin C",None significant,0,N/A,Consult doctor,No,Premium ($$$)
Chamomile Extract,Soothing Botanical,Cleanser,"Anti-inflammatory, calming flavonoids",Reduces redness and sensitivity,"Massage onto damp skin for 30-60 seconds, rinse",Both,Daily,N/A,Yes,Ragweed-allergy sufferers should patch test,"Sensitive, Rosacea-prone","Bisabolol, Panthenol",None significant,0,5.0-6.5,Yes,Yes,Budget ($)
Fermented Soybean Extract,Fermented/Biotech Ingredient,Serum,Rich in isoflavones and amino acids,"Firms, brightens, supports elasticity","1-2 drops, pressed into skin before heavier products",Both,Daily,N/A,Yes,Minimal restrictions,"Mature, Normal","Niacinamide, Peptides",None significant,0,5.0-6.5,Consult doctor,No,Mid-Range ($$)
Sunflower Seed Oil,Facial Oil (Botanical),Cleanser,Linoleic-acid rich lightweight oil,Supports barrier without heaviness,"Massage onto damp skin for 30-60 seconds, rinse",Both,Daily,N/A,Yes,Minimal restrictions,"Normal, Combination, Acne-prone","Niacinamide, Squalane",None significant,1,N/A,Yes,No,Budget ($)
Sage Extract,Astringent/Antioxidant Botanical,Moisturizer/Cream,Mild astringent with antioxidant properties,"Balances oil, soothes minor irritation","Nickel-sized amount, applied as final hydrating step",Both,Daily,N/A,Yes,Patch test for essential-oil sensitivity,"Oily, Combination","Witch Hazel, Green Tea Extract",None significant,0,5.0-6.0,Consult doctor,Yes,Budget ($)
Beta-Glucan,Soothing/Humectant,Facial Oil,Polysaccharide that calms and hydrates,"Reduces sensitivity, supports barrier repair","2-3 drops, pressed on as the last step to seal in moisture",Both,Daily,N/A,Yes,Very gentle; minimal restrictions,"Sensitive, Dry, All skin types","Ceramides, Panthenol",None significant,0,5.0-6.5,Yes,No,Premium ($$$)
Blue Tansy Extract,Soothing Botanical (Azulene),Toner/Essence,"Anti-inflammatory, calming blue pigment oil",Calms redness and irritation,"Pat into skin after cleansing, before serum",Night,1x daily at night,N/A,Yes,Patch test; potent essential oil derivative,"Sensitive, Rosacea-prone","Centella Asiatica, Chamomile",None significant,1,N/A,Consult doctor,Yes,Premium ($$$)
Seaweed/Algae Extract,Hydrating/Mineral-rich Botanical,Cleanser,Mineral-rich humectant and antioxidant,"Hydrates, remineralizes, softens","Massage onto damp skin for 30-60 seconds, rinse",Both,Daily,N/A,Yes,Minimal restrictions,"Dry, Normal, Dull skin","Hyaluronic Acid, Niacinamide",None significant,0,5.0-6.5,Yes,No,Budget ($)
Cholesterol,Barrier Lipid,Spot Treatment,Works with ceramides/fatty acids to rebuild barrier,Repairs compromised skin barrier,Dab a small amount directly onto targeted area,Both,Daily,N/A,Yes,Minimal restrictions,"Dry, Sensitive","Ceramides, Fatty Acids",None significant,1,N/A,Yes,No,Budget ($)
Ginseng Extract,Antioxidant/Anti-aging Botanical,Spot Treatment,"Adaptogenic antioxidant, boosts circulation","Brightens, firms, supports radiance",Dab a small amount directly onto targeted area,Both,Daily,N/A,Yes,Minimal restrictions,"Mature, Normal, Dull skin","Niacinamide, Peptides",None significant,0,5.0-6.5,Consult doctor,No,Premium ($$$)
Red Algae Extract,Marine Antioxidant/Hydrator,Serum,Mineral and polysaccharide-rich marine extract,"Hydrates, firms, protects from environmental stress","1-2 drops, pressed into skin before heavier products",Both,Daily,N/A,Yes,Minimal restrictions,"Dry, Normal, Dull skin","Hyaluronic Acid, Niacinamide",None significant,0,5.0-6.5,Yes,No,Mid-Range ($$)
Coco-Glucoside,Mild Cleansing Surfactant,Cleanser,Plant-derived gentle cleansing agent,Cleanses without stripping the barrier,"Massage onto damp skin for 30-60 seconds, rinse",Both,Daily,N/A,Yes,Minimal restrictions,"All skin types, Sensitive","Ceramides, Glycerin",None significant,0,5.0-6.5,Yes,No,Mid-Range ($$)
Mulberry Extract,Brightening Botanical,Cleanser,Natural tyrosinase-inhibiting brightener,"Evens tone, reduces dark spots","Massage onto damp skin for 30-60 seconds, rinse",Both,Daily,N/A,Yes,Minimal restrictions,Hyperpigmentation-prone,"Niacinamide, Licorice Extract",None significant,0,5.0-6.0,Yes,No,Premium ($$$)
Betaine,Humectant (Amino Acid-derived),Face Mask,Osmolyte that supports hydration balance,Hydrates while calming irritation,"Apply for 10-15 minutes, 1-3x per week, then rinse or wipe off",Both,Daily,N/A,Yes,Minimal restrictions,"Sensitive, Dry, All skin types","Panthenol, Hyaluronic Acid",None significant,0,N/A,Yes,No,Budget ($)
Tea Tree Oil,Acne Treatment (Botanical),Facial Oil,Natural antimicrobial,"Spot treats blemishes, reduces bacteria","2-3 drops, pressed on as the last step to seal in moisture",Night,1x daily at night,N/A,Yes,Dilute before use; can irritate undiluted,"Oily, Acne-prone","Niacinamide, Zinc PCA",Strong acids same time,2,N/A,Consult doctor,Yes,Mid-Range ($$)
Perlite,Physical Exfoliant (Mineral),Moisturizer/Cream,Volcanic-glass mineral exfoliating particle,Gently buffs away dead skin cells,"Nickel-sized amount, applied as final hydrating step",Night,1x daily at night,N/A,Yes,Use gentle pressure to avoid micro-tears,"Normal, Combination, Oily","Niacinamide, Clay",Overuse with chemical exfoliants,0,N/A,Yes,No,Mid-Range ($$)
Mineral Sunscreen Filters (Zinc Oxide),UV Filter,Toner/Essence,Physical barrier reflecting UV rays,Broad-spectrum sun protection,"Pat into skin after cleansing, before serum",Morning,Daily,N/A,N/A (is the sunscreen),Reapply every 2 hours in sun exposure,"All skin types, Sensitive",Antioxidants under sunscreen,None significant,0,N/A,Yes,No,Premium ($$$)
Cordyceps Extract,Adaptogen/Antioxidant (Mushroom),Toner/Essence,Adaptogenic extract supporting cellular vitality,Revitalizes dull or fatigued-looking skin,"Pat into skin after cleansing, before serum",Both,Daily,N/A,Yes,Minimal restrictions,"Dull skin, Mature","Niacinamide, Vitamin C",None significant,0,5.0-6.0,Consult doctor,No,Budget ($)
Murumuru Butter,Emollient (Butter),Facial Oil,Rich Amazonian plant butter,Deeply conditions very dry skin,"2-3 drops, pressed on as the last step to seal in moisture",Both,Daily,N/A,Yes,Can feel heavy on oily skin,"Dry, Very Dry","Shea Butter, Squalane",None significant,3,N/A,Yes,No,Mid-Range ($$)
3-O-Ethyl Ascorbic Acid,Vitamin C Derivative (Stable),Serum,Stable derivative that converts to pure Vitamin C in skin,Brightens with better stability than L-ascorbic acid,"1-2 drops, pressed into skin before heavier products",Both,Daily,N/A,Yes,Minimal restrictions,All skin types,"Niacinamide, Ferulic Acid",Strong acids same time,0,5.0-6.5,Yes,No,Premium ($$$)
Sandalwood Extract,Soothing/Brightening Botanical (Ayurvedic),Moisturizer/Cream,Traditional calming and brightening extract,"Soothes irritation, evens tone","Nickel-sized amount, applied as final hydrating step",Both,Daily,N/A,Yes,Fragrance sensitivity possible; patch test,"Sensitive, Dull skin","Niacinamide, Licorice Extract",None significant,0,5.0-6.0,Consult doctor,Yes,Premium ($$$)
Glycolic Acid,AHA (Alpha Hydroxy Acid),Serum,Exfoliates surface skin cells,"Brightens, smooths texture, fades discoloration","1-2 drops, pressed into skin before heavier products",Night,2-3x per week,5%,Yes,Avoid on broken/sunburned skin; avoid with retinoids same session,"Normal, Oily, Combination","Hyaluronic Acid, Niacinamide","Retinoids, Vitamin C, other acids",1,3.0-4.0,Consult doctor,Yes,Budget ($)
Bakuchiol,Plant-derived Retinol Alternative,Moisturizer/Cream,Retinol-like signaling without irritation,"Anti-aging, gentle for sensitive skin","Nickel-sized amount, applied as final hydrating step",Both,Daily,1%,Yes,Generally well tolerated; patch test if very sensitive,"All skin types, Sensitive","Vitamin C, Niacinamide, Peptides",None significant,1,5.0-6.5,Yes (consult doctor),No,Premium ($$$)
Chia Seed Oil,Facial Oil (Botanical),Facial Oil,Omega-3/6 balanced antioxidant oil,Nourishes and calms sensitive skin,"2-3 drops, pressed on as the last step to seal in moisture",Both,Daily,N/A,Yes,Minimal restrictions,"Sensitive, Dry, Normal","Squalane, Centella Asiatica",None significant,1,N/A,Yes,No,Premium ($$$)
Fuller's Earth (Multani Mitti),Purifying Mineral Clay,Moisturizer/Cream,Traditional absorbent mineral clay,"Deep cleanses, controls oil, brightens","Nickel-sized amount, applied as final hydrating step",Night,1x daily at night,N/A,Yes,Can be drying for dry skin,"Oily, Combination","Turmeric Extract, Rose Water",Overuse with other drying actives,0,N/A,Yes,No,Premium ($$$)
Perlite,Physical Exfoliant (Mineral),Toner/Essence,Volcanic-glass mineral exfoliating particle,Gently buffs away dead skin cells,"Pat into skin after cleansing, before serum",Night,1x daily at night,N/A,Yes,Use gentle pressure to avoid micro-tears,"Normal, Combination, Oily","Niacinamide, Clay",Overuse with chemical exfoliants,0,N/A,Yes,No,Premium ($$$)
Ceramide AP,Barrier Lipid (Specific Ceramide),Facial Oil,Key ceramide subtype for barrier structure,"Restores barrier, reduces sensitivity","2-3 drops, pressed on as the last step to seal in moisture",Both,Daily,N/A,Yes,Minimal restrictions,"Dry, Sensitive, Mature","Ceramide NP, Cholesterol",None significant,1,N/A,Yes,No,Budget ($)
Kukui Nut Oil,Facial Oil (Botanical),Spot Treatment,"Lightweight Hawaiian nut oil, fatty-acid rich",Softens and protects without greasiness,Dab a small amount directly onto targeted area,Both,Daily,N/A,Yes,Tree-nut allergy caution,"Dry, Normal, Combination","Squalane, Vitamin E",None significant,1,N/A,Consult doctor,Yes,Budget ($)
Kukui Nut Oil,Facial Oil (Botanical),Face Mask,"Lightweight Hawaiian nut oil, fatty-acid rich",Softens and protects without greasiness,"Apply for 10-15 minutes, 1-3x per week, then rinse or wipe off",Both,Daily,N/A,Yes,Tree-nut allergy caution,"Dry, Normal, Combination","Squalane, Vitamin E",None significant,1,N/A,Consult doctor,Yes,Mid-Range ($$)
Camellia Oil,Facial Oil (Botanical),Cleanser,"Lightweight, antioxidant-rich oil",Softens and nourishes without heaviness,"Massage onto damp skin for 30-60 seconds, rinse",Night,1x daily at night,N/A,Yes,Minimal restrictions,"Dry, Normal, Combination","Squalane, Hyaluronic Acid",None significant,1,N/A,Yes,No,Budget ($)
Mango Butter,Emollient (Butter),Spot Treatment,"Lightweight plant butter, high in fatty acids",Softens and conditions dry skin,Dab a small amount directly onto targeted area,Both,Daily,N/A,Yes,Minimal restrictions,"Dry, Normal","Shea Butter, Squalane",None significant,2,N/A,Yes,No,Mid-Range ($$)
Zinc PCA,Oil Control,Moisturizer/Cream,"Regulates sebum production, mild antibacterial",Reduces shine and breakouts,"Nickel-sized amount, applied as final hydrating step",Both,Daily,N/A,Yes,Minimal restrictions,"Oily, Acne-prone","Niacinamide, Salicylic Acid",None significant,0,N/A,Yes,No,Premium ($$$)
Phytosphingosine,Barrier Lipid/Antimicrobial,Serum,Supports barrier repair with mild antimicrobial action,"Repairs barrier, calms acne-prone skin","1-2 drops, pressed into skin before heavier products",Both,Daily,N/A,Yes,Minimal restrictions,"Dry, Acne-prone, Sensitive","Ceramides, Niacinamide",None significant,1,N/A,Yes,No,Premium ($$$)
Mugwort Extract,Soothing Botanical (K-beauty),Cleanser,Anti-inflammatory botanical popular in Korean skincare,Calms redness and sensitivity,"Massage onto damp skin for 30-60 seconds, rinse",Both,Daily,N/A,Yes,Minimal restrictions,"Sensitive, Rosacea-prone","Centella Asiatica, Panthenol",None significant,0,5.0-6.0,Consult doctor,No,Mid-Range ($$)
NAD+ (Nicotinamide Adenine Dinucleotide),Regenerative/Biotech,Serum,Supports cellular energy metabolism and repair,"Anti-aging, supports skin resilience","1-2 drops, pressed into skin before heavier products",Night,1x daily at night,2%,Yes,Emerging ingredient; limited long-term data,"Mature, Normal","Niacinamide, Peptides",None significant,0,5.0-7.0,Consult doctor,Yes,Premium ($$$)
Upcycled Grape Seed Extract,Antioxidant (Upcycled/Sustainable),Facial Oil,Polyphenol-rich byproduct antioxidant,"Protects against free radicals, firms skin","2-3 drops, pressed on as the last step to seal in moisture",Both,Daily,N/A,Yes,Minimal restrictions,"All skin types, Mature","Vitamin C, Vitamin E",None significant,0,5.0-6.5,Yes,No,Mid-Range ($$)
"TGF-Beta (Transforming Growth Factor, Plant-derived)",Regenerative/Biotech,Cleanser,Signaling molecule supporting tissue remodeling,Supports firmness and repair,"Massage onto damp skin for 30-60 seconds, rinse",Night,1x daily at night,2%,Yes,Emerging ingredient; limited long-term data,"Mature, Normal","Peptides, Hyaluronic Acid",Strong acids same time,0,5.0-7.0,Consult doctor,Yes,Mid-Range ($$)
Sea Kelp Bioferment,Humectant/Antioxidant (Marine Fermented),Moisturizer/Cream,"Fermented marine extract, hydrating and mineral-rich","Hydrates, firms, protects","Nickel-sized amount, applied as final hydrating step",Both,Daily,N/A,Yes,Minimal restrictions,"All skin types, Dry","Hyaluronic Acid, Niacinamide",None significant,0,5.0-6.5,Yes,No,Premium ($$$)
Astaxanthin,Antioxidant (Algae-derived),Toner/Essence,Powerful carotenoid antioxidant,"Protects against UV/oxidative damage, evens tone","Pat into skin after cleansing, before serum",Both,Daily,N/A,Yes,Minimal restrictions,"All skin types, Mature","Vitamin C, Niacinamide",None significant,0,5.0-6.5,Consult doctor,No,Mid-Range ($$)
Sulfur,Acne Treatment,Toner/Essence,"Antimicrobial, keratolytic","Dries out blemishes, reduces oil","Pat into skin after cleansing, before serum",Night,1x daily at night,N/A,Yes,Strong smell; can be drying,"Oily, Acne-prone",Niacinamide,Strong acids/retinoids together,0,4.0-6.0,Consult doctor,Yes,Mid-Range ($$)
Chrysanthemum Extract,Soothing/Antioxidant Botanical,Serum,Calming floral extract with antioxidant properties,"Calms redness, adds antioxidant protection","1-2 drops, pressed into skin before heavier products",Both,Daily,N/A,Yes,Fragrance allergy risk for very sensitive skin,"Sensitive, All skin types","Chamomile, Bisabolol",None significant,0,5.0-6.0,Consult doctor,Yes,Mid-Range ($$)
Kalahari Melon (Watermelon Seed) Oil,Facial Oil (Botanical),Facial Oil,Lightweight linoleic-acid rich oil,Hydrates oily/combination skin without clogging,"2-3 drops, pressed on as the last step to seal in moisture",Both,Daily,N/A,Yes,Minimal restrictions,"Oily, Combination","Niacinamide, Squalane",None significant,1,N/A,Yes,No,Mid-Range ($$)
Coco-Glucoside,Mild Cleansing Surfactant,Toner/Essence,Plant-derived gentle cleansing agent,Cleanses without stripping the barrier,"Pat into skin after cleansing, before serum",Both,Daily,N/A,Yes,Minimal restrictions,"All skin types, Sensitive","Ceramides, Glycerin",None significant,0,5.0-6.5,Yes,No,Premium ($$$)
Pumpkin Enzyme,Enzyme Exfoliant,Face Mask,"Fruit enzyme exfoliation, rich in vitamins",Brightens and softens texture gently,"Apply for 10-15 minutes, 1-3x per week, then rinse or wipe off",Night,1x daily at night,N/A,Yes,Avoid on broken skin,"Sensitive, Normal, Dull skin","Vitamin C, Niacinamide",Strong acids/retinoids same time,1,4.0-6.0,Consult doctor,No,Budget ($)
Horse Chestnut Extract,Circulation-support Botanical,Toner/Essence,"Supports microcirculation, reduces puffiness","De-puffs, strengthens capillary appearance","Pat into skin after cleansing, before serum",Morning,Daily,N/A,Yes,Minimal restrictions,"Under-eye area, Mature","Caffeine, Vitamin C",None significant,0,5.0-6.0,Consult doctor,No,Premium ($$$)
Gluconolactone,PHA,Spot Treatment,Larger-molecule gentle exfoliant with antioxidant properties,"Mild exfoliation, hydration, antioxidant protection",Dab a small amount directly onto targeted area,Both,"Daily, well tolerated",8%,Yes,Minimal restrictions,"Sensitive, Rosacea-prone, Dry","Hyaluronic Acid, Ceramides",Strong acids layered heavily,1,3.5-4.5,Consult doctor,No,Budget ($)
Sandalwood Extract,Soothing/Brightening Botanical (Ayurvedic),Spot Treatment,Traditional calming and brightening extract,"Soothes irritation, evens tone",Dab a small amount directly onto targeted area,Both,Daily,N/A,Yes,Fragrance sensitivity possible; patch test,"Sensitive, Dull skin","Niacinamide, Licorice Extract",None significant,0,5.0-6.0,Consult doctor,Yes,Premium ($$$)
Bamboo Powder,Physical Exfoliant (Botanical),Serum,Fine botanical exfoliating powder,"Buffs texture, smooths rough patches","1-2 drops, pressed into skin before heavier products",Night,1x daily at night,N/A,Yes,Use gentle pressure to avoid micro-tears,"Normal, Combination, Oily","Niacinamide, Clay",Overuse with chemical exfoliants,0,N/A,Yes,No,Mid-Range ($$)
Marshmallow Root Extract,Soothing/Hydrating Botanical,Toner/Essence,"Mucilage-rich calming, moisture-binding extract","Soothes irritation, hydrates gently","Pat into skin after cleansing, before serum",Both,Daily,N/A,Yes,Minimal restrictions,"Sensitive, Dry, Eczema-prone","Oat Extract, Panthenol",None significant,0,5.0-6.0,Yes,No,Budget ($)
Decyl Glucoside,Mild Cleansing Surfactant,Moisturizer/Cream,Ultra-gentle plant-derived surfactant,"Cleanses gently, preserves moisture barrier","Nickel-sized amount, applied as final hydrating step",Both,Daily,N/A,Yes,Minimal restrictions,"Sensitive, Dry, All skin types","Ceramides, Panthenol",None significant,0,5.0-6.5,Yes,No,Budget ($)
Polyhydroxy Acid (PHA),PHA,Toner/Essence,Gentle surface exfoliation with humectant effect,"Mild exfoliation for sensitive skin, hydration","Pat into skin after cleansing, before serum",Both,"Daily, well tolerated",4%,Yes,Minimal restrictions; still patch test,"Sensitive, Rosacea-prone, Dry","Hyaluronic Acid, Ceramides",Strong actives layered heavily,1,3.5-4.5,Consult doctor,No,Budget ($)
Magnesium Ascorbyl Phosphate,Vitamin C Derivative,Spot Treatment,Water-soluble stable Vitamin C form,"Brightening, antioxidant protection",Dab a small amount directly onto targeted area,Both,Daily,10%,Yes,Generally gentle,"Sensitive, Dry","Niacinamide, Hyaluronic Acid",Strong acids,0,6.0-7.0,Yes,No,Budget ($)
Ferulic Acid,Antioxidant Booster,Serum,Stabilizes and boosts Vitamin C/E efficacy,"Enhanced antioxidant protection, anti-aging","1-2 drops, pressed into skin before heavier products",Morning,Daily,0.5%,Yes,Rarely irritating alone,All skin types,"Vitamin C, Vitamin E",None significant,0,3.0-4.0,Yes,No,Premium ($$$)
PDRN (Polydeoxyribonucleotide),Regenerative/Biotech (Salmon DNA-derived),Serum,Stimulates tissue repair and regeneration,"Improves elasticity, supports healing","1-2 drops, pressed into skin before heavier products",Night,1x daily at night,N/A,Yes,"Emerging ingredient; patch test, consult doctor if allergic to fish","Mature, Normal, Post-procedure","Peptides, Hyaluronic Acid",Strong acids same time,0,5.0-7.0,Consult doctor,Yes,Mid-Range ($$)
Ceramides,Barrier Lipid,Toner/Essence,Restores and reinforces skin barrier lipids,"Locks in moisture, reduces sensitivity","Pat into skin after cleansing, before serum",Both,Daily,N/A,Yes,Minimal restrictions,"Dry, Sensitive, Mature, All","Hyaluronic Acid, Cholesterol, Fatty Acids",None significant,1,N/A,Yes,No,Mid-Range ($$)
Phytic Acid,Chelating/Mild Exfoliating Acid,Face Mask,Antioxidant with mild brightening and chelating action,"Brightens, softens hyperpigmentation gently","Apply for 10-15 minutes, 1-3x per week, then rinse or wipe off",Night,1x daily at night,N/A,Yes,Minimal restrictions,"Sensitive, Hyperpigmentation-prone","Niacinamide, Vitamin C",Strong acids together,0,4.0-5.0,Consult doctor,No,Budget ($)
Pomegranate Enzyme Extract,Enzyme/Antioxidant Botanical,Spot Treatment,Fruit-enzyme exfoliant with antioxidant properties,"Brightens, gently resurfaces",Dab a small amount directly onto targeted area,Night,1x daily at night,N/A,Yes,Avoid on broken skin,"Sensitive, Normal, Dull skin","Vitamin C, Niacinamide",Strong acids/retinoids same time,1,4.0-6.0,Consult doctor,No,Budget ($)
Galactomyces Ferment Filtrate,Fermented/Biotech Ingredient,Facial Oil,Sake-fermentation byproduct rich in B vitamins,"Brightens, refines pores, softens texture","2-3 drops, pressed on as the last step to seal in moisture",Both,Daily,N/A,Yes,Minimal restrictions,"All skin types, Dull skin, Combination","Niacinamide, Vitamin C",None significant,0,5.0-6.5,Yes,No,Budget ($)
Apple Stem Cell Extract (PhytoCellTec Malus),Regenerative Botanical/Biotech,Facial Oil,Plant stem cell culture extract for longevity support,Supports skin's own renewal processes,"2-3 drops, pressed on as the last step to seal in moisture",Both,Daily,N/A,Yes,Emerging ingredient; limited long-term human data,"Mature, Normal","Peptides, Hyaluronic Acid",None significant,0,5.0-6.5,Consult doctor,No,Budget ($)
Avocado Oil,Facial Oil (Botanical),Facial Oil,Fatty-acid and vitamin-rich emollient oil,Deeply nourishes very dry or mature skin,"2-3 drops, pressed on as the last step to seal in moisture",Night,1x daily at night,N/A,Yes,Comedogenic for acne-prone users,"Dry, Mature, Very Dry","Squalane, Vitamin E",None significant,3,N/A,Yes,No,Budget ($)
Zinc PCA,Oil Control,Facial Oil,"Regulates sebum production, mild antibacterial",Reduces shine and breakouts,"2-3 drops, pressed on as the last step to seal in moisture",Both,Daily,N/A,Yes,Minimal restrictions,"Oily, Acne-prone","Niacinamide, Salicylic Acid",None significant,0,N/A,Yes,No,Premium ($$$)
Safflower Oil,Facial Oil (Botanical),Spot Treatment,High-linoleic lightweight oil,Balances oily/acne-prone skin while hydrating,Dab a small amount directly onto targeted area,Both,Daily,N/A,Yes,Minimal restrictions,"Oily, Acne-prone, Combination","Niacinamide, Squalane",None significant,1,N/A,Yes,No,Mid-Range ($$)
Neem Extract,Antibacterial/Purifying Botanical (Ayurvedic),Toner/Essence,Traditional antibacterial and anti-inflammatory extract,"Treats acne, purifies skin","Pat into skin after cleansing, before serum",Night,1x daily at night,N/A,Yes,Strong scent; patch test recommended,"Oily, Acne-prone","Niacinamide, Tea Tree Oil",None significant,1,5.0-6.0,Consult doctor,Yes,Mid-Range ($$)
Bilberry Extract,Antioxidant Botanical,Face Mask,"Anthocyanin-rich antioxidant, mild AHA source",Brightens and protects skin,"Apply for 10-15 minutes, 1-3x per week, then rinse or wipe off",Both,Daily,N/A,Yes,Minimal restrictions,"All skin types, Dull skin","Vitamin C, Niacinamide",None significant,0,4.5-6.0,Yes,No,Budget ($)
Chaga Mushroom Extract,Antioxidant (Mushroom),Cleanser,Potent antioxidant with melanin-modulating properties,"Brightens, protects against oxidative stress","Massage onto damp skin for 30-60 seconds, rinse",Both,Daily,N/A,Yes,Minimal restrictions,"Dull skin, Mature","Vitamin C, Niacinamide",None significant,0,5.0-6.0,Consult doctor,No,Budget ($)
Retin-A (Tretinoin),Retinoid (Prescription),Toner/Essence,Gold-standard retinoic acid for cell turnover,"Treats acne, wrinkles, hyperpigmentation","Pat into skin after cleansing, before serum",Night,"2-3x per week, building up to nightly (as directed by doctor)",0.05%,Yes,Avoid in pregnancy; avoid with exfoliating acids and benzoyl peroxide same time,"Normal, Oily, Mature","Moisturizers, Ceramides","AHA/BHA, Vitamin C, Benzoyl Peroxide",1,4.0-6.0,No,Yes,Mid-Range ($$)
Palmitoyl Oligopeptide,Peptide (Collagen-signaling),Moisturizer/Cream,Supports collagen and glycosaminoglycan synthesis,Firms and hydrates aging skin,"Nickel-sized amount, applied as final hydrating step",Night,1x daily at night,N/A,Yes,Minimal restrictions,Mature,"Hyaluronic Acid, Niacinamide",None significant,0,5.0-7.0,Consult doctor,No,Budget ($)
Dipeptide Diaminobutyroyl Benzylamide Diacetate (Syn-Ake),Peptide (Snake-venom mimicking),Cleanser,Mimics muscle-relaxing effect for expression lines,Softens fine lines from repeated expressions,"Massage onto damp skin for 30-60 seconds, rinse",Night,1x daily at night,N/A,Yes,Minimal restrictions,"Mature, Normal",Peptide complexes,None significant,0,5.0-7.0,Consult doctor,No,Premium ($$$)
Copper Tripeptide-1,Peptide (Copper-bound),Toner/Essence,Supports collagen remodeling and wound healing,"Firms, repairs, improves elasticity","Pat into skin after cleansing, before serum",Night,1x daily at night,N/A,Yes,Avoid direct mixing with Vitamin C,"Mature, Normal","Hyaluronic Acid, Ceramides",Vitamin C at same time,0,5.0-7.0,Consult doctor,No,Mid-Range ($$)
Manjistha Extract,Brightening/Purifying Botanical (Ayurvedic),Cleanser,"Traditional blood-purifying, brightening extract","Evens tone, calms inflammatory skin concerns","Massage onto damp skin for 30-60 seconds, rinse",Both,Daily,N/A,Yes,Minimal restrictions,"Acne-prone, Hyperpigmentation-prone","Niacinamide, Licorice Extract",None significant,0,5.0-6.0,Consult doctor,No,Premium ($$$)
Broccoli Seed Oil,Facial Oil (Botanical),Serum,"Silicone-like glide, non-comedogenic plant oil",Softens and adds shine without heaviness,"1-2 drops, pressed into skin before heavier products",Both,Daily,N/A,Yes,Minimal restrictions,"All skin types, Oily","Squalane, Niacinamide",None significant,1,N/A,Yes,No,Premium ($$$)
"EGF (Epidermal Growth Factor, Recombinant)",Regenerative/Biotech,Cleanser,Recombinant protein signaling skin cell renewal,"Accelerates healing, improves texture and firmness","Massage onto damp skin for 30-60 seconds, rinse",Night,1x daily at night,1%,Yes,"Emerging ingredient; consult dermatologist, limited long-term data","Mature, Post-procedure","Peptides, Hyaluronic Acid",Strong acids same time,0,5.0-7.0,Consult doctor,Yes,Budget ($)
Red Clover Extract,Phytoestrogen Botanical,Moisturizer/Cream,Plant-derived isoflavone extract supporting elasticity,Supports firmness in mature skin,"Nickel-sized amount, applied as final hydrating step",Both,Daily,N/A,Yes,Minimal restrictions,"Mature, Normal","Peptides, Niacinamide",None significant,0,5.0-6.0,Consult doctor,No,Budget ($)
Pequi Oil,Facial Oil (Botanical),Spot Treatment,Carotenoid-rich Brazilian antioxidant oil,Nourishes and protects mature skin,Dab a small amount directly onto targeted area,Night,1x daily at night,N/A,Yes,Minimal restrictions,"Dry, Mature","Squalane, Vitamin E",None significant,2,N/A,Consult doctor,Yes,Premium ($$$)
Pomegranate Extract,Antioxidant Botanical,Toner/Essence,Polyphenol-rich antioxidant,"Protects against free radicals, brightens","Pat into skin after cleansing, before serum",Both,Daily,N/A,Yes,Minimal restrictions,"All skin types, Dull skin","Vitamin C, Niacinamide",None significant,0,5.0-6.0,Yes,No,Budget ($)
Fermented Rice Water Extract,Antioxidant/Brightening (Biotech),Serum,Fermentation-derived brightening and soothing,"Improves radiance, evens tone","1-2 drops, pressed into skin before heavier products",Both,Daily,N/A,Yes,Minimal restrictions,All skin types,"Niacinamide, Centella Asiatica",None significant,0,5.0-6.0,Yes,No,Mid-Range ($$)
Tea Tree Oil,Acne Treatment (Botanical),Face Mask,Natural antimicrobial,"Spot treats blemishes, reduces bacteria","Apply for 10-15 minutes, 1-3x per week, then rinse or wipe off",Night,1x daily at night,N/A,Yes,Dilute before use; can irritate undiluted,"Oily, Acne-prone","Niacinamide, Zinc PCA",Strong acids same time,2,N/A,Consult doctor,Yes,Budget ($)
Rice Bran Oil,Facial Oil (Botanical),Toner/Essence,Gamma-oryzanol rich antioxidant oil,Brightens and softens texture,"Pat into skin after cleansing, before serum",Both,Daily,N/A,Yes,Minimal restrictions,"All skin types, Dull skin","Vitamin C, Niacinamide",None significant,1,N/A,Yes,No,Premium ($$$)
Tulsi (Holy Basil) Extract,Adaptogen Botanical (Ayurvedic),Spot Treatment,"Traditional adaptogenic, purifying extract","Calms stressed skin, purifies pores",Dab a small amount directly onto targeted area,Both,Daily,N/A,Yes,Minimal restrictions,"Oily, Combination, Sensitive","Niacinamide, Centella Asiatica",None significant,0,5.0-6.0,Consult doctor,No,Budget ($)
Bakuchi Seed Extract,Botanical (Bakuchiol source),Cleanser,"Source plant of bakuchiol, mild anti-aging",Supports gentle renewal,"Massage onto damp skin for 30-60 seconds, rinse",Night,1x daily at night,N/A,Yes,Patch test for sensitivity,"All skin types, Sensitive","Niacinamide, Peptides",None significant,1,5.0-6.5,Consult doctor,No,Premium ($$$)
Lotus Extract,Hydrating/Soothing Botanical,Cleanser,"Traditional calming, hydrating flower extract",Soothes and lightly hydrates,"Massage onto damp skin for 30-60 seconds, rinse",Both,Daily,N/A,Yes,Minimal restrictions,"Sensitive, All skin types","Aloe Vera, Panthenol",None significant,0,5.0-6.0,Yes,No,Mid-Range ($$)
Soy Isoflavones,Phytoestrogen/Brightening Agent,Moisturizer/Cream,Plant compound supporting collagen and tone-evening,Brightens and supports firmness,"Nickel-sized amount, applied as final hydrating step",Both,Daily,N/A,Yes,Minimal restrictions,"Mature, Hyperpigmentation-prone","Niacinamide, Vitamin C",None significant,0,5.0-6.5,Consult doctor,No,Premium ($$$)
Baobab Oil,Facial Oil (Botanical),Face Mask,Vitamin-rich emollient oil,Deeply nourishes dry or mature skin,"Apply for 10-15 minutes, 1-3x per week, then rinse or wipe off",Night,1x daily at night,N/A,Yes,Minimal restrictions,"Dry, Mature","Squalane, Ceramides",None significant,2,N/A,Yes,No,Premium ($$$)
Upcycled Grape Seed Extract,Antioxidant (Upcycled/Sustainable),Cleanser,Polyphenol-rich byproduct antioxidant,"Protects against free radicals, firms skin","Massage onto damp skin for 30-60 seconds, rinse",Both,Daily,N/A,Yes,Minimal restrictions,"All skin types, Mature","Vitamin C, Vitamin E",None significant,0,5.0-6.5,Yes,No,Mid-Range ($$)
Borage Seed Oil,Facial Oil (Botanical),Toner/Essence,High in gamma-linolenic acid (GLA),"Calms inflammation, softens skin","Pat into skin after cleansing, before serum",Night,1x daily at night,N/A,Yes,Minimal restrictions,"Sensitive, Dry, Eczema-prone","Ceramides, Panthenol",None significant,2,N/A,Consult doctor,No,Premium ($$$)
Bhringraj Oil,Facial Oil (Ayurvedic Botanical),Spot Treatment,Traditional anti-aging and soothing oil,"Nourishes, calms, supports elasticity",Dab a small amount directly onto targeted area,Night,1x daily at night,N/A,Yes,Patch test for sensitivity,"Dry, Mature, Sensitive","Squalane, Centella Asiatica",None significant,2,N/A,Consult doctor,Yes,Mid-Range ($$)
Black Cohosh Extract,Phytoestrogen Botanical,Moisturizer/Cream,Traditional botanical supporting skin elasticity,Supports firmness in mature skin,"Nickel-sized amount, applied as final hydrating step",Both,Daily,N/A,Yes,Minimal restrictions,Mature,"Peptides, Niacinamide",None significant,0,5.0-6.0,Consult doctor,No,Mid-Range ($$)
Oleic Acid,Fatty Acid (Emollient),Spot Treatment,"Omega-9 fatty acid, rich emollient",Deeply softens very dry skin,Dab a small amount directly onto targeted area,Night,1x daily at night,N/A,Yes,Can be heavy/comedogenic for oily skin,"Dry, Very Dry, Mature","Shea Butter, Squalane",None significant,3,N/A,Yes,No,Premium ($$$)
Panthenol (Pro-Vitamin B5),Barrier Support/Humectant,Face Mask,"Soothes and hydrates, supports barrier repair","Calms irritation, improves elasticity","Apply for 10-15 minutes, 1-3x per week, then rinse or wipe off",Both,Daily,N/A,Yes,Very well tolerated,"Sensitive, Dry, All skin types","Ceramides, Niacinamide",None significant,0,5.0-7.0,Yes,No,Premium ($$$)
Ashwagandha Extract,Adaptogen Botanical,Facial Oil,Adaptogenic extract supporting skin barrier resilience,Calms stress-related dullness and sensitivity,"2-3 drops, pressed on as the last step to seal in moisture",Both,Daily,N/A,Yes,Minimal restrictions,"Sensitive, Dull skin","Centella Asiatica, Niacinamide",None significant,0,5.0-6.0,Consult doctor,No,Budget ($)
Encapsulated Retinol,Retinoid (Time-release),Cleanser,Time-released retinol for reduced surface irritation,"Anti-aging with slower, steadier release","Massage onto damp skin for 30-60 seconds, rinse",Night,1x daily at night,N/A,Yes,Avoid in pregnancy,"Sensitive, Normal, Mature","Niacinamide, Ceramides",Strong acids same time,1,5.5-6.5,No,Yes,Budget ($)
Gluconolactone,PHA,Toner/Essence,Larger-molecule gentle exfoliant with antioxidant properties,"Mild exfoliation, hydration, antioxidant protection","Pat into skin after cleansing, before serum",Both,"Daily, well tolerated",4%,Yes,Minimal restrictions,"Sensitive, Rosacea-prone, Dry","Hyaluronic Acid, Ceramides",Strong acids layered heavily,1,3.5-4.5,Consult doctor,No,Mid-Range ($$)
Phytosphingosine,Barrier Lipid/Antimicrobial,Face Mask,Supports barrier repair with mild antimicrobial action,"Repairs barrier, calms acne-prone skin","Apply for 10-15 minutes, 1-3x per week, then rinse or wipe off",Both,Daily,N/A,Yes,Minimal restrictions,"Dry, Acne-prone, Sensitive","Ceramides, Niacinamide",None significant,1,N/A,Yes,No,Premium ($$$)
Marine Elastin,Firming Ingredient (Marine-derived),Cleanser,"Supports the look of skin elasticity, marine-sourced",Improves appearance of firmness and bounce,"Massage onto damp skin for 30-60 seconds, rinse",Both,Daily,N/A,Yes,Patch test for fish-derived allergy,"Mature, Normal","Marine Collagen, Peptides",None significant,0,5.0-7.0,Consult doctor,Yes,Mid-Range ($$)
Biotin (Vitamin B7),Vitamin/Conditioning Agent,Face Mask,Supports skin barrier and conditioning,Supports overall skin health and resilience,"Apply for 10-15 minutes, 1-3x per week, then rinse or wipe off",Both,Daily,N/A,Yes,Minimal restrictions,All skin types,"Panthenol, Ceramides",None significant,0,N/A,Yes,No,Budget ($)
Decyl Glucoside,Mild Cleansing Surfactant,Toner/Essence,Ultra-gentle plant-derived surfactant,"Cleanses gently, preserves moisture barrier","Pat into skin after cleansing, before serum",Both,Daily,N/A,Yes,Minimal restrictions,"Sensitive, Dry, All skin types","Ceramides, Panthenol",None significant,0,5.0-6.5,Yes,No,Budget ($)
Macadamia Nut Oil,Facial Oil (Botanical),Moisturizer/Cream,"Palmitoleic-acid rich, mimics skin's natural sebum",Deeply nourishes mature or dry skin,"Nickel-sized amount, applied as final hydrating step",Night,1x daily at night,N/A,Yes,Tree-nut allergy caution,"Dry, Mature","Squalane, Vitamin E",None significant,2,N/A,Consult doctor,Yes,Premium ($$$)
Neem Extract,Antibacterial/Purifying Botanical (Ayurvedic),Cleanser,Traditional antibacterial and anti-inflammatory extract,"Treats acne, purifies skin","Massage onto damp skin for 30-60 seconds, rinse",Night,1x daily at night,N/A,Yes,Strong scent; patch test recommended,"Oily, Acne-prone","Niacinamide, Tea Tree Oil",None significant,1,5.0-6.0,Consult doctor,Yes,Budget ($)
Fermented Soybean Extract,Fermented/Biotech Ingredient,Face Mask,Rich in isoflavones and amino acids,"Firms, brightens, supports elasticity","Apply for 10-15 minutes, 1-3x per week, then rinse or wipe off",Both,Daily,N/A,Yes,Minimal restrictions,"Mature, Normal","Niacinamide, Peptides",None significant,0,5.0-6.5,Consult doctor,No,Budget ($)
Trylagen,Peptide/Protein Complex,Spot Treatment,Biotech complex supporting natural collagen synthesis,Improves elasticity and skin density,Dab a small amount directly onto targeted area,Night,1x daily at night,N/A,Yes,Emerging ingredient; limited long-term data,"Mature, Normal","Peptides, Hyaluronic Acid",None significant,0,5.0-7.0,Consult doctor,Yes,Premium ($$$)
Bamboo Sap Extract,Hydrating/Soothing Botanical (K-beauty),Moisturizer/Cream,Mineral-rich hydrating and soothing sap,"Refreshes, hydrates, calms","Nickel-sized amount, applied as final hydrating step",Both,Daily,N/A,Yes,Minimal restrictions,"All skin types, Sensitive","Aloe Vera, Hyaluronic Acid",None significant,0,5.0-6.0,Yes,No,Budget ($)
Matrixyl Synthe'6,Peptide Complex (Next-gen),Face Mask,Advanced peptide blend for six visible aging signs,"Firms, smooths, evens tone and texture","Apply for 10-15 minutes, 1-3x per week, then rinse or wipe off",Night,1x daily at night,N/A,Yes,Minimal restrictions,"Mature, Normal","Hyaluronic Acid, Niacinamide",Strong acids same time,0,5.0-7.0,Consult doctor,No,Mid-Range ($$)
Lauryl Glucoside,Mild Cleansing Surfactant,Serum,Plant-derived gentle foaming cleanser base,Cleanses effectively without stripping,"1-2 drops, pressed into skin before heavier products",Both,Daily,N/A,Yes,Minimal restrictions,All skin types,"Coco-Glucoside, Ceramides",None significant,0,5.0-6.5,Yes,No,Budget ($)
Camellia Oil,Facial Oil (Botanical),Spot Treatment,"Lightweight, antioxidant-rich oil",Softens and nourishes without heaviness,Dab a small amount directly onto targeted area,Night,1x daily at night,N/A,Yes,Minimal restrictions,"Dry, Normal, Combination","Squalane, Hyaluronic Acid",None significant,1,N/A,Yes,No,Premium ($$$)
Hexapeptide-11,Peptide (Renewal-signaling),Moisturizer/Cream,Supports skin renewal and radiance signaling,Improves radiance and firmness,"Nickel-sized amount, applied as final hydrating step",Night,1x daily at night,N/A,Yes,Minimal restrictions,"Mature, Dull skin","Niacinamide, Peptides",None significant,0,5.0-7.0,Consult doctor,No,Mid-Range ($$)
Elastin,Firming Ingredient,Face Mask,"Supports the look of skin elasticity (topical, surface-level)",Improves the appearance of firmness,"Apply for 10-15 minutes, 1-3x per week, then rinse or wipe off",Both,Daily,N/A,Yes,Minimal restrictions,"Mature, Normal","Peptides, Collagen",None significant,0,5.0-7.0,Consult doctor,No,Premium ($$$)
Ethyl Ascorbic Acid,Vitamin C Derivative (Stable),Serum,Water- and oil-soluble stable Vitamin C derivative,Brightening with reduced irritation risk,"1-2 drops, pressed into skin before heavier products",Both,Daily,N/A,Yes,Minimal restrictions,"All skin types, Sensitive","Niacinamide, Ferulic Acid",Strong acids same time,0,5.0-6.5,Yes,No,Premium ($$$)
Houttuynia Cordata Extract (Heartleaf),Soothing/Antibacterial Botanical (K-beauty),Moisturizer/Cream,Calming antibacterial extract for reactive skin,Soothes acne-prone and irritated skin,"Nickel-sized amount, applied as final hydrating step",Both,Daily,N/A,Yes,Minimal restrictions,"Acne-prone, Sensitive","Centella Asiatica, Niacinamide",None significant,0,5.0-6.0,Consult doctor,No,Budget ($)
Mango Butter,Emollient (Butter),Facial Oil,"Lightweight plant butter, high in fatty acids",Softens and conditions dry skin,"2-3 drops, pressed on as the last step to seal in moisture",Both,Daily,N/A,Yes,Minimal restrictions,"Dry, Normal","Shea Butter, Squalane",None significant,2,N/A,Yes,No,Premium ($$$)
Saffron Extract,Brightening Botanical (Ayurvedic),Spot Treatment,Traditional radiance-boosting extract,"Brightens complexion, evens tone",Dab a small amount directly onto targeted area,Both,Daily,N/A,Yes,Minimal restrictions,"Dull skin, All skin types","Niacinamide, Vitamin C",None significant,0,5.0-6.0,Consult doctor,No,Mid-Range ($$)
Ashwagandha Extract,Adaptogen Botanical,Serum,Adaptogenic extract supporting skin barrier resilience,Calms stress-related dullness and sensitivity,"1-2 drops, pressed into skin before heavier products",Both,Daily,N/A,Yes,Minimal restrictions,"Sensitive, Dull skin","Centella Asiatica, Niacinamide",None significant,0,5.0-6.0,Consult doctor,No,Mid-Range ($$)
Tinosorb S,UV Filter (Broad-spectrum Chemical),Spot Treatment,Photostable UVA/UVB broad-spectrum filter,Comprehensive sun protection with high stability,Dab a small amount directly onto targeted area,Morning,Daily,N/A,N/A (is the sunscreen),Reapply every 2 hours in sun exposure,"All skin types, Sensitive",Antioxidants under sunscreen,None significant,1,N/A,Yes,No,Budget ($)
Colloidal Gold,Antioxidant/Luxury Additive,Cleanser,"Anti-inflammatory, supports circulation (limited evidence)",Marketed for firming and radiance,"Massage onto damp skin for 30-60 seconds, rinse",Both,Daily,N/A,Yes,Limited robust clinical evidence; patch test,"Mature, Normal","Peptides, Vitamin C",None significant,0,N/A,Consult doctor,No,Premium ($$$)
Marula Oil,Facial Oil (Botanical),Cleanser,Antioxidant-rich lightweight oil,Hydrates and softens without greasiness,"Massage onto damp skin for 30-60 seconds, rinse",Both,Daily,N/A,Yes,Minimal restrictions,"Dry, Normal, Combination","Squalane, Hyaluronic Acid",None significant,1,N/A,Yes,No,Mid-Range ($$)
Dimethicone,Occlusive/Texture Agent (Silicone),Facial Oil,"Forms breathable barrier, smooths visual texture","Locks in moisture, blurs fine lines and pores","2-3 drops, pressed on as the last step to seal in moisture",Both,Daily,N/A,Yes,Can feel heavy layered under heavy makeup; non-comedogenic for most,"All skin types, Sensitive","Moisturizers, Sunscreen",None significant,0,N/A,Yes,No,Premium ($$$)
Flaxseed Oil,Facial Oil (Botanical),Cleanser,Omega-3 rich soothing oil,"Calms inflammation, supports barrier","Massage onto damp skin for 30-60 seconds, rinse",Night,1x daily at night,N/A,Yes,Oxidizes quickly; store properly,"Sensitive, Dry, Eczema-prone","Ceramides, Panthenol",None significant,2,N/A,Yes,No,Budget ($)
Sodium PCA,Humectant (Natural Moisturizing Factor),Moisturizer/Cream,Naturally occurring skin humectant,Hydrates and supports moisture retention,"Nickel-sized amount, applied as final hydrating step",Both,Daily,N/A,Yes,Minimal restrictions,"All skin types, Dry","Hyaluronic Acid, Glycerin",None significant,0,N/A,Yes,No,Premium ($$$)
Fermented Barley Extract,Fermented Botanical (K-beauty),Spot Treatment,Fermentation-derived brightening and conditioning extract,"Brightens, softens texture",Dab a small amount directly onto targeted area,Both,Daily,N/A,Yes,Minimal restrictions,"All skin types, Dull skin","Niacinamide, Rice Water Extract",None significant,0,5.0-6.0,Yes,No,Mid-Range ($$)
Glutathione,Antioxidant/Brightening Agent,Cleanser,"Master antioxidant, inhibits melanin production","Brightens overall complexion, antioxidant defense","Massage onto damp skin for 30-60 seconds, rinse",Both,Daily,N/A,Yes,Topical efficacy debated at low concentrations,"All skin types, Dull skin","Vitamin C, Niacinamide",None significant,0,5.0-6.5,Consult doctor,No,Premium ($$$)
Black Tea Ferment,Fermented Antioxidant,Spot Treatment,Fermentation-enhanced antioxidant complex,Calms and protects against environmental stress,Dab a small amount directly onto targeted area,Both,Daily,N/A,Yes,Minimal restrictions,All skin types,"Green Tea Extract, Niacinamide",None significant,0,5.0-6.5,Yes,No,Mid-Range ($$)
Upcycled Grape Seed Extract,Antioxidant (Upcycled/Sustainable),Serum,Polyphenol-rich byproduct antioxidant,"Protects against free radicals, firms skin","1-2 drops, pressed into skin before heavier products",Both,Daily,N/A,Yes,Minimal restrictions,"All skin types, Mature","Vitamin C, Vitamin E",None significant,0,5.0-6.5,Yes,No,Mid-Range ($$)
Reishi Mushroom Extract,Antioxidant/Adaptogen (Mushroom),Moisturizer/Cream,Polysaccharide-rich antioxidant and calming agent,"Soothes, hydrates, supports resilience","Nickel-sized amount, applied as final hydrating step",Both,Daily,N/A,Yes,Minimal restrictions,"Sensitive, Mature","Centella Asiatica, Niacinamide",None significant,0,5.0-6.0,Consult doctor,No,Mid-Range ($$)
Witch Hazel,Astringent/Toning Botanical,Toner/Essence,"Mild astringent, tightens appearance of pores","Tones, reduces excess oil","Pat into skin after cleansing, before serum",Both,Daily,N/A,Yes,Alcohol-based versions can be drying,"Oily, Combination","Niacinamide, Green Tea Extract",Overuse with other drying actives,0,4.5-5.5,Yes,No,Premium ($$$)
Bisabolol,Soothing Agent (Chamomile-derived),Serum,"Anti-inflammatory, calming",Reduces redness and sensitivity,"1-2 drops, pressed into skin before heavier products",Both,Daily,N/A,Yes,Minimal restrictions,"Sensitive, All skin types","Centella Asiatica, Panthenol",None significant,0,N/A,Yes,No,Premium ($$$)
Bakuchi Seed Extract,Botanical (Bakuchiol source),Face Mask,"Source plant of bakuchiol, mild anti-aging",Supports gentle renewal,"Apply for 10-15 minutes, 1-3x per week, then rinse or wipe off",Night,1x daily at night,N/A,Yes,Patch test for sensitivity,"All skin types, Sensitive","Niacinamide, Peptides",None significant,1,5.0-6.5,Consult doctor,No,Premium ($$$)
Decyl Glucoside,Mild Cleansing Surfactant,Cleanser,Ultra-gentle plant-derived surfactant,"Cleanses gently, preserves moisture barrier","Massage onto damp skin for 30-60 seconds, rinse",Both,Daily,N/A,Yes,Minimal restrictions,"Sensitive, Dry, All skin types","Ceramides, Panthenol",None significant,0,5.0-6.5,Yes,No,Mid-Range ($$)
Pomegranate Extract,Antioxidant Botanical,Spot Treatment,Polyphenol-rich antioxidant,"Protects against free radicals, brightens",Dab a small amount directly onto targeted area,Both,Daily,N/A,Yes,Minimal restrictions,"All skin types, Dull skin","Vitamin C, Niacinamide",None significant,0,5.0-6.0,Yes,No,Mid-Range ($$)
Black Cumin Seed Oil,Facial Oil (Botanical),Toner/Essence,Thymoquinone-rich anti-inflammatory oil,Calms breakouts and inflammation,"Pat into skin after cleansing, before serum",Night,1x daily at night,N/A,Yes,Patch test for sensitivity,"Acne-prone, Sensitive","Niacinamide, Centella Asiatica",None significant,2,N/A,Consult doctor,Yes,Budget ($)
Resveratrol,Antioxidant (Plant-derived),Facial Oil,"Polyphenol antioxidant, anti-inflammatory","Fights free radicals, supports collagen","2-3 drops, pressed on as the last step to seal in moisture",Both,Daily,N/A,Yes,Minimal restrictions,"All skin types, Mature","Vitamin C, Niacinamide",None significant,0,5.0-6.0,Yes,No,Budget ($)
Polyglutamic Acid,Humectant (Fermentation-derived),Facial Oil,Holds moisture even more than hyaluronic acid,"Deep, long-lasting hydration and plumping","2-3 drops, pressed on as the last step to seal in moisture",Both,Daily,N/A,Yes,Minimal restrictions,"All skin types, Dry, Dehydrated skin","Hyaluronic Acid, Ceramides",None significant,0,5.0-7.0,Yes,No,Premium ($$$)
Retinaldehyde,Retinoid,Spot Treatment,Converts to retinoic acid faster than retinol,"Anti-aging, acne control, texture refinement",Dab a small amount directly onto targeted area,Night,"2-3x per week, building up to nightly",1%,Yes,Avoid in pregnancy; avoid mixing with strong acids,"Normal, Oily, Mature","Peptides, Niacinamide","AHA/BHA, Vitamin C",2,5.5-6.0,No,Yes,Mid-Range ($$)
Propolis Extract,Antibacterial/Antioxidant (Botanical),Toner/Essence,Bee-derived antioxidant and antimicrobial,"Calms breakouts, supports skin repair","Pat into skin after cleansing, before serum",Both,Daily,N/A,Yes,Patch test for bee-product allergy,"Acne-prone, Sensitive","Centella Asiatica, Niacinamide",None significant,1,N/A,Yes,Yes,Budget ($)
Benzoyl Peroxide,Acne Treatment,Face Mask,"Antibacterial, kills acne-causing bacteria",Clears active breakouts,"Apply for 10-15 minutes, 1-3x per week, then rinse or wipe off",Both,Daily,N/A,Yes,Can bleach fabrics; avoid with retinoids same time; drying,"Oily, Acne-prone","Moisturizers, Niacinamide","Retinoids, Vitamin C same session",0,5.0-6.0,Consult doctor,Yes,Mid-Range ($$)
Broccoli Seed Oil,Facial Oil (Botanical),Facial Oil,"Silicone-like glide, non-comedogenic plant oil",Softens and adds shine without heaviness,"2-3 drops, pressed on as the last step to seal in moisture",Both,Daily,N/A,Yes,Minimal restrictions,"All skin types, Oily","Squalane, Niacinamide",None significant,1,N/A,Yes,No,Mid-Range ($$)
Aloe Vera,Soothing/Hydrating Botanical,Cleanser,"Calming, hydrating, mild anti-inflammatory","Soothes irritation, hydrates lightly","Massage onto damp skin for 30-60 seconds, rinse",Both,Daily,N/A,Yes,Minimal restrictions,"Sensitive, Sunburned, All skin types","Panthenol, Hyaluronic Acid",None significant,0,4.0-5.5,Yes,No,Budget ($)
Cranberry Seed Oil,Facial Oil (Botanical),Moisturizer/Cream,Balanced omega-3/6 fatty acid oil,"Nourishes without heaviness, antioxidant-rich","Nickel-sized amount, applied as final hydrating step",Both,Daily,N/A,Yes,Minimal restrictions,"Normal, Combination, Dry","Squalane, Vitamin E",None significant,1,N/A,Yes,No,Premium ($$$)
3-O-Ethyl Ascorbic Acid,Vitamin C Derivative (Stable),Moisturizer/Cream,Stable derivative that converts to pure Vitamin C in skin,Brightens with better stability than L-ascorbic acid,"Nickel-sized amount, applied as final hydrating step",Both,Daily,N/A,Yes,Minimal restrictions,All skin types,"Niacinamide, Ferulic Acid",Strong acids same time,0,5.0-6.5,Yes,No,Mid-Range ($$)
Copper Peptides,Peptide,Facial Oil,Supports wound healing and collagen remodeling,"Firms, repairs, improves elasticity","2-3 drops, pressed on as the last step to seal in moisture",Night,1x daily at night,10%,Yes,Avoid mixing with Vitamin C directly (can oxidize copper),"Mature, Normal","Hyaluronic Acid, Ceramides",Vitamin C at same time,0,5.0-7.0,Consult doctor,No,Budget ($)
Phenylethyl Resorcinol (Symwhite 377),Brightening Agent (Tyrosinase Inhibitor),Toner/Essence,Synthetic resorcinol derivative for tone-evening,Brightens and evens skin tone,"Pat into skin after cleansing, before serum",Both,Daily,N/A,Yes,Generally well tolerated,"Hyperpigmentation-prone, All skin types","Niacinamide, Vitamin C",None significant,0,5.0-6.5,Consult doctor,No,Mid-Range ($$)
Bifida Ferment Lysate,Prebiotic/Fermented Ingredient,Spot Treatment,Fermentation-derived skin-conditioning and soothing agent,"Strengthens barrier, calms sensitive skin",Dab a small amount directly onto targeted area,Both,Daily,N/A,Yes,Minimal restrictions,"Sensitive, All skin types","Postbiotics, Ceramides",None significant,0,5.0-6.0,Yes,No,Mid-Range ($$)
Avocado Oil,Facial Oil (Botanical),Spot Treatment,Fatty-acid and vitamin-rich emollient oil,Deeply nourishes very dry or mature skin,Dab a small amount directly onto targeted area,Night,1x daily at night,N/A,Yes,Comedogenic for acne-prone users,"Dry, Mature, Very Dry","Squalane, Vitamin E",None significant,3,N/A,Yes,No,Mid-Range ($$)
Fermented Rice Water Extract,Antioxidant/Brightening (Biotech),Facial Oil,Fermentation-derived brightening and soothing,"Improves radiance, evens tone","2-3 drops, pressed on as the last step to seal in moisture",Both,Daily,N/A,Yes,Minimal restrictions,All skin types,"Niacinamide, Centella Asiatica",None significant,0,5.0-6.0,Yes,No,Budget ($)
Ascorbyl Glucoside,Vitamin C Derivative,Serum,Slow-release stable Vitamin C,"Gradual brightening, antioxidant","1-2 drops, pressed into skin before heavier products",Both,Daily,15%,Yes,"Mild formulation, low irritation risk",All skin types,"Niacinamide, Peptides",Strong acids,0,5.5-7.0,Yes,No,Budget ($)
Lactobacillus Ferment,Probiotic/Fermented Ingredient,Serum,Fermentation-derived skin-conditioning agent,"Supports microbiome balance, softens skin","1-2 drops, pressed into skin before heavier products",Both,Daily,N/A,Yes,Minimal restrictions,"Sensitive, All skin types","Postbiotics, Ceramides",None significant,0,5.0-6.0,Yes,No,Budget ($)
Phytic Acid,Chelating/Mild Exfoliating Acid,Spot Treatment,Antioxidant with mild brightening and chelating action,"Brightens, softens hyperpigmentation gently",Dab a small amount directly onto targeted area,Night,1x daily at night,N/A,Yes,Minimal restrictions,"Sensitive, Hyperpigmentation-prone","Niacinamide, Vitamin C",Strong acids together,0,4.0-5.0,Consult doctor,No,Mid-Range ($$)
Chemical Sunscreen Filters (Avobenzone),UV Filter,Face Mask,Absorbs and dissipates UV radiation as heat,Broad-spectrum sun protection,"Apply for 10-15 minutes, 1-3x per week, then rinse or wipe off",Morning,Daily,N/A,N/A (is the sunscreen),Reapply every 2 hours in sun exposure,"Normal, Oily, Combination",Antioxidants under sunscreen,None significant,1,N/A,Consult doctor,No,Mid-Range ($$)
Benzoyl Peroxide,Acne Treatment,Moisturizer/Cream,"Antibacterial, kills acne-causing bacteria",Clears active breakouts,"Nickel-sized amount, applied as final hydrating step",Both,Daily,N/A,Yes,Can bleach fabrics; avoid with retinoids same time; drying,"Oily, Acne-prone","Moisturizers, Niacinamide","Retinoids, Vitamin C same session",0,5.0-6.0,Consult doctor,Yes,Premium ($$$)
Ceramide NP,Barrier Lipid (Specific Ceramide),Spot Treatment,Key structural lipid for barrier repair,"Restores barrier, reduces moisture loss",Dab a small amount directly onto targeted area,Both,Daily,N/A,Yes,Minimal restrictions,"Dry, Sensitive, Mature","Cholesterol, Fatty Acids",None significant,1,N/A,Yes,No,Budget ($)
Hibiscus Extract,Antioxidant/Firming Botanical,Serum,"Natural AHA-adjacent antioxidant, mild firming effect",Brightens and softly firms skin,"1-2 drops, pressed into skin before heavier products",Both,Daily,N/A,Yes,Minimal restrictions,"Normal, Mature, Dull skin","Vitamin C, Niacinamide",None significant,0,4.5-6.0,Yes,No,Mid-Range ($$)
Salicylic Acid,BHA (Beta Hydroxy Acid),Facial Oil,"Oil-soluble exfoliant, penetrates pores","Clears blackheads, reduces acne and oiliness","2-3 drops, pressed on as the last step to seal in moisture",Night,3-4x per week,2%,Yes,"Avoid on dry/compromised skin, aspirin allergy caution","Oily, Acne-prone, Combination","Niacinamide, Clay masks","Retinoids, other acids at same time",1,3.0-4.0,Consult doctor,Yes,Mid-Range ($$)
Prickly Pear Seed Oil,Facial Oil (Botanical),Spot Treatment,Vitamin E and fatty-acid rich luxury oil,"Anti-aging, deeply nourishing",Dab a small amount directly onto targeted area,Night,1x daily at night,N/A,Yes,Minimal restrictions,"Dry, Mature","Squalane, Vitamin E",None significant,1,N/A,Yes,No,Mid-Range ($$)
Caviar Extract,Luxury Firming Ingredient (Marine-derived),Facial Oil,Nutrient-rich marine extract marketed for firming,Improves the look of firmness and radiance,"2-3 drops, pressed on as the last step to seal in moisture",Both,Daily,N/A,Yes,Patch test for fish-derived allergy,"Mature, Normal","Peptides, Marine Collagen",None significant,0,5.0-7.0,Consult doctor,Yes,Budget ($)
Ascorbyl Glucoside,Vitamin C Derivative,Cleanser,Slow-release stable Vitamin C,"Gradual brightening, antioxidant","Massage onto damp skin for 30-60 seconds, rinse",Both,Daily,5%,Yes,"Mild formulation, low irritation risk",All skin types,"Niacinamide, Peptides",Strong acids,0,5.5-7.0,Yes,No,Mid-Range ($$)
PDRN (Polydeoxyribonucleotide),Regenerative/Biotech (Salmon DNA-derived),Moisturizer/Cream,Stimulates tissue repair and regeneration,"Improves elasticity, supports healing","Nickel-sized amount, applied as final hydrating step",Night,1x daily at night,N/A,Yes,"Emerging ingredient; patch test, consult doctor if allergic to fish","Mature, Normal, Post-procedure","Peptides, Hyaluronic Acid",Strong acids same time,0,5.0-7.0,Consult doctor,Yes,Mid-Range ($$)
Xylitylglucoside,Humectant (Sugar-derived),Moisturizer/Cream,Biomimetic sugar humectant supporting NMF,Hydrates and reinforces natural moisture factors,"Nickel-sized amount, applied as final hydrating step",Both,Daily,N/A,Yes,Minimal restrictions,"All skin types, Dry","Hyaluronic Acid, Glycerin",None significant,0,N/A,Yes,No,Premium ($$$)
Calendula Extract,Soothing/Healing Botanical,Serum,"Anti-inflammatory, wound-healing properties","Soothes irritation, supports healing","1-2 drops, pressed into skin before heavier products",Both,Daily,N/A,Yes,Ragweed-allergy sufferers should patch test,"Sensitive, Dry, Post-procedure","Panthenol, Centella Asiatica",None significant,0,5.0-6.5,Yes,Yes,Budget ($)
Frankincense Extract,Anti-aging Botanical (Fragrance),Face Mask,"Traditional resin extract, mild astringent",Supports firmness and even tone,"Apply for 10-15 minutes, 1-3x per week, then rinse or wipe off",Night,1x daily at night,N/A,Yes,Fragrance allergy risk; patch test,"Mature, Normal","Peptides, Vitamin C",None significant,1,5.0-6.0,Consult doctor,Yes,Mid-Range ($$)
Glutathione,Antioxidant/Brightening Agent,Toner/Essence,"Master antioxidant, inhibits melanin production","Brightens overall complexion, antioxidant defense","Pat into skin after cleansing, before serum",Both,Daily,N/A,Yes,Topical efficacy debated at low concentrations,"All skin types, Dull skin","Vitamin C, Niacinamide",None significant,0,5.0-6.5,Consult doctor,No,Mid-Range ($$)
Zinc PCA,Oil Control,Face Mask,"Regulates sebum production, mild antibacterial",Reduces shine and breakouts,"Apply for 10-15 minutes, 1-3x per week, then rinse or wipe off",Both,Daily,N/A,Yes,Minimal restrictions,"Oily, Acne-prone","Niacinamide, Salicylic Acid",None significant,0,N/A,Yes,No,Mid-Range ($$)
Plant Stem Cell Extract,Regenerative Botanical/Biotech,Toner/Essence,Plant-derived extract marketed for antioxidant/renewal support,Supports skin resilience and radiance,"Pat into skin after cleansing, before serum",Both,Daily,N/A,Yes,Emerging ingredient; evidence mostly antioxidant-based,"Mature, Normal","Peptides, Vitamin C",None significant,0,5.0-6.5,Consult doctor,No,Mid-Range ($$)
Decyl Glucoside,Mild Cleansing Surfactant,Face Mask,Ultra-gentle plant-derived surfactant,"Cleanses gently, preserves moisture barrier","Apply for 10-15 minutes, 1-3x per week, then rinse or wipe off",Both,Daily,N/A,Yes,Minimal restrictions,"Sensitive, Dry, All skin types","Ceramides, Panthenol",None significant,0,5.0-6.5,Yes,No,Mid-Range ($$)
Marshmallow Root Extract,Soothing/Hydrating Botanical,Moisturizer/Cream,"Mucilage-rich calming, moisture-binding extract","Soothes irritation, hydrates gently","Nickel-sized amount, applied as final hydrating step",Both,Daily,N/A,Yes,Minimal restrictions,"Sensitive, Dry, Eczema-prone","Oat Extract, Panthenol",None significant,0,5.0-6.0,Yes,No,Budget ($)
Illipe Butter,Emollient (Butter),Serum,"Firm, shea-like conditioning butter",Deeply moisturizes and protects,"1-2 drops, pressed into skin before heavier products",Both,Daily,N/A,Yes,Minimal restrictions,"Dry, Very Dry, Mature","Shea Butter, Squalane",None significant,2,N/A,Yes,No,Budget ($)
Shea Butter,Emollient (Butter),Toner/Essence,"Rich fatty-acid emollient, deeply moisturizing","Softens very dry or rough skin, seals in moisture","Pat into skin after cleansing, before serum",Both,Daily,N/A,Yes,Can feel heavy on very oily skin,"Dry, Very Dry, Mature","Ceramides, Squalane",None significant,2,N/A,Yes,No,Budget ($)
Houttuynia Cordata Extract (Heartleaf),Soothing/Antibacterial Botanical (K-beauty),Spot Treatment,Calming antibacterial extract for reactive skin,Soothes acne-prone and irritated skin,Dab a small amount directly onto targeted area,Both,Daily,N/A,Yes,Minimal restrictions,"Acne-prone, Sensitive","Centella Asiatica, Niacinamide",None significant,0,5.0-6.0,Consult doctor,No,Mid-Range ($$)
Arginine,Humectant/Amino Acid,Toner/Essence,Amino acid component of natural moisturizing factor,Hydrates and supports skin conditioning,"Pat into skin after cleansing, before serum",Both,Daily,N/A,Yes,Minimal restrictions,"All skin types, Dry","Hyaluronic Acid, Panthenol",None significant,0,N/A,Yes,No,Premium ($$$)
Marine Elastin,Firming Ingredient (Marine-derived),Spot Treatment,"Supports the look of skin elasticity, marine-sourced",Improves appearance of firmness and bounce,Dab a small amount directly onto targeted area,Both,Daily,N/A,Yes,Patch test for fish-derived allergy,"Mature, Normal","Marine Collagen, Peptides",None significant,0,5.0-7.0,Consult doctor,Yes,Mid-Range ($$)
Lavender Extract,Calming Botanical (Fragrance),Moisturizer/Cream,Calming scent with mild anti-inflammatory effect,"Soothes, supports relaxing sensory experience","Nickel-sized amount, applied as final hydrating step",Night,1x daily at night,N/A,Yes,Fragrance allergy risk; patch test,"Sensitive, Normal","Chamomile, Bisabolol",None significant,0,5.0-6.0,Consult doctor,Yes,Mid-Range ($$)
Pentapeptide-18,Peptide (Elastin-supporting),Toner/Essence,Supports elastin production for firmness,Improves firmness and bounce,"Pat into skin after cleansing, before serum",Night,1x daily at night,N/A,Yes,Minimal restrictions,Mature,"Hyaluronic Acid, Acetyl Hexapeptide-8",None significant,0,5.0-7.0,Consult doctor,No,Premium ($$$)
Lactobacillus/Rice Ferment Filtrate,Fermented/Probiotic Ingredient,Cleanser,Rice fermentation extract supporting microbiome balance,"Softens, brightens, supports barrier","Massage onto damp skin for 30-60 seconds, rinse",Both,Daily,N/A,Yes,Minimal restrictions,"All skin types, Dull skin","Postbiotics, Niacinamide",None significant,0,4.5-5.5,Yes,No,Budget ($)
Diatomaceous Earth,Purifying/Exfoliating Mineral,Spot Treatment,"Fossilized algae mineral, mild absorbent exfoliant","Purifies pores, gently buffs texture",Dab a small amount directly onto targeted area,Night,1x daily at night,N/A,Yes,Use gentle pressure to avoid micro-tears,"Oily, Combination","Kaolin Clay, Niacinamide",Overuse with other exfoliants,0,N/A,Yes,No,Budget ($)
4-Butylresorcinol,Brightening Agent (Tyrosinase Inhibitor),Serum,"Potent, fast-acting tyrosinase inhibitor",Fades dark spots and evens tone quickly,"1-2 drops, pressed into skin before heavier products",Both,Daily,N/A,Yes,Generally well tolerated,Hyperpigmentation-prone,"Niacinamide, Vitamin C",None significant,0,5.0-6.5,Consult doctor,No,Budget ($)
Palmitoyl Tetrapeptide-7,Peptide (Anti-inflammatory Signaling),Serum,Reduces inflammatory signaling linked to skin aging,Calms and firms aging skin,"1-2 drops, pressed into skin before heavier products",Night,1x daily at night,N/A,Yes,Minimal restrictions,"Mature, Sensitive",Peptide complexes,Strong acids same time,0,5.0-7.0,Consult doctor,No,Mid-Range ($$)
Gotu Kola Extract (Centella variant),Soothing/Regenerative Botanical,Toner/Essence,"Triterpenoid-rich, supports collagen and healing","Repairs barrier, fades the look of scars","Pat into skin after cleansing, before serum",Both,Daily,N/A,Yes,Minimal restrictions,"Sensitive, Scar-prone, Acne-prone","Centella Asiatica, Niacinamide",None significant,0,5.0-6.0,Yes,No,Premium ($$$)
Sodium Lactate,Humectant (NMF Component),Cleanser,Component of skin's natural moisturizing factor,Hydrates and supports moisture retention,"Massage onto damp skin for 30-60 seconds, rinse",Both,Daily,N/A,Yes,Minimal restrictions,"All skin types, Dry","Hyaluronic Acid, Glycerin",None significant,0,N/A,Yes,No,Mid-Range ($$)
Chemical Sunscreen Filters (Avobenzone),UV Filter,Moisturizer/Cream,Absorbs and dissipates UV radiation as heat,Broad-spectrum sun protection,"Nickel-sized amount, applied as final hydrating step",Morning,Daily,N/A,N/A (is the sunscreen),Reapply every 2 hours in sun exposure,"Normal, Oily, Combination",Antioxidants under sunscreen,None significant,1,N/A,Consult doctor,No,Mid-Range ($$)
Sodium Lactate,Humectant (NMF Component),Serum,Component of skin's natural moisturizing factor,Hydrates and supports moisture retention,"1-2 drops, pressed into skin before heavier products",Both,Daily,N/A,Yes,Minimal restrictions,"All skin types, Dry","Hyaluronic Acid, Glycerin",None significant,0,N/A,Yes,No,Mid-Range ($$)
Blue-Green Algae Extract,Marine Antioxidant/Detox Botanical,Serum,Nutrient-dense algae antioxidant and detoxifier,"Detoxifies, firms, nourishes","1-2 drops, pressed into skin before heavier products",Both,Daily,N/A,Yes,Minimal restrictions,"All skin types, Dull skin","Niacinamide, Vitamin C",None significant,0,5.0-6.5,Yes,No,Premium ($$$)
Horse Chestnut Extract,Circulation-support Botanical,Serum,"Supports microcirculation, reduces puffiness","De-puffs, strengthens capillary appearance","1-2 drops, pressed into skin before heavier products",Morning,Daily,N/A,Yes,Minimal restrictions,"Under-eye area, Mature","Caffeine, Vitamin C",None significant,0,5.0-6.0,Consult doctor,No,Budget ($)
Castor Oil,Facial Oil (Botanical),Moisturizer/Cream,"Ricinoleic-acid rich, thick occlusive oil","Seals in moisture, conditions brows/lashes","Nickel-sized amount, applied as final hydrating step",Night,1x daily at night,N/A,Yes,Can feel heavy; patch test,"Very Dry, Normal","Squalane, Jojoba Oil",None significant,1,N/A,Yes,Yes,Mid-Range ($$)
Palmitoyl Oligopeptide,Peptide (Collagen-signaling),Facial Oil,Supports collagen and glycosaminoglycan synthesis,Firms and hydrates aging skin,"2-3 drops, pressed on as the last step to seal in moisture",Night,1x daily at night,N/A,Yes,Minimal restrictions,Mature,"Hyaluronic Acid, Niacinamide",None significant,0,5.0-7.0,Consult doctor,No,Budget ($)
Hibiscus Extract,Antioxidant/Firming Botanical,Cleanser,"Natural AHA-adjacent antioxidant, mild firming effect",Brightens and softly firms skin,"Massage onto damp skin for 30-60 seconds, rinse",Both,Daily,N/A,Yes,Minimal restrictions,"Normal, Mature, Dull skin","Vitamin C, Niacinamide",None significant,0,4.5-6.0,Yes,No,Premium ($$$)
Frankincense Extract,Anti-aging Botanical (Fragrance),Moisturizer/Cream,"Traditional resin extract, mild astringent",Supports firmness and even tone,"Nickel-sized amount, applied as final hydrating step",Night,1x daily at night,N/A,Yes,Fragrance allergy risk; patch test,"Mature, Normal","Peptides, Vitamin C",None significant,1,5.0-6.0,Consult doctor,Yes,Budget ($)
Urea,Barrier/Keratolytic Humectant,Moisturizer/Cream,Hydrates and gently breaks down excess keratin,"Softens rough, dry, or thickened skin","Nickel-sized amount, applied as final hydrating step",Both,Daily,N/A,Yes,Can sting on broken skin at high concentration,"Dry, Very Dry, Keratosis Pilaris-prone","Ceramides, Glycerin",None significant,0,4.0-6.0,Yes,No,Budget ($)
Aloe Vera,Soothing/Hydrating Botanical,Moisturizer/Cream,"Calming, hydrating, mild anti-inflammatory","Soothes irritation, hydrates lightly","Nickel-sized amount, applied as final hydrating step",Both,Daily,N/A,Yes,Minimal restrictions,"Sensitive, Sunburned, All skin types","Panthenol, Hyaluronic Acid",None significant,0,4.0-5.5,Yes,No,Mid-Range ($$)
Matrixyl Synthe'6,Peptide Complex (Next-gen),Cleanser,Advanced peptide blend for six visible aging signs,"Firms, smooths, evens tone and texture","Massage onto damp skin for 30-60 seconds, rinse",Night,1x daily at night,N/A,Yes,Minimal restrictions,"Mature, Normal","Hyaluronic Acid, Niacinamide",Strong acids same time,0,5.0-7.0,Consult doctor,No,Mid-Range ($$)
Horse Chestnut Extract,Circulation-support Botanical,Face Mask,"Supports microcirculation, reduces puffiness","De-puffs, strengthens capillary appearance","Apply for 10-15 minutes, 1-3x per week, then rinse or wipe off",Morning,Daily,N/A,Yes,Minimal restrictions,"Under-eye area, Mature","Caffeine, Vitamin C",None significant,0,5.0-6.0,Consult doctor,No,Mid-Range ($$)
Tea Tree Oil,Acne Treatment (Botanical),Cleanser,Natural antimicrobial,"Spot treats blemishes, reduces bacteria","Massage onto damp skin for 30-60 seconds, rinse",Night,1x daily at night,N/A,Yes,Dilute before use; can irritate undiluted,"Oily, Acne-prone","Niacinamide, Zinc PCA",Strong acids same time,2,N/A,Consult doctor,Yes,Budget ($)
"EGF (Epidermal Growth Factor, Recombinant)",Regenerative/Biotech,Face Mask,Recombinant protein signaling skin cell renewal,"Accelerates healing, improves texture and firmness","Apply for 10-15 minutes, 1-3x per week, then rinse or wipe off",Night,1x daily at night,1%,Yes,"Emerging ingredient; consult dermatologist, limited long-term data","Mature, Post-procedure","Peptides, Hyaluronic Acid",Strong acids same time,0,5.0-7.0,Consult doctor,Yes,Premium ($$$)
Ascorbyl Glucoside,Vitamin C Derivative,Face Mask,Slow-release stable Vitamin C,"Gradual brightening, antioxidant","Apply for 10-15 minutes, 1-3x per week, then rinse or wipe off",Both,Daily,15%,Yes,"Mild formulation, low irritation risk",All skin types,"Niacinamide, Peptides",Strong acids,0,5.5-7.0,Yes,No,Premium ($$$)
Retinyl Palmitate,Retinoid (Mild Ester),Face Mask,"Gentlest retinoid ester, slow conversion to retinoic acid",Mild anti-aging for retinoid-sensitive beginners,"Apply for 10-15 minutes, 1-3x per week, then rinse or wipe off",Night,1x daily at night,N/A,Yes,Avoid in pregnancy per general retinoid caution,"Sensitive, Beginner retinoid users","Niacinamide, Ceramides",AHA/BHA at same time,1,5.5-6.5,No,No,Budget ($)
Coconut Oil,Facial Oil (Botanical),Cleanser,"Rich, occlusive saturated-fat oil","Deeply moisturizes very dry, non-acne-prone skin","Massage onto damp skin for 30-60 seconds, rinse",Night,1x daily at night,N/A,Yes,Highly comedogenic; avoid on acne-prone skin,"Very Dry, Normal (not for acne-prone)",Shea Butter,Use on acne-prone skin,4,N/A,Yes,No,Mid-Range ($$)
Silica,Mattifying/Texture Agent,Toner/Essence,"Absorbs oil, softens visual texture","Mattifies shine, blurs pores visually","Pat into skin after cleansing, before serum",Morning,Daily,N/A,Yes,Minimal restrictions,"Oily, Combination","Niacinamide, Zinc PCA",None significant,0,N/A,Yes,No,Mid-Range ($$)
Amla (Indian Gooseberry) Extract,Antioxidant Botanical (Ayurvedic),Face Mask,Vitamin C rich traditional antioxidant,"Brightens, supports collagen, protects","Apply for 10-15 minutes, 1-3x per week, then rinse or wipe off",Both,Daily,N/A,Yes,Minimal restrictions,"All skin types, Dull skin","Vitamin C, Niacinamide",None significant,0,4.5-6.0,Yes,No,Budget ($)
"TGF-Beta (Transforming Growth Factor, Plant-derived)",Regenerative/Biotech,Face Mask,Signaling molecule supporting tissue remodeling,Supports firmness and repair,"Apply for 10-15 minutes, 1-3x per week, then rinse or wipe off",Night,1x daily at night,2%,Yes,Emerging ingredient; limited long-term data,"Mature, Normal","Peptides, Hyaluronic Acid",Strong acids same time,0,5.0-7.0,Consult doctor,Yes,Mid-Range ($$)
Palmitoyl Oligopeptide,Peptide (Collagen-signaling),Spot Treatment,Supports collagen and glycosaminoglycan synthesis,Firms and hydrates aging skin,Dab a small amount directly onto targeted area,Night,1x daily at night,N/A,Yes,Minimal restrictions,Mature,"Hyaluronic Acid, Niacinamide",None significant,0,5.0-7.0,Consult doctor,No,Premium ($$$)
Vetiver Extract,Soothing/Astringent Botanical (Ayurvedic),Facial Oil,"Traditional calming, mildly astringent extract","Soothes, balances oil, calming aroma","2-3 drops, pressed on as the last step to seal in moisture",Both,Daily,N/A,Yes,Fragrance sensitivity possible; patch test,"Oily, Sensitive","Witch Hazel, Green Tea Extract",None significant,0,5.0-6.0,Consult doctor,Yes,Premium ($$$)
Tulsi (Holy Basil) Extract,Adaptogen Botanical (Ayurvedic),Facial Oil,"Traditional adaptogenic, purifying extract","Calms stressed skin, purifies pores","2-3 drops, pressed on as the last step to seal in moisture",Both,Daily,N/A,Yes,Minimal restrictions,"Oily, Combination, Sensitive","Niacinamide, Centella Asiatica",None significant,0,5.0-6.0,Consult doctor,No,Premium ($$$)
Nylon-12,Mattifying/Texture Agent,Face Mask,Synthetic powder that absorbs oil and blurs texture,"Mattifies shine, softens visual texture","Apply for 10-15 minutes, 1-3x per week, then rinse or wipe off",Morning,Daily,N/A,Yes,Minimal restrictions,"Oily, Combination","Silica, Niacinamide",None significant,0,N/A,Yes,No,Budget ($)
"Bee Venom (Cosmetic-grade, Diluted)",Firming/Stimulating Ingredient,Spot Treatment,Marketed to mimic mild inflammatory firming response,Temporary plumping and firming effect,Dab a small amount directly onto targeted area,Night,1x daily at night,N/A,Yes,Bee-product allergy risk; patch test required,"Mature, Normal (not for allergy-prone)","Peptides, Hyaluronic Acid",Strong acids same time,0,5.0-6.5,Consult doctor,Yes,Mid-Range ($$)
Lavender Extract,Calming Botanical (Fragrance),Spot Treatment,Calming scent with mild anti-inflammatory effect,"Soothes, supports relaxing sensory experience",Dab a small amount directly onto targeted area,Night,1x daily at night,N/A,Yes,Fragrance allergy risk; patch test,"Sensitive, Normal","Chamomile, Bisabolol",None significant,0,5.0-6.0,Consult doctor,Yes,Budget ($)
Acetyl Hexapeptide-8 (Argireline),Peptide (Neurotransmitter-inhibiting),Toner/Essence,Relaxes micro-muscle contractions,Softens expression lines,"Pat into skin after cleansing, before serum",Night,1x daily at night,N/A,Yes,Minimal restrictions,"Mature, Normal","Peptide complexes, Hyaluronic Acid",None significant,0,5.0-7.0,Consult doctor,No,Premium ($$$)
Palmitoyl Pentapeptide-4,Peptide,Cleanser,Stimulates collagen synthesis,Improves firmness and elasticity,"Massage onto damp skin for 30-60 seconds, rinse",Night,1x daily at night,5%,Yes,Minimal restrictions,Mature,"Niacinamide, Hyaluronic Acid",None significant,0,5.0-7.0,Consult doctor,No,Mid-Range ($$)
Undecylenoyl Phenylalanine,Brightening Agent (Amino Acid Derivative),Facial Oil,Inhibits melanin synthesis via tyrosinase pathway,"Evens tone, targets stubborn dark spots","2-3 drops, pressed on as the last step to seal in moisture",Both,Daily,N/A,Yes,Minimal restrictions,Hyperpigmentation-prone,"Niacinamide, Alpha Arbutin",None significant,0,5.0-6.5,Consult doctor,No,Budget ($)
Citric Acid,AHA (Alpha Hydroxy Acid),Moisturizer/Cream,"Fruit-derived exfoliant, also a pH adjuster",Brightens and gently exfoliates,"Nickel-sized amount, applied as final hydrating step",Night,2-3x per week,8%,Yes,Avoid on broken/sunburned skin,"Normal, Oily, Combination","Niacinamide, Hyaluronic Acid","Retinoids, other acids together",1,3.0-4.0,Consult doctor,Yes,Budget ($)
Pearl Powder,Brightening/Luxury Additive (Marine-derived),Cleanser,Traditional mineral powder marketed for radiance,Brightens and adds subtle luminosity,"Massage onto damp skin for 30-60 seconds, rinse",Both,Daily,N/A,Yes,Minimal restrictions,"Dull skin, All skin types","Niacinamide, Vitamin C",None significant,0,N/A,Consult doctor,No,Mid-Range ($$)
Galactomyces Ferment Filtrate,Fermented/Biotech Ingredient,Moisturizer/Cream,Sake-fermentation byproduct rich in B vitamins,"Brightens, refines pores, softens texture","Nickel-sized amount, applied as final hydrating step",Both,Daily,N/A,Yes,Minimal restrictions,"All skin types, Dull skin, Combination","Niacinamide, Vitamin C",None significant,0,5.0-6.5,Yes,No,Budget ($)
Ectoin,Barrier/Stress Protection,Serum,Extremolyte that protects cells from environmental stress,"Protects against pollution and UV stress, hydrates","1-2 drops, pressed into skin before heavier products",Both,Daily,N/A,Yes,Minimal restrictions,"Sensitive, All skin types","Ceramides, Hyaluronic Acid",None significant,0,5.0-7.0,Yes,No,Budget ($)
Kaolin Clay,Purifying/Oil Control,Spot Treatment,"Absorbs excess sebum, gentle mineral clay","Mattifies, minimizes shine, softens texture",Dab a small amount directly onto targeted area,Night,1x daily at night,N/A,Yes,Can be drying for dry skin,"Oily, Combination, Acne-prone","Niacinamide, Salicylic Acid",Overuse with other drying actives,0,N/A,Yes,No,Mid-Range ($$)
"FGF (Fibroblast Growth Factor, Recombinant)",Regenerative/Biotech,Face Mask,Recombinant protein supporting fibroblast collagen output,Supports firmness and skin density,"Apply for 10-15 minutes, 1-3x per week, then rinse or wipe off",Night,1x daily at night,5%,Yes,"Emerging ingredient; consult dermatologist, limited long-term data","Mature, Normal","Peptides, Hyaluronic Acid",Strong acids same time,0,5.0-7.0,Consult doctor,Yes,Mid-Range ($$)
Triphala Extract,Antioxidant/Purifying Botanical (Ayurvedic),Spot Treatment,Traditional three-fruit antioxidant blend,"Detoxifies, brightens, supports clarity",Dab a small amount directly onto targeted area,Both,Daily,N/A,Yes,Minimal restrictions,"All skin types, Dull skin","Niacinamide, Vitamin C",None significant,0,5.0-6.0,Consult doctor,No,Budget ($)
Propolis Extract,Antibacterial/Antioxidant (Botanical),Moisturizer/Cream,Bee-derived antioxidant and antimicrobial,"Calms breakouts, supports skin repair","Nickel-sized amount, applied as final hydrating step",Both,Daily,N/A,Yes,Patch test for bee-product allergy,"Acne-prone, Sensitive","Centella Asiatica, Niacinamide",None significant,1,N/A,Yes,Yes,Budget ($)
Decyl Glucoside,Mild Cleansing Surfactant,Facial Oil,Ultra-gentle plant-derived surfactant,"Cleanses gently, preserves moisture barrier","2-3 drops, pressed on as the last step to seal in moisture",Both,Daily,N/A,Yes,Minimal restrictions,"Sensitive, Dry, All skin types","Ceramides, Panthenol",None significant,0,5.0-6.5,Yes,No,Mid-Range ($$)
4-Butylresorcinol,Brightening Agent (Tyrosinase Inhibitor),Moisturizer/Cream,"Potent, fast-acting tyrosinase inhibitor",Fades dark spots and evens tone quickly,"Nickel-sized amount, applied as final hydrating step",Both,Daily,N/A,Yes,Generally well tolerated,Hyperpigmentation-prone,"Niacinamide, Vitamin C",None significant,0,5.0-6.5,Consult doctor,No,Premium ($$$)
Mineral Sunscreen Filters (Zinc Oxide),UV Filter,Spot Treatment,Physical barrier reflecting UV rays,Broad-spectrum sun protection,Dab a small amount directly onto targeted area,Morning,Daily,N/A,N/A (is the sunscreen),Reapply every 2 hours in sun exposure,"All skin types, Sensitive",Antioxidants under sunscreen,None significant,0,N/A,Yes,No,Premium ($$$)
Ethyl Ascorbic Acid,Vitamin C Derivative (Stable),Cleanser,Water- and oil-soluble stable Vitamin C derivative,Brightening with reduced irritation risk,"Massage onto damp skin for 30-60 seconds, rinse",Both,Daily,N/A,Yes,Minimal restrictions,"All skin types, Sensitive","Niacinamide, Ferulic Acid",Strong acids same time,0,5.0-6.5,Yes,No,Budget ($)
Phenylethyl Resorcinol (Symwhite 377),Brightening Agent (Tyrosinase Inhibitor),Moisturizer/Cream,Synthetic resorcinol derivative for tone-evening,Brightens and evens skin tone,"Nickel-sized amount, applied as final hydrating step",Both,Daily,N/A,Yes,Generally well tolerated,"Hyperpigmentation-prone, All skin types","Niacinamide, Vitamin C",None significant,0,5.0-6.5,Consult doctor,No,Mid-Range ($$)
Sulfur,Acne Treatment,Cleanser,"Antimicrobial, keratolytic","Dries out blemishes, reduces oil","Massage onto damp skin for 30-60 seconds, rinse",Night,1x daily at night,N/A,Yes,Strong smell; can be drying,"Oily, Acne-prone",Niacinamide,Strong acids/retinoids together,0,4.0-6.0,Consult doctor,Yes,Premium ($$$)
Rice Bran Extract,Antioxidant/Brightening Botanical,Moisturizer/Cream,Rich in ferulic acid and vitamin E,"Brightens tone, softens texture","Nickel-sized amount, applied as final hydrating step",Both,Daily,N/A,Yes,Minimal restrictions,"All skin types, Dull skin","Vitamin C, Niacinamide",None significant,0,5.0-6.5,Yes,No,Budget ($)
Centella Asiatica (Cica),Soothing/Botanical,Toner/Essence,"Anti-inflammatory, wound-healing botanical","Calms redness, supports barrier recovery","Pat into skin after cleansing, before serum",Both,Daily,N/A,Yes,Minimal restrictions,"Sensitive, Acne-prone, Rosacea","Panthenol, Niacinamide",None significant,0,5.0-6.0,Yes,No,Premium ($$$)
Benzoyl Peroxide,Acne Treatment,Spot Treatment,"Antibacterial, kills acne-causing bacteria",Clears active breakouts,Dab a small amount directly onto targeted area,Both,Daily,N/A,Yes,Can bleach fabrics; avoid with retinoids same time; drying,"Oily, Acne-prone","Moisturizers, Niacinamide","Retinoids, Vitamin C same session",0,5.0-6.0,Consult doctor,Yes,Budget ($)
Pomegranate Extract,Antioxidant Botanical,Serum,Polyphenol-rich antioxidant,"Protects against free radicals, brightens","1-2 drops, pressed into skin before heavier products",Both,Daily,N/A,Yes,Minimal restrictions,"All skin types, Dull skin","Vitamin C, Niacinamide",None significant,0,5.0-6.0,Yes,No,Mid-Range ($$)
Idebenone,Antioxidant (Synthetic CoQ10 analog),Face Mask,Potent free-radical scavenger,"Reduces visible signs of aging, protects skin","Apply for 10-15 minutes, 1-3x per week, then rinse or wipe off",Both,Daily,N/A,Yes,Minimal restrictions,"Mature, Normal","Vitamin C, Peptides",None significant,0,5.0-6.5,Consult doctor,No,Mid-Range ($$)
Copper Peptides,Peptide,Spot Treatment,Supports wound healing and collagen remodeling,"Firms, repairs, improves elasticity",Dab a small amount directly onto targeted area,Night,1x daily at night,5%,Yes,Avoid mixing with Vitamin C directly (can oxidize copper),"Mature, Normal","Hyaluronic Acid, Ceramides",Vitamin C at same time,0,5.0-7.0,Consult doctor,No,Budget ($)
Marula Oil,Facial Oil (Botanical),Face Mask,Antioxidant-rich lightweight oil,Hydrates and softens without greasiness,"Apply for 10-15 minutes, 1-3x per week, then rinse or wipe off",Both,Daily,N/A,Yes,Minimal restrictions,"Dry, Normal, Combination","Squalane, Hyaluronic Acid",None significant,1,N/A,Yes,No,Mid-Range ($$)
Snail Secretion Filtrate (Alternate grade),Regenerative/Humectant,Spot Treatment,Glycoprotein-rich filtrate supporting repair and hydration,"Hydrates, soothes, supports barrier recovery",Dab a small amount directly onto targeted area,Both,Daily,N/A,Yes,Patch test for sensitivity,"Dry, Sensitive, Acne-prone","Niacinamide, Hyaluronic Acid",None significant,1,5.0-6.5,Consult doctor,Yes,Budget ($)
Witch Hazel,Astringent/Toning Botanical,Spot Treatment,"Mild astringent, tightens appearance of pores","Tones, reduces excess oil",Dab a small amount directly onto targeted area,Both,Daily,N/A,Yes,Alcohol-based versions can be drying,"Oily, Combination","Niacinamide, Green Tea Extract",Overuse with other drying actives,0,4.5-5.5,Yes,No,Premium ($$$)
Growth Factor Serum (Plant-derived),Regenerative/Biotech,Cleanser,Signals skin repair and renewal pathways,"Anti-aging, supports skin regeneration","Massage onto damp skin for 30-60 seconds, rinse",Night,1x daily at night,5%,Yes,Emerging ingredient; limited long-term safety data,"Mature, Normal","Peptides, Hyaluronic Acid",Strong acids same time,0,5.0-7.0,Consult doctor,Yes,Budget ($)
Oat Extract (Colloidal Oatmeal),Soothing/Barrier Support,Facial Oil,"Anti-inflammatory, barrier-protective",Relieves itching and irritation,"2-3 drops, pressed on as the last step to seal in moisture",Both,Daily,N/A,Yes,Minimal restrictions,"Sensitive, Eczema-prone","Ceramides, Panthenol",None significant,0,N/A,Yes,No,Mid-Range ($$)
Colloidal Gold,Antioxidant/Luxury Additive,Face Mask,"Anti-inflammatory, supports circulation (limited evidence)",Marketed for firming and radiance,"Apply for 10-15 minutes, 1-3x per week, then rinse or wipe off",Both,Daily,N/A,Yes,Limited robust clinical evidence; patch test,"Mature, Normal","Peptides, Vitamin C",None significant,0,N/A,Consult doctor,No,Budget ($)
Ceramide EOP,Barrier Lipid (Specific Ceramide),Toner/Essence,Long-chain ceramide critical for barrier integrity,"Strengthens barrier, locks in hydration","Pat into skin after cleansing, before serum",Both,Daily,N/A,Yes,Minimal restrictions,"Dry, Sensitive, Mature","Ceramide NP, Cholesterol",None significant,1,N/A,Yes,No,Premium ($$$)
Lauryl Glucoside,Mild Cleansing Surfactant,Toner/Essence,Plant-derived gentle foaming cleanser base,Cleanses effectively without stripping,"Pat into skin after cleansing, before serum",Both,Daily,N/A,Yes,Minimal restrictions,All skin types,"Coco-Glucoside, Ceramides",None significant,0,5.0-6.5,Yes,No,Budget ($)
Hexapeptide-11,Peptide (Renewal-signaling),Serum,Supports skin renewal and radiance signaling,Improves radiance and firmness,"1-2 drops, pressed into skin before heavier products",Night,1x daily at night,N/A,Yes,Minimal restrictions,"Mature, Dull skin","Niacinamide, Peptides",None significant,0,5.0-7.0,Consult doctor,No,Mid-Range ($$)
Borage Seed Oil,Facial Oil (Botanical),Moisturizer/Cream,High in gamma-linolenic acid (GLA),"Calms inflammation, softens skin","Nickel-sized amount, applied as final hydrating step",Night,1x daily at night,N/A,Yes,Minimal restrictions,"Sensitive, Dry, Eczema-prone","Ceramides, Panthenol",None significant,2,N/A,Consult doctor,No,Premium ($$$)
Phenylethyl Resorcinol (Symwhite 377),Brightening Agent (Tyrosinase Inhibitor),Serum,Synthetic resorcinol derivative for tone-evening,Brightens and evens skin tone,"1-2 drops, pressed into skin before heavier products",Both,Daily,N/A,Yes,Generally well tolerated,"Hyperpigmentation-prone, All skin types","Niacinamide, Vitamin C",None significant,0,5.0-6.5,Consult doctor,No,Premium ($$$)
Papaya Enzyme (Papain),Enzyme Exfoliant,Facial Oil,Breaks down dead skin cell proteins gently,"Brightens, smooths without physical scrubbing","2-3 drops, pressed on as the last step to seal in moisture",Night,1x daily at night,N/A,Yes,Avoid on broken skin,"Sensitive, Normal, Dull skin","Vitamin C, Hyaluronic Acid",Strong acids/retinoids same time,1,4.0-6.0,Consult doctor,No,Premium ($$$)
Cyclopentasiloxane,Texture Agent (Volatile Silicone),Face Mask,Lightweight silicone providing silky glide,"Improves spreadability, silky finish","Apply for 10-15 minutes, 1-3x per week, then rinse or wipe off",Both,Daily,N/A,Yes,Minimal restrictions,All skin types,"Dimethicone, Moisturizers",None significant,0,N/A,Yes,No,Mid-Range ($$)
Resveratrol,Antioxidant (Plant-derived),Face Mask,"Polyphenol antioxidant, anti-inflammatory","Fights free radicals, supports collagen","Apply for 10-15 minutes, 1-3x per week, then rinse or wipe off",Both,Daily,N/A,Yes,Minimal restrictions,"All skin types, Mature","Vitamin C, Niacinamide",None significant,0,5.0-6.0,Yes,No,Mid-Range ($$)
Kokum Butter,Emollient (Butter),Facial Oil,"Firm, stable plant butter",Moisturizes and softens rough patches,"2-3 drops, pressed on as the last step to seal in moisture",Both,Daily,N/A,Yes,Minimal restrictions,"Dry, Very Dry","Shea Butter, Squalane",None significant,2,N/A,Yes,No,Budget ($)
Beta-Glucan,Soothing/Humectant,Spot Treatment,Polysaccharide that calms and hydrates,"Reduces sensitivity, supports barrier repair",Dab a small amount directly onto targeted area,Both,Daily,N/A,Yes,Very gentle; minimal restrictions,"Sensitive, Dry, All skin types","Ceramides, Panthenol",None significant,0,5.0-6.5,Yes,No,Mid-Range ($$)
Cholesterol,Barrier Lipid,Cleanser,Works with ceramides/fatty acids to rebuild barrier,Repairs compromised skin barrier,"Massage onto damp skin for 30-60 seconds, rinse",Both,Daily,N/A,Yes,Minimal restrictions,"Dry, Sensitive","Ceramides, Fatty Acids",None significant,1,N/A,Yes,No,Mid-Range ($$)
Amla (Indian Gooseberry) Extract,Antioxidant Botanical (Ayurvedic),Toner/Essence,Vitamin C rich traditional antioxidant,"Brightens, supports collagen, protects","Pat into skin after cleansing, before serum",Both,Daily,N/A,Yes,Minimal restrictions,"All skin types, Dull skin","Vitamin C, Niacinamide",None significant,0,4.5-6.0,Yes,No,Mid-Range ($$)
Pineapple Extract,Enzyme/Antioxidant Botanical,Spot Treatment,"Bromelain-containing fruit extract, mild exfoliant",Brightens and softens texture gently,Dab a small amount directly onto targeted area,Night,1x daily at night,N/A,Yes,Avoid on broken skin; mild allergy risk,"Sensitive, Normal, Dull skin","Vitamin C, Papain",Strong acids/retinoids same time,1,4.0-6.0,Consult doctor,Yes,Budget ($)
Frankincense Extract,Anti-aging Botanical (Fragrance),Spot Treatment,"Traditional resin extract, mild astringent",Supports firmness and even tone,Dab a small amount directly onto targeted area,Night,1x daily at night,N/A,Yes,Fragrance allergy risk; patch test,"Mature, Normal","Peptides, Vitamin C",None significant,1,5.0-6.0,Consult doctor,Yes,Premium ($$$)
NAD+ (Nicotinamide Adenine Dinucleotide),Regenerative/Biotech,Face Mask,Supports cellular energy metabolism and repair,"Anti-aging, supports skin resilience","Apply for 10-15 minutes, 1-3x per week, then rinse or wipe off",Night,1x daily at night,2%,Yes,Emerging ingredient; limited long-term data,"Mature, Normal","Niacinamide, Peptides",None significant,0,5.0-7.0,Consult doctor,Yes,Premium ($$$)
Mexoryl SX,"UV Filter (Chemical, UVA)",Facial Oil,Highly photostable UVA filter,"Strong UVA protection, reduces photoaging","2-3 drops, pressed on as the last step to seal in moisture",Morning,Daily,N/A,N/A (is the sunscreen),Reapply every 2 hours in sun exposure,All skin types,Antioxidants under sunscreen,None significant,1,N/A,Yes,No,Mid-Range ($$)
Sandalwood Extract,Soothing/Brightening Botanical (Ayurvedic),Face Mask,Traditional calming and brightening extract,"Soothes irritation, evens tone","Apply for 10-15 minutes, 1-3x per week, then rinse or wipe off",Both,Daily,N/A,Yes,Fragrance sensitivity possible; patch test,"Sensitive, Dull skin","Niacinamide, Licorice Extract",None significant,0,5.0-6.0,Consult doctor,Yes,Budget ($)
Gluconolactone,PHA,Cleanser,Larger-molecule gentle exfoliant with antioxidant properties,"Mild exfoliation, hydration, antioxidant protection","Massage onto damp skin for 30-60 seconds, rinse",Both,"Daily, well tolerated",4%,Yes,Minimal restrictions,"Sensitive, Rosacea-prone, Dry","Hyaluronic Acid, Ceramides",Strong acids layered heavily,1,3.5-4.5,Consult doctor,No,Mid-Range ($$)
Turmeric Extract,Anti-inflammatory Botanical,Serum,Curcumin-based anti-inflammatory and brightening,"Calms redness, brightens dull skin","1-2 drops, pressed into skin before heavier products",Both,Daily,N/A,Yes,Can temporarily stain skin/fabric,"Sensitive, Dull skin, Hyperpigmentation-prone","Niacinamide, Vitamin C",None significant,0,5.0-6.5,Consult doctor,No,Budget ($)
Phytosphingosine,Barrier Lipid/Antimicrobial,Cleanser,Supports barrier repair with mild antimicrobial action,"Repairs barrier, calms acne-prone skin","Massage onto damp skin for 30-60 seconds, rinse",Both,Daily,N/A,Yes,Minimal restrictions,"Dry, Acne-prone, Sensitive","Ceramides, Niacinamide",None significant,1,N/A,Yes,No,Mid-Range ($$)
Chia Seed Oil,Facial Oil (Botanical),Spot Treatment,Omega-3/6 balanced antioxidant oil,Nourishes and calms sensitive skin,Dab a small amount directly onto targeted area,Both,Daily,N/A,Yes,Minimal restrictions,"Sensitive, Dry, Normal","Squalane, Centella Asiatica",None significant,1,N/A,Yes,No,Premium ($$$)
Glutathione,Antioxidant/Brightening Agent,Serum,"Master antioxidant, inhibits melanin production","Brightens overall complexion, antioxidant defense","1-2 drops, pressed into skin before heavier products",Both,Daily,N/A,Yes,Topical efficacy debated at low concentrations,"All skin types, Dull skin","Vitamin C, Niacinamide",None significant,0,5.0-6.5,Consult doctor,No,Premium ($$$)
Granactive Retinoid,Retinoid (Next-gen Ester Blend),Cleanser,Modern retinoid ester with reduced irritation profile,"Smooths texture, fades fine lines gently","Massage onto damp skin for 30-60 seconds, rinse",Night,1x daily at night,N/A,Yes,Avoid in pregnancy,"Sensitive, Normal, Beginner retinoid users","Niacinamide, Hyaluronic Acid",Strong acids same time,1,5.5-6.5,No,No,Premium ($$$)
Palmitoyl Tripeptide-1,Peptide (Collagen-signaling),Facial Oil,Signals fibroblasts to boost collagen I production,"Reduces wrinkle depth, firms skin","2-3 drops, pressed on as the last step to seal in moisture",Night,1x daily at night,N/A,Yes,Minimal restrictions,"Mature, Normal","Hyaluronic Acid, Niacinamide",Strong acids same time,0,5.0-7.0,Consult doctor,No,Mid-Range ($$)
Mandelic Acid,AHA (Alpha Hydroxy Acid),Spot Treatment,"Large molecule, slow gentle exfoliation","Good for sensitive/acne-prone skin, evens tone",Dab a small amount directly onto targeted area,Night,2-3x per week,15%,Yes,Avoid on open acne lesions,"Sensitive, Acne-prone","Niacinamide, Azelaic Acid","Strong retinoids, other acids",1,3.5-4.5,Consult doctor,Yes,Budget ($)
Safflower Oil,Facial Oil (Botanical),Face Mask,High-linoleic lightweight oil,Balances oily/acne-prone skin while hydrating,"Apply for 10-15 minutes, 1-3x per week, then rinse or wipe off",Both,Daily,N/A,Yes,Minimal restrictions,"Oily, Acne-prone, Combination","Niacinamide, Squalane",None significant,1,N/A,Yes,No,Premium ($$$)
Ethyl Ascorbic Acid,Vitamin C Derivative (Stable),Spot Treatment,Water- and oil-soluble stable Vitamin C derivative,Brightening with reduced irritation risk,Dab a small amount directly onto targeted area,Both,Daily,N/A,Yes,Minimal restrictions,"All skin types, Sensitive","Niacinamide, Ferulic Acid",Strong acids same time,0,5.0-6.5,Yes,No,Budget ($)
Quercetin,Antioxidant (Flavonoid),Cleanser,Potent plant flavonoid antioxidant,"Calms inflammation, protects against oxidative stress","Massage onto damp skin for 30-60 seconds, rinse",Both,Daily,N/A,Yes,Minimal restrictions,"Sensitive, All skin types","Vitamin C, Niacinamide",None significant,0,5.0-6.0,Yes,No,Mid-Range ($$)
Aloe Vera,Soothing/Hydrating Botanical,Spot Treatment,"Calming, hydrating, mild anti-inflammatory","Soothes irritation, hydrates lightly",Dab a small amount directly onto targeted area,Both,Daily,N/A,Yes,Minimal restrictions,"Sensitive, Sunburned, All skin types","Panthenol, Hyaluronic Acid",None significant,0,4.0-5.5,Yes,No,Premium ($$$)
Manjistha Extract,Brightening/Purifying Botanical (Ayurvedic),Facial Oil,"Traditional blood-purifying, brightening extract","Evens tone, calms inflammatory skin concerns","2-3 drops, pressed on as the last step to seal in moisture",Both,Daily,N/A,Yes,Minimal restrictions,"Acne-prone, Hyperpigmentation-prone","Niacinamide, Licorice Extract",None significant,0,5.0-6.0,Consult doctor,No,Budget ($)
Illipe Butter,Emollient (Butter),Face Mask,"Firm, shea-like conditioning butter",Deeply moisturizes and protects,"Apply for 10-15 minutes, 1-3x per week, then rinse or wipe off",Both,Daily,N/A,Yes,Minimal restrictions,"Dry, Very Dry, Mature","Shea Butter, Squalane",None significant,2,N/A,Yes,No,Premium ($$$)
Rice Bran Extract,Antioxidant/Brightening Botanical,Toner/Essence,Rich in ferulic acid and vitamin E,"Brightens tone, softens texture","Pat into skin after cleansing, before serum",Both,Daily,N/A,Yes,Minimal restrictions,"All skin types, Dull skin","Vitamin C, Niacinamide",None significant,0,5.0-6.5,Yes,No,Premium ($$$)
Ceramide EOP,Barrier Lipid (Specific Ceramide),Cleanser,Long-chain ceramide critical for barrier integrity,"Strengthens barrier, locks in hydration","Massage onto damp skin for 30-60 seconds, rinse",Both,Daily,N/A,Yes,Minimal restrictions,"Dry, Sensitive, Mature","Ceramide NP, Cholesterol",None significant,1,N/A,Yes,No,Premium ($$$)
Lactobacillus Ferment,Probiotic/Fermented Ingredient,Moisturizer/Cream,Fermentation-derived skin-conditioning agent,"Supports microbiome balance, softens skin","Nickel-sized amount, applied as final hydrating step",Both,Daily,N/A,Yes,Minimal restrictions,"Sensitive, All skin types","Postbiotics, Ceramides",None significant,0,5.0-6.0,Yes,No,Budget ($)
Avocado Oil,Facial Oil (Botanical),Face Mask,Fatty-acid and vitamin-rich emollient oil,Deeply nourishes very dry or mature skin,"Apply for 10-15 minutes, 1-3x per week, then rinse or wipe off",Night,1x daily at night,N/A,Yes,Comedogenic for acne-prone users,"Dry, Mature, Very Dry","Squalane, Vitamin E",None significant,3,N/A,Yes,No,Budget ($)
Coco-Glucoside,Mild Cleansing Surfactant,Spot Treatment,Plant-derived gentle cleansing agent,Cleanses without stripping the barrier,Dab a small amount directly onto targeted area,Both,Daily,N/A,Yes,Minimal restrictions,"All skin types, Sensitive","Ceramides, Glycerin",None significant,0,5.0-6.5,Yes,No,Budget ($)
Sodium Ascorbyl Phosphate,Vitamin C Derivative,Toner/Essence,"Stable, gentler form of Vitamin C",Brightening with less irritation,"Pat into skin after cleansing, before serum",Both,Daily,15%,Yes,"Well tolerated, minimal restrictions","Sensitive, All skin types","Niacinamide, Hyaluronic Acid",Strong acids,0,6.0-7.0,Yes,No,Budget ($)
Pequi Oil,Facial Oil (Botanical),Facial Oil,Carotenoid-rich Brazilian antioxidant oil,Nourishes and protects mature skin,"2-3 drops, pressed on as the last step to seal in moisture",Night,1x daily at night,N/A,Yes,Minimal restrictions,"Dry, Mature","Squalane, Vitamin E",None significant,2,N/A,Consult doctor,Yes,Budget ($)
Ectoin + Trehalose Complex,Barrier/Stress Protection Blend,Toner/Essence,Combined extremolyte blend for cellular protection,Protects against pollution and dehydration stress,"Pat into skin after cleansing, before serum",Both,Daily,N/A,Yes,Minimal restrictions,"Sensitive, All skin types","Ceramides, Hyaluronic Acid",None significant,0,5.0-7.0,Yes,No,Budget ($)
Glycerin,Humectant,Spot Treatment,Classic moisture-binding humectant,"Hydrates, softens, supports barrier",Dab a small amount directly onto targeted area,Both,Daily,1%,Yes,Very low irritation risk,All skin types,"Ceramides, Hyaluronic Acid",None significant,0,N/A,Yes,No,Premium ($$$)
Vitamin B3 Derivative Complex,Brightening/Barrier,Serum,Combined niacinamide-based brightening blend,Tone evening with barrier support,"1-2 drops, pressed into skin before heavier products",Both,Daily,N/A,Yes,Minimal restrictions,All skin types,Hyaluronic Acid,High-dose Vitamin C,0,5.0-7.0,Yes,No,Mid-Range ($$)
Retinyl Palmitate,Retinoid (Mild Ester),Toner/Essence,"Gentlest retinoid ester, slow conversion to retinoic acid",Mild anti-aging for retinoid-sensitive beginners,"Pat into skin after cleansing, before serum",Night,1x daily at night,N/A,Yes,Avoid in pregnancy per general retinoid caution,"Sensitive, Beginner retinoid users","Niacinamide, Ceramides",AHA/BHA at same time,1,5.5-6.5,No,No,Premium ($$$)
Bhringraj Oil,Facial Oil (Ayurvedic Botanical),Face Mask,Traditional anti-aging and soothing oil,"Nourishes, calms, supports elasticity","Apply for 10-15 minutes, 1-3x per week, then rinse or wipe off",Night,1x daily at night,N/A,Yes,Patch test for sensitivity,"Dry, Mature, Sensitive","Squalane, Centella Asiatica",None significant,2,N/A,Consult doctor,Yes,Mid-Range ($$)
Kombucha Ferment Extract,Fermented/Probiotic Botanical,Moisturizer/Cream,Fermentation-derived exfoliating and hydrating blend,"Softens texture, supports microbiome","Nickel-sized amount, applied as final hydrating step",Both,Daily,N/A,Yes,Minimal restrictions,"All skin types, Dull skin","Postbiotics, Niacinamide",None significant,0,4.5-5.5,Yes,No,Premium ($$$)
Bentonite Clay,Purifying/Oil Control,Serum,"Strong absorbent clay, draws out impurities","Deep pore cleansing, oil control","1-2 drops, pressed into skin before heavier products",Night,1x daily at night,N/A,Yes,Can be drying; limit frequency for dry skin,"Oily, Acne-prone","Charcoal, Salicylic Acid",Overuse with other drying actives,0,N/A,Yes,No,Mid-Range ($$)
Sandalwood Extract,Soothing/Brightening Botanical (Ayurvedic),Cleanser,Traditional calming and brightening extract,"Soothes irritation, evens tone","Massage onto damp skin for 30-60 seconds, rinse",Both,Daily,N/A,Yes,Fragrance sensitivity possible; patch test,"Sensitive, Dull skin","Niacinamide, Licorice Extract",None significant,0,5.0-6.0,Consult doctor,Yes,Mid-Range ($$)
Homosalate,UV Filter (Chemical),Face Mask,Absorbs UVB radiation,Sun protection component in broad-spectrum SPF,"Apply for 10-15 minutes, 1-3x per week, then rinse or wipe off",Morning,Daily,N/A,N/A (is the sunscreen),Reapply every 2 hours in sun exposure,"Normal, Oily, Combination",Antioxidants under sunscreen,None significant,2,N/A,Consult doctor,No,Budget ($)
Reishi Mushroom Extract,Antioxidant/Adaptogen (Mushroom),Facial Oil,Polysaccharide-rich antioxidant and calming agent,"Soothes, hydrates, supports resilience","2-3 drops, pressed on as the last step to seal in moisture",Both,Daily,N/A,Yes,Minimal restrictions,"Sensitive, Mature","Centella Asiatica, Niacinamide",None significant,0,5.0-6.0,Consult doctor,No,Mid-Range ($$)
Bromelain (Pineapple Enzyme),Enzyme Exfoliant,Face Mask,Protein-dissolving enzyme from pineapple stem,"Gentle exfoliation, brightening","Apply for 10-15 minutes, 1-3x per week, then rinse or wipe off",Night,1x daily at night,N/A,Yes,"Avoid on broken skin, mild allergy risk","Sensitive, Normal","Vitamin C, Papain",Strong acids/retinoids same time,1,4.0-6.0,Consult doctor,Yes,Mid-Range ($$)
Titanium Dioxide,UV Filter (Mineral),Facial Oil,Physical UV blocker,"Broad-spectrum sun protection, gentle","2-3 drops, pressed on as the last step to seal in moisture",Morning,Daily,N/A,N/A (is the sunscreen),Reapply every 2 hours in sun exposure,"Sensitive, All skin types","Zinc Oxide, Antioxidants",None significant,0,N/A,Yes,No,Premium ($$$)
Safflower Oil,Facial Oil (Botanical),Moisturizer/Cream,High-linoleic lightweight oil,Balances oily/acne-prone skin while hydrating,"Nickel-sized amount, applied as final hydrating step",Both,Daily,N/A,Yes,Minimal restrictions,"Oily, Acne-prone, Combination","Niacinamide, Squalane",None significant,1,N/A,Yes,No,Premium ($$$)
PDRN (Polydeoxyribonucleotide),Regenerative/Biotech (Salmon DNA-derived),Toner/Essence,Stimulates tissue repair and regeneration,"Improves elasticity, supports healing","Pat into skin after cleansing, before serum",Night,1x daily at night,N/A,Yes,"Emerging ingredient; patch test, consult doctor if allergic to fish","Mature, Normal, Post-procedure","Peptides, Hyaluronic Acid",Strong acids same time,0,5.0-7.0,Consult doctor,Yes,Budget ($)
Lauryl Glucoside,Mild Cleansing Surfactant,Cleanser,Plant-derived gentle foaming cleanser base,Cleanses effectively without stripping,"Massage onto damp skin for 30-60 seconds, rinse",Both,Daily,N/A,Yes,Minimal restrictions,All skin types,"Coco-Glucoside, Ceramides",None significant,0,5.0-6.5,Yes,No,Premium ($$$)
Growth Factor Serum (Plant-derived),Regenerative/Biotech,Face Mask,Signals skin repair and renewal pathways,"Anti-aging, supports skin regeneration","Apply for 10-15 minutes, 1-3x per week, then rinse or wipe off",Night,1x daily at night,1%,Yes,Emerging ingredient; limited long-term safety data,"Mature, Normal","Peptides, Hyaluronic Acid",Strong acids same time,0,5.0-7.0,Consult doctor,Yes,Budget ($)
Acetyl Hexapeptide-8 (Argireline),Peptide (Neurotransmitter-inhibiting),Cleanser,Relaxes micro-muscle contractions,Softens expression lines,"Massage onto damp skin for 30-60 seconds, rinse",Night,1x daily at night,N/A,Yes,Minimal restrictions,"Mature, Normal","Peptide complexes, Hyaluronic Acid",None significant,0,5.0-7.0,Consult doctor,No,Mid-Range ($$)
Ginseng Extract,Antioxidant/Anti-aging Botanical,Facial Oil,"Adaptogenic antioxidant, boosts circulation","Brightens, firms, supports radiance","2-3 drops, pressed on as the last step to seal in moisture",Both,Daily,N/A,Yes,Minimal restrictions,"Mature, Normal, Dull skin","Niacinamide, Peptides",None significant,0,5.0-6.5,Consult doctor,No,Mid-Range ($$)
"EGF (Epidermal Growth Factor, Recombinant)",Regenerative/Biotech,Toner/Essence,Recombinant protein signaling skin cell renewal,"Accelerates healing, improves texture and firmness","Pat into skin after cleansing, before serum",Night,1x daily at night,2%,Yes,"Emerging ingredient; consult dermatologist, limited long-term data","Mature, Post-procedure","Peptides, Hyaluronic Acid",Strong acids same time,0,5.0-7.0,Consult doctor,Yes,Mid-Range ($$)
Spirulina Extract,Marine Antioxidant/Detox Botanical,Cleanser,Nutrient-dense algae antioxidant,"Detoxifies, brightens, nourishes","Massage onto damp skin for 30-60 seconds, rinse",Both,Daily,N/A,Yes,Minimal restrictions,"All skin types, Dull skin","Niacinamide, Vitamin C",None significant,0,5.0-6.5,Yes,No,Premium ($$$)
Nylon-12,Mattifying/Texture Agent,Cleanser,Synthetic powder that absorbs oil and blurs texture,"Mattifies shine, softens visual texture","Massage onto damp skin for 30-60 seconds, rinse",Morning,Daily,N/A,Yes,Minimal restrictions,"Oily, Combination","Silica, Niacinamide",None significant,0,N/A,Yes,No,Premium ($$$)
Oleic Acid,Fatty Acid (Emollient),Toner/Essence,"Omega-9 fatty acid, rich emollient",Deeply softens very dry skin,"Pat into skin after cleansing, before serum",Night,1x daily at night,N/A,Yes,Can be heavy/comedogenic for oily skin,"Dry, Very Dry, Mature","Shea Butter, Squalane",None significant,3,N/A,Yes,No,Mid-Range ($$)
Copper Peptides,Peptide,Moisturizer/Cream,Supports wound healing and collagen remodeling,"Firms, repairs, improves elasticity","Nickel-sized amount, applied as final hydrating step",Night,1x daily at night,2%,Yes,Avoid mixing with Vitamin C directly (can oxidize copper),"Mature, Normal","Hyaluronic Acid, Ceramides",Vitamin C at same time,0,5.0-7.0,Consult doctor,No,Mid-Range ($$)
Glycerin,Humectant,Moisturizer/Cream,Classic moisture-binding humectant,"Hydrates, softens, supports barrier","Nickel-sized amount, applied as final hydrating step",Both,Daily,2%,Yes,Very low irritation risk,All skin types,"Ceramides, Hyaluronic Acid",None significant,0,N/A,Yes,No,Budget ($)
Alpha Lipoic Acid,Antioxidant,Serum,Both water and fat-soluble antioxidant,"Reduces fine lines, brightens skin","1-2 drops, pressed into skin before heavier products",Night,1x daily at night,1%,Yes,Can cause redness in sensitive users,"Normal, Mature","Vitamin C, Vitamin E",Strong acids same time,0,5.5-6.5,Consult doctor,Yes,Mid-Range ($$)
Betaine,Humectant (Amino Acid-derived),Facial Oil,Osmolyte that supports hydration balance,Hydrates while calming irritation,"2-3 drops, pressed on as the last step to seal in moisture",Both,Daily,N/A,Yes,Minimal restrictions,"Sensitive, Dry, All skin types","Panthenol, Hyaluronic Acid",None significant,0,N/A,Yes,No,Mid-Range ($$)
Tartaric Acid,AHA (Alpha Hydroxy Acid),Toner/Essence,Grape-derived exfoliant and antioxidant,Brightens and refines texture,"Pat into skin after cleansing, before serum",Night,2-3x per week,8%,Yes,Avoid on broken/sunburned skin,"Normal, Combination","Vitamin C, Niacinamide","Retinoids, other acids together",1,3.0-4.0,Consult doctor,Yes,Premium ($$$)
Witch Hazel,Astringent/Toning Botanical,Serum,"Mild astringent, tightens appearance of pores","Tones, reduces excess oil","1-2 drops, pressed into skin before heavier products",Both,Daily,N/A,Yes,Alcohol-based versions can be drying,"Oily, Combination","Niacinamide, Green Tea Extract",Overuse with other drying actives,0,4.5-5.5,Yes,No,Premium ($$$)
Pomegranate Enzyme Extract,Enzyme/Antioxidant Botanical,Toner/Essence,Fruit-enzyme exfoliant with antioxidant properties,"Brightens, gently resurfaces","Pat into skin after cleansing, before serum",Night,1x daily at night,N/A,Yes,Avoid on broken skin,"Sensitive, Normal, Dull skin","Vitamin C, Niacinamide",Strong acids/retinoids same time,1,4.0-6.0,Consult doctor,No,Budget ($)
Soy Isoflavones,Phytoestrogen/Brightening Agent,Facial Oil,Plant compound supporting collagen and tone-evening,Brightens and supports firmness,"2-3 drops, pressed on as the last step to seal in moisture",Both,Daily,N/A,Yes,Minimal restrictions,"Mature, Hyperpigmentation-prone","Niacinamide, Vitamin C",None significant,0,5.0-6.5,Consult doctor,No,Premium ($$$)
Retinaldehyde,Retinoid,Facial Oil,Converts to retinoic acid faster than retinol,"Anti-aging, acne control, texture refinement","2-3 drops, pressed on as the last step to seal in moisture",Night,"2-3x per week, building up to nightly",0.025%,Yes,Avoid in pregnancy; avoid mixing with strong acids,"Normal, Oily, Mature","Peptides, Niacinamide","AHA/BHA, Vitamin C",2,5.5-6.0,No,Yes,Budget ($)
Undecylenoyl Phenylalanine,Brightening Agent (Amino Acid Derivative),Cleanser,Inhibits melanin synthesis via tyrosinase pathway,"Evens tone, targets stubborn dark spots","Massage onto damp skin for 30-60 seconds, rinse",Both,Daily,N/A,Yes,Minimal restrictions,Hyperpigmentation-prone,"Niacinamide, Alpha Arbutin",None significant,0,5.0-6.5,Consult doctor,No,Premium ($$$)
Granactive Retinoid,Retinoid (Next-gen Ester Blend),Toner/Essence,Modern retinoid ester with reduced irritation profile,"Smooths texture, fades fine lines gently","Pat into skin after cleansing, before serum",Night,1x daily at night,N/A,Yes,Avoid in pregnancy,"Sensitive, Normal, Beginner retinoid users","Niacinamide, Hyaluronic Acid",Strong acids same time,1,5.5-6.5,No,No,Budget ($)
Edelweiss Extract,Antioxidant Botanical (Alpine),Spot Treatment,"High-altitude plant antioxidant, UV-stress protective",Protects against environmental and UV stress,Dab a small amount directly onto targeted area,Both,Daily,N/A,Yes,Minimal restrictions,"All skin types, Mature","Vitamin C, Niacinamide",None significant,0,5.0-6.0,Consult doctor,No,Budget ($)
Matrixyl 3000,Peptide Complex,Facial Oil,Combination peptide blend targeting collagen/elastin,"Comprehensive anti-aging, firms and smooths","2-3 drops, pressed on as the last step to seal in moisture",Night,1x daily at night,N/A,Yes,Minimal restrictions,"Mature, Normal","Hyaluronic Acid, Niacinamide",Strong acids same time,0,5.0-7.0,Consult doctor,No,Budget ($)
Pentapeptide-18,Peptide (Elastin-supporting),Cleanser,Supports elastin production for firmness,Improves firmness and bounce,"Massage onto damp skin for 30-60 seconds, rinse",Night,1x daily at night,N/A,Yes,Minimal restrictions,Mature,"Hyaluronic Acid, Acetyl Hexapeptide-8",None significant,0,5.0-7.0,Consult doctor,No,Premium ($$$)
Snail Mucin,Regenerative/Humectant,Cleanser,Glycoproteins support hydration and repair,"Hydrates, soothes, supports barrier recovery","Massage onto damp skin for 30-60 seconds, rinse",Both,Daily,N/A,Yes,Patch test for sensitivity,"Dry, Sensitive, Acne-prone","Niacinamide, Hyaluronic Acid",None significant,1,5.0-6.5,Consult doctor,Yes,Premium ($$$)
Hemp Seed Oil,Facial Oil (Botanical),Spot Treatment,Balanced omega fatty-acid oil,"Balances oil while hydrating, calms skin",Dab a small amount directly onto targeted area,Both,Daily,N/A,Yes,Minimal restrictions,"Oily, Combination, Sensitive","Niacinamide, Centella Asiatica",None significant,1,N/A,Yes,No,Mid-Range ($$)
Coenzyme Q10 (Ubiquinone),Antioxidant,Facial Oil,"Supports cellular energy, reduces oxidative stress","Firms skin, reduces fine lines","2-3 drops, pressed on as the last step to seal in moisture",Both,Daily,1%,Yes,Minimal restrictions,"Mature, Normal","Vitamin E, Peptides",None significant,1,N/A,Yes,No,Budget ($)
Marine Elastin,Firming Ingredient (Marine-derived),Face Mask,"Supports the look of skin elasticity, marine-sourced",Improves appearance of firmness and bounce,"Apply for 10-15 minutes, 1-3x per week, then rinse or wipe off",Both,Daily,N/A,Yes,Patch test for fish-derived allergy,"Mature, Normal","Marine Collagen, Peptides",None significant,0,5.0-7.0,Consult doctor,Yes,Budget ($)
Alpha Arbutin,Brightening Agent,Serum,Gentle tyrosinase inhibitor,"Evens tone, fades hyperpigmentation","1-2 drops, pressed into skin before heavier products",Both,Daily,2%,Yes,Generally well tolerated,"Hyperpigmentation-prone, Sensitive","Niacinamide, Vitamin C",None significant,0,4.0-6.0,Consult doctor,No,Budget ($)
Glycine Soja (Soybean) Extract,Antioxidant/Brightening Botanical,Moisturizer/Cream,Isoflavone-rich extract supporting tone and firmness,Brightens and supports elasticity,"Nickel-sized amount, applied as final hydrating step",Both,Daily,N/A,Yes,Minimal restrictions,"Mature, Hyperpigmentation-prone","Niacinamide, Vitamin C",None significant,0,5.0-6.5,Consult doctor,No,Premium ($$$)
Salicylic Acid,BHA (Beta Hydroxy Acid),Serum,"Oil-soluble exfoliant, penetrates pores","Clears blackheads, reduces acne and oiliness","1-2 drops, pressed into skin before heavier products",Night,3-4x per week,1%,Yes,"Avoid on dry/compromised skin, aspirin allergy caution","Oily, Acne-prone, Combination","Niacinamide, Clay masks","Retinoids, other acids at same time",1,3.0-4.0,Consult doctor,Yes,Budget ($)
Marine Collagen,Regenerative/Firming Ingredient,Facial Oil,"Supports skin structure and firmness (topical, surface-level)",Improves the look of firmness and hydration,"2-3 drops, pressed on as the last step to seal in moisture",Both,Daily,N/A,Yes,Patch test for fish-derived allergy,"Mature, Dry","Peptides, Hyaluronic Acid",None significant,0,5.0-7.0,Consult doctor,Yes,Premium ($$$)
Marine Collagen,Regenerative/Firming Ingredient,Moisturizer/Cream,"Supports skin structure and firmness (topical, surface-level)",Improves the look of firmness and hydration,"Nickel-sized amount, applied as final hydrating step",Both,Daily,N/A,Yes,Patch test for fish-derived allergy,"Mature, Dry","Peptides, Hyaluronic Acid",None significant,0,5.0-7.0,Consult doctor,Yes,Budget ($)
DMAE,Firming Agent,Toner/Essence,Supports muscle tone appearance of skin,Temporary firming and tightening effect,"Pat into skin after cleansing, before serum",Both,Daily,N/A,Yes,Can cause temporary tingling/redness,"Mature, Normal","Peptides, Hyaluronic Acid",Strong acids at same time,0,7.0-8.0,Consult doctor,Yes,Premium ($$$)
Charcoal (Activated),Purifying/Detox Agent,Moisturizer/Cream,Adsorbs excess oil and impurities,"Deep cleanses, minimizes pore congestion","Nickel-sized amount, applied as final hydrating step",Night,1x daily at night,N/A,Yes,Can be drying with overuse,"Oily, Acne-prone, Combination","Clay, Niacinamide",Overuse with other drying actives,0,N/A,Yes,No,Mid-Range ($$)
Glycine Soja (Soybean) Extract,Antioxidant/Brightening Botanical,Face Mask,Isoflavone-rich extract supporting tone and firmness,Brightens and supports elasticity,"Apply for 10-15 minutes, 1-3x per week, then rinse or wipe off",Both,Daily,N/A,Yes,Minimal restrictions,"Mature, Hyperpigmentation-prone","Niacinamide, Vitamin C",None significant,0,5.0-6.5,Consult doctor,No,Mid-Range ($$)
Mexoryl SX,"UV Filter (Chemical, UVA)",Moisturizer/Cream,Highly photostable UVA filter,"Strong UVA protection, reduces photoaging","Nickel-sized amount, applied as final hydrating step",Morning,Daily,N/A,N/A (is the sunscreen),Reapply every 2 hours in sun exposure,All skin types,Antioxidants under sunscreen,None significant,1,N/A,Yes,No,Mid-Range ($$)
Acai Berry Extract,Antioxidant Botanical,Cleanser,Anthocyanin-rich Amazonian fruit antioxidant,"Protects against oxidative stress, brightens","Massage onto damp skin for 30-60 seconds, rinse",Both,Daily,N/A,Yes,Minimal restrictions,"All skin types, Dull skin","Vitamin C, Niacinamide",None significant,0,5.0-6.0,Yes,No,Budget ($)
Bentonite Clay,Purifying/Oil Control,Moisturizer/Cream,"Strong absorbent clay, draws out impurities","Deep pore cleansing, oil control","Nickel-sized amount, applied as final hydrating step",Night,1x daily at night,N/A,Yes,Can be drying; limit frequency for dry skin,"Oily, Acne-prone","Charcoal, Salicylic Acid",Overuse with other drying actives,0,N/A,Yes,No,Mid-Range ($$)
Citric Acid,AHA (Alpha Hydroxy Acid),Serum,"Fruit-derived exfoliant, also a pH adjuster",Brightens and gently exfoliates,"1-2 drops, pressed into skin before heavier products",Night,2-3x per week,5%,Yes,Avoid on broken/sunburned skin,"Normal, Oily, Combination","Niacinamide, Hyaluronic Acid","Retinoids, other acids together",1,3.0-4.0,Consult doctor,Yes,Budget ($)
French Green Clay,Purifying Mineral Clay,Moisturizer/Cream,Mineral-rich absorbent clay,"Detoxifies, tightens, mattifies","Nickel-sized amount, applied as final hydrating step",Night,1x daily at night,N/A,Yes,Can be drying for dry skin,"Oily, Combination, Acne-prone","Charcoal, Niacinamide",Overuse with other drying actives,0,N/A,Yes,No,Premium ($$$)
Alpha Arbutin,Brightening Agent,Moisturizer/Cream,Gentle tyrosinase inhibitor,"Evens tone, fades hyperpigmentation","Nickel-sized amount, applied as final hydrating step",Both,Daily,5%,Yes,Generally well tolerated,"Hyperpigmentation-prone, Sensitive","Niacinamide, Vitamin C",None significant,0,4.0-6.0,Consult doctor,No,Mid-Range ($$)
DMAE,Firming Agent,Cleanser,Supports muscle tone appearance of skin,Temporary firming and tightening effect,"Massage onto damp skin for 30-60 seconds, rinse",Both,Daily,N/A,Yes,Can cause temporary tingling/redness,"Mature, Normal","Peptides, Hyaluronic Acid",Strong acids at same time,0,7.0-8.0,Consult doctor,Yes,Premium ($$$)
Boron Nitride,Mattifying/Texture Agent,Serum,Silky mineral powder for soft-focus finish,"Blurs pores, controls shine","1-2 drops, pressed into skin before heavier products",Morning,Daily,N/A,Yes,Minimal restrictions,"Oily, Combination","Silica, Niacinamide",None significant,0,N/A,Yes,No,Mid-Range ($$)
Tartaric Acid,AHA (Alpha Hydroxy Acid),Face Mask,Grape-derived exfoliant and antioxidant,Brightens and refines texture,"Apply for 10-15 minutes, 1-3x per week, then rinse or wipe off",Night,2-3x per week,15%,Yes,Avoid on broken/sunburned skin,"Normal, Combination","Vitamin C, Niacinamide","Retinoids, other acids together",1,3.0-4.0,Consult doctor,Yes,Budget ($)
Sal Butter,Emollient (Butter),Spot Treatment,"Firm, shea-like conditioning plant butter",Moisturizes and softens rough skin,Dab a small amount directly onto targeted area,Both,Daily,N/A,Yes,Minimal restrictions,"Dry, Very Dry","Shea Butter, Squalane",None significant,2,N/A,Yes,No,Mid-Range ($$)
Matrixyl 3000,Peptide Complex,Toner/Essence,Combination peptide blend targeting collagen/elastin,"Comprehensive anti-aging, firms and smooths","Pat into skin after cleansing, before serum",Night,1x daily at night,N/A,Yes,Minimal restrictions,"Mature, Normal","Hyaluronic Acid, Niacinamide",Strong acids same time,0,5.0-7.0,Consult doctor,No,Budget ($)
Diatomaceous Earth,Purifying/Exfoliating Mineral,Serum,"Fossilized algae mineral, mild absorbent exfoliant","Purifies pores, gently buffs texture","1-2 drops, pressed into skin before heavier products",Night,1x daily at night,N/A,Yes,Use gentle pressure to avoid micro-tears,"Oily, Combination","Kaolin Clay, Niacinamide",Overuse with other exfoliants,0,N/A,Yes,No,Premium ($$$)
Bearberry Extract,Brightening Botanical (Arbutin source),Serum,"Natural source of arbutin, tyrosinase inhibitor",Fades dark spots and evens tone,"1-2 drops, pressed into skin before heavier products",Both,Daily,N/A,Yes,Minimal restrictions,Hyperpigmentation-prone,"Niacinamide, Alpha Arbutin",None significant,0,4.5-6.0,Consult doctor,No,Budget ($)
"Bee Venom (Cosmetic-grade, Diluted)",Firming/Stimulating Ingredient,Serum,Marketed to mimic mild inflammatory firming response,Temporary plumping and firming effect,"1-2 drops, pressed into skin before heavier products",Night,1x daily at night,N/A,Yes,Bee-product allergy risk; patch test required,"Mature, Normal (not for allergy-prone)","Peptides, Hyaluronic Acid",Strong acids same time,0,5.0-6.5,Consult doctor,Yes,Budget ($)
Pumpkin Enzyme,Enzyme Exfoliant,Toner/Essence,"Fruit enzyme exfoliation, rich in vitamins",Brightens and softens texture gently,"Pat into skin after cleansing, before serum",Night,1x daily at night,N/A,Yes,Avoid on broken skin,"Sensitive, Normal, Dull skin","Vitamin C, Niacinamide",Strong acids/retinoids same time,1,4.0-6.0,Consult doctor,No,Budget ($)
Diosmin,Circulation-support/Antioxidant,Toner/Essence,Citrus-derived flavonoid supporting microcirculation,"Reduces redness, supports skin resilience","Pat into skin after cleansing, before serum",Both,Daily,N/A,Yes,Minimal restrictions,"Rosacea-prone, Sensitive","Niacinamide, Centella Asiatica",None significant,0,5.0-6.0,Consult doctor,No,Mid-Range ($$)
Ginkgo Biloba Extract,Antioxidant/Circulation Botanical,Moisturizer/Cream,Antioxidant that supports microcirculation,"Brightens, reduces dullness","Nickel-sized amount, applied as final hydrating step",Both,Daily,N/A,Yes,Minimal restrictions,"Mature, Dull skin","Niacinamide, Vitamin C",None significant,0,5.0-6.0,Consult doctor,No,Budget ($)
"FGF (Fibroblast Growth Factor, Recombinant)",Regenerative/Biotech,Serum,Recombinant protein supporting fibroblast collagen output,Supports firmness and skin density,"1-2 drops, pressed into skin before heavier products",Night,1x daily at night,1%,Yes,"Emerging ingredient; consult dermatologist, limited long-term data","Mature, Normal","Peptides, Hyaluronic Acid",Strong acids same time,0,5.0-7.0,Consult doctor,Yes,Mid-Range ($$)
Broccoli Seed Oil,Facial Oil (Botanical),Moisturizer/Cream,"Silicone-like glide, non-comedogenic plant oil",Softens and adds shine without heaviness,"Nickel-sized amount, applied as final hydrating step",Both,Daily,N/A,Yes,Minimal restrictions,"All skin types, Oily","Squalane, Niacinamide",None significant,1,N/A,Yes,No,Premium ($$$)
Rutin,Antioxidant (Flavonoid),Face Mask,"Plant flavonoid antioxidant, vascular-supportive","Protects against oxidative stress, calms redness","Apply for 10-15 minutes, 1-3x per week, then rinse or wipe off",Both,Daily,N/A,Yes,Minimal restrictions,"Sensitive, Rosacea-prone","Vitamin C, Niacinamide",None significant,0,5.0-6.0,Yes,No,Premium ($$$)
Tulsi (Holy Basil) Extract,Adaptogen Botanical (Ayurvedic),Cleanser,"Traditional adaptogenic, purifying extract","Calms stressed skin, purifies pores","Massage onto damp skin for 30-60 seconds, rinse",Both,Daily,N/A,Yes,Minimal restrictions,"Oily, Combination, Sensitive","Niacinamide, Centella Asiatica",None significant,0,5.0-6.0,Consult doctor,No,Mid-Range ($$)
Niacinamide + Zinc Complex,Oil Control/Barrier Blend,Face Mask,Combined sebum regulation and barrier support,"Reduces shine, minimizes breakouts","Apply for 10-15 minutes, 1-3x per week, then rinse or wipe off",Both,Daily,N/A,Yes,Minimal restrictions,"Oily, Acne-prone, Combination",Hyaluronic Acid,High-dose Vitamin C,0,5.0-7.0,Yes,No,Premium ($$$)
Niacinamide + Zinc Complex,Oil Control/Barrier Blend,Facial Oil,Combined sebum regulation and barrier support,"Reduces shine, minimizes breakouts","2-3 drops, pressed on as the last step to seal in moisture",Both,Daily,N/A,Yes,Minimal restrictions,"Oily, Acne-prone, Combination",Hyaluronic Acid,High-dose Vitamin C,0,5.0-7.0,Yes,No,Budget ($)
Calendula Extract,Soothing/Healing Botanical,Moisturizer/Cream,"Anti-inflammatory, wound-healing properties","Soothes irritation, supports healing","Nickel-sized amount, applied as final hydrating step",Both,Daily,N/A,Yes,Ragweed-allergy sufferers should patch test,"Sensitive, Dry, Post-procedure","Panthenol, Centella Asiatica",None significant,0,5.0-6.5,Yes,Yes,Mid-Range ($$)
Squalane,Emollient/Barrier Support,Toner/Essence,"Lightweight biomimetic lipid, non-comedogenic","Moisturizes without heaviness, softens skin","Pat into skin after cleansing, before serum",Both,Daily,N/A,Yes,Minimal restrictions,"All skin types, Oily, Dry","Hyaluronic Acid, Ceramides",None significant,1,N/A,Yes,No,Budget ($)
Lactobionic Acid,PHA,Toner/Essence,Gentle exfoliating and antioxidant humectant,Hydrates while smoothing texture,"Pat into skin after cleansing, before serum",Both,"Daily, well tolerated",4%,Yes,Minimal restrictions,"Sensitive, Dry, Mature","Hyaluronic Acid, Ceramides",Strong acids layered heavily,1,3.5-4.5,Consult doctor,No,Budget ($)
Bakuchiol,Plant-derived Retinol Alternative,Cleanser,Retinol-like signaling without irritation,"Anti-aging, gentle for sensitive skin","Massage onto damp skin for 30-60 seconds, rinse",Both,Daily,2%,Yes,Generally well tolerated; patch test if very sensitive,"All skin types, Sensitive","Vitamin C, Niacinamide, Peptides",None significant,1,5.0-6.5,Yes (consult doctor),No,Budget ($)
Reishi Mushroom Extract,Antioxidant/Adaptogen (Mushroom),Face Mask,Polysaccharide-rich antioxidant and calming agent,"Soothes, hydrates, supports resilience","Apply for 10-15 minutes, 1-3x per week, then rinse or wipe off",Both,Daily,N/A,Yes,Minimal restrictions,"Sensitive, Mature","Centella Asiatica, Niacinamide",None significant,0,5.0-6.0,Consult doctor,No,Mid-Range ($$)
PDRN (Polydeoxyribonucleotide),Regenerative/Biotech (Salmon DNA-derived),Face Mask,Stimulates tissue repair and regeneration,"Improves elasticity, supports healing","Apply for 10-15 minutes, 1-3x per week, then rinse or wipe off",Night,1x daily at night,N/A,Yes,"Emerging ingredient; patch test, consult doctor if allergic to fish","Mature, Normal, Post-procedure","Peptides, Hyaluronic Acid",Strong acids same time,0,5.0-7.0,Consult doctor,Yes,Premium ($$$)
Homosalate,UV Filter (Chemical),Moisturizer/Cream,Absorbs UVB radiation,Sun protection component in broad-spectrum SPF,"Nickel-sized amount, applied as final hydrating step",Morning,Daily,N/A,N/A (is the sunscreen),Reapply every 2 hours in sun exposure,"Normal, Oily, Combination",Antioxidants under sunscreen,None significant,2,N/A,Consult doctor,No,Mid-Range ($$)
"EGF (Epidermal Growth Factor, Recombinant)",Regenerative/Biotech,Moisturizer/Cream,Recombinant protein signaling skin cell renewal,"Accelerates healing, improves texture and firmness","Nickel-sized amount, applied as final hydrating step",Night,1x daily at night,1%,Yes,"Emerging ingredient; consult dermatologist, limited long-term data","Mature, Post-procedure","Peptides, Hyaluronic Acid",Strong acids same time,0,5.0-7.0,Consult doctor,Yes,Mid-Range ($$)
Spirulina Extract,Marine Antioxidant/Detox Botanical,Toner/Essence,Nutrient-dense algae antioxidant,"Detoxifies, brightens, nourishes","Pat into skin after cleansing, before serum",Both,Daily,N/A,Yes,Minimal restrictions,"All skin types, Dull skin","Niacinamide, Vitamin C",None significant,0,5.0-6.5,Yes,No,Mid-Range ($$)
Betaine,Humectant (Amino Acid-derived),Spot Treatment,Osmolyte that supports hydration balance,Hydrates while calming irritation,Dab a small amount directly onto targeted area,Both,Daily,N/A,Yes,Minimal restrictions,"Sensitive, Dry, All skin types","Panthenol, Hyaluronic Acid",None significant,0,N/A,Yes,No,Premium ($$$)
Rice Bran Extract,Antioxidant/Brightening Botanical,Facial Oil,Rich in ferulic acid and vitamin E,"Brightens tone, softens texture","2-3 drops, pressed on as the last step to seal in moisture",Both,Daily,N/A,Yes,Minimal restrictions,"All skin types, Dull skin","Vitamin C, Niacinamide",None significant,0,5.0-6.5,Yes,No,Premium ($$$)
Cupuacu Butter,Emollient (Butter),Facial Oil,High water-absorption Amazonian butter,Deeply hydrates without greasy feel,"2-3 drops, pressed on as the last step to seal in moisture",Both,Daily,N/A,Yes,Minimal restrictions,"Dry, Normal","Shea Butter, Squalane",None significant,2,N/A,Yes,No,Mid-Range ($$)
Ceramide EOP,Barrier Lipid (Specific Ceramide),Moisturizer/Cream,Long-chain ceramide critical for barrier integrity,"Strengthens barrier, locks in hydration","Nickel-sized amount, applied as final hydrating step",Both,Daily,N/A,Yes,Minimal restrictions,"Dry, Sensitive, Mature","Ceramide NP, Cholesterol",None significant,1,N/A,Yes,No,Mid-Range ($$)
Sea Fennel Extract,Antioxidant/Detox Botanical,Toner/Essence,Mineral-rich coastal plant antioxidant,Detoxifies and revitalizes dull skin,"Pat into skin after cleansing, before serum",Both,Daily,N/A,Yes,Minimal restrictions,"All skin types, Dull skin","Niacinamide, Vitamin C",None significant,0,5.0-6.0,Consult doctor,No,Mid-Range ($$)
Bilberry Extract,Antioxidant Botanical,Serum,"Anthocyanin-rich antioxidant, mild AHA source",Brightens and protects skin,"1-2 drops, pressed into skin before heavier products",Both,Daily,N/A,Yes,Minimal restrictions,"All skin types, Dull skin","Vitamin C, Niacinamide",None significant,0,4.5-6.0,Yes,No,Premium ($$$)
Kukui Nut Oil,Facial Oil (Botanical),Serum,"Lightweight Hawaiian nut oil, fatty-acid rich",Softens and protects without greasiness,"1-2 drops, pressed into skin before heavier products",Both,Daily,N/A,Yes,Tree-nut allergy caution,"Dry, Normal, Combination","Squalane, Vitamin E",None significant,1,N/A,Consult doctor,Yes,Mid-Range ($$)
Sea Fennel Extract,Antioxidant/Detox Botanical,Facial Oil,Mineral-rich coastal plant antioxidant,Detoxifies and revitalizes dull skin,"2-3 drops, pressed on as the last step to seal in moisture",Both,Daily,N/A,Yes,Minimal restrictions,"All skin types, Dull skin","Niacinamide, Vitamin C",None significant,0,5.0-6.0,Consult doctor,No,Mid-Range ($$)
Manuka Honey Extract,Humectant/Antibacterial (Botanical),Face Mask,Natural humectant with antibacterial properties,Hydrates and supports acne-prone skin,"Apply for 10-15 minutes, 1-3x per week, then rinse or wipe off",Both,Daily,N/A,Yes,Minimal restrictions; patch test for bee-product allergy,"Acne-prone, Dry, Sensitive","Niacinamide, Panthenol",None significant,1,N/A,Yes,Yes,Premium ($$$)
Plant Stem Cell Extract,Regenerative Botanical/Biotech,Spot Treatment,Plant-derived extract marketed for antioxidant/renewal support,Supports skin resilience and radiance,Dab a small amount directly onto targeted area,Both,Daily,N/A,Yes,Emerging ingredient; evidence mostly antioxidant-based,"Mature, Normal","Peptides, Vitamin C",None significant,0,5.0-6.5,Consult doctor,No,Premium ($$$)
French Green Clay,Purifying Mineral Clay,Spot Treatment,Mineral-rich absorbent clay,"Detoxifies, tightens, mattifies",Dab a small amount directly onto targeted area,Night,1x daily at night,N/A,Yes,Can be drying for dry skin,"Oily, Combination, Acne-prone","Charcoal, Niacinamide",Overuse with other drying actives,0,N/A,Yes,No,Premium ($$$)
Cranberry Seed Oil,Facial Oil (Botanical),Serum,Balanced omega-3/6 fatty acid oil,"Nourishes without heaviness, antioxidant-rich","1-2 drops, pressed into skin before heavier products",Both,Daily,N/A,Yes,Minimal restrictions,"Normal, Combination, Dry","Squalane, Vitamin E",None significant,1,N/A,Yes,No,Mid-Range ($$)
Polyhydroxy Acid (PHA),PHA,Facial Oil,Gentle surface exfoliation with humectant effect,"Mild exfoliation for sensitive skin, hydration","2-3 drops, pressed on as the last step to seal in moisture",Both,"Daily, well tolerated",8%,Yes,Minimal restrictions; still patch test,"Sensitive, Rosacea-prone, Dry","Hyaluronic Acid, Ceramides",Strong actives layered heavily,1,3.5-4.5,Consult doctor,No,Premium ($$$)
Exosomes,Regenerative/Biotech,Spot Treatment,Cell-signaling vesicles supporting tissue repair,"Accelerates recovery, boosts radiance",Dab a small amount directly onto targeted area,Night,1x daily at night,5%,Yes,"Emerging ingredient; consult dermatologist, limited regulation clarity","Mature, Normal, Post-procedure","Peptides, Growth Factors",Strong acids same time,0,5.0-7.0,Consult doctor,Yes,Budget ($)
Bamboo Sap Extract,Hydrating/Soothing Botanical (K-beauty),Serum,Mineral-rich hydrating and soothing sap,"Refreshes, hydrates, calms","1-2 drops, pressed into skin before heavier products",Both,Daily,N/A,Yes,Minimal restrictions,"All skin types, Sensitive","Aloe Vera, Hyaluronic Acid",None significant,0,5.0-6.0,Yes,No,Premium ($$$)
Rhassoul Clay,Purifying Mineral Clay,Face Mask,Gentle mineral-rich Moroccan clay,"Cleanses without stripping, softens skin","Apply for 10-15 minutes, 1-3x per week, then rinse or wipe off",Night,1x daily at night,N/A,Yes,Minimal restrictions,"Normal, Combination, Dry","Aloe Vera, Squalane",None significant,0,N/A,Yes,No,Budget ($)
Postbiotics,Microbiome Support/Biotech,Serum,Byproducts of beneficial bacteria supporting skin flora,"Strengthens barrier, calms sensitivity","1-2 drops, pressed into skin before heavier products",Both,Daily,N/A,Yes,Emerging ingredient; generally well tolerated,"Sensitive, All skin types","Ceramides, Panthenol",None significant,0,5.0-6.5,Yes,No,Mid-Range ($$)
Bilberry Extract,Antioxidant Botanical,Toner/Essence,"Anthocyanin-rich antioxidant, mild AHA source",Brightens and protects skin,"Pat into skin after cleansing, before serum",Both,Daily,N/A,Yes,Minimal restrictions,"All skin types, Dull skin","Vitamin C, Niacinamide",None significant,0,4.5-6.0,Yes,No,Mid-Range ($$)
Goji Berry Extract,Antioxidant Botanical,Cleanser,Nutrient-dense antioxidant fruit extract,Brightens and supports skin resilience,"Massage onto damp skin for 30-60 seconds, rinse",Both,Daily,N/A,Yes,Minimal restrictions,"All skin types, Dull skin","Vitamin C, Niacinamide",None significant,0,5.0-6.0,Yes,No,Premium ($$$)
Silica,Mattifying/Texture Agent,Face Mask,"Absorbs oil, softens visual texture","Mattifies shine, blurs pores visually","Apply for 10-15 minutes, 1-3x per week, then rinse or wipe off",Morning,Daily,N/A,Yes,Minimal restrictions,"Oily, Combination","Niacinamide, Zinc PCA",None significant,0,N/A,Yes,No,Budget ($)
Peptide Complex (Matrixyl-type),Peptide,Moisturizer/Cream,Signals collagen and elastin production,"Firms skin, reduces wrinkle depth","Nickel-sized amount, applied as final hydrating step",Night,1x daily at night,10%,Yes,Minimal restrictions,"Mature, Normal, All skin types","Hyaluronic Acid, Niacinamide",Strong acids same time,0,5.0-7.0,Consult doctor,No,Premium ($$$)
Vitamin E (Tocopherol),Antioxidant,Facial Oil,"Lipid-soluble antioxidant, moisturizing","Protects from oxidative stress, softens skin","2-3 drops, pressed on as the last step to seal in moisture",Both,Daily,1%,Yes,Comedogenic in high concentration for acne-prone skin,"Dry, Normal, Mature","Vitamin C, Ferulic Acid",None significant,2,N/A,Yes,No,Budget ($)
Hesperidin,Antioxidant (Citrus Flavonoid),Face Mask,"Citrus-derived antioxidant, supports capillary strength","Brightens, reduces redness appearance","Apply for 10-15 minutes, 1-3x per week, then rinse or wipe off",Both,Daily,N/A,Yes,Minimal restrictions,"All skin types, Rosacea-prone","Vitamin C, Niacinamide",None significant,0,5.0-6.0,Yes,No,Mid-Range ($$)
Ashwagandha Extract,Adaptogen Botanical,Moisturizer/Cream,Adaptogenic extract supporting skin barrier resilience,Calms stress-related dullness and sensitivity,"Nickel-sized amount, applied as final hydrating step",Both,Daily,N/A,Yes,Minimal restrictions,"Sensitive, Dull skin","Centella Asiatica, Niacinamide",None significant,0,5.0-6.0,Consult doctor,No,Premium ($$$)
Ceramide EOP,Barrier Lipid (Specific Ceramide),Facial Oil,Long-chain ceramide critical for barrier integrity,"Strengthens barrier, locks in hydration","2-3 drops, pressed on as the last step to seal in moisture",Both,Daily,N/A,Yes,Minimal restrictions,"Dry, Sensitive, Mature","Ceramide NP, Cholesterol",None significant,1,N/A,Yes,No,Budget ($)
Dimethicone,Occlusive/Texture Agent (Silicone),Serum,"Forms breathable barrier, smooths visual texture","Locks in moisture, blurs fine lines and pores","1-2 drops, pressed into skin before heavier products",Both,Daily,N/A,Yes,Can feel heavy layered under heavy makeup; non-comedogenic for most,"All skin types, Sensitive","Moisturizers, Sunscreen",None significant,0,N/A,Yes,No,Mid-Range ($$)
Inulin,Prebiotic Humectant,Face Mask,Plant-derived prebiotic fiber and humectant,Hydrates while feeding beneficial skin bacteria,"Apply for 10-15 minutes, 1-3x per week, then rinse or wipe off",Both,Daily,N/A,Yes,Minimal restrictions,"All skin types, Sensitive","Postbiotics, Ceramides",None significant,0,5.0-6.5,Yes,No,Mid-Range ($$)
Panthenol (Pro-Vitamin B5),Barrier Support/Humectant,Toner/Essence,"Soothes and hydrates, supports barrier repair","Calms irritation, improves elasticity","Pat into skin after cleansing, before serum",Both,Daily,N/A,Yes,Very well tolerated,"Sensitive, Dry, All skin types","Ceramides, Niacinamide",None significant,0,5.0-7.0,Yes,No,Budget ($)
Avocado Oil,Facial Oil (Botanical),Cleanser,Fatty-acid and vitamin-rich emollient oil,Deeply nourishes very dry or mature skin,"Massage onto damp skin for 30-60 seconds, rinse",Night,1x daily at night,N/A,Yes,Comedogenic for acne-prone users,"Dry, Mature, Very Dry","Squalane, Vitamin E",None significant,3,N/A,Yes,No,Premium ($$$)
Soy Isoflavones,Phytoestrogen/Brightening Agent,Face Mask,Plant compound supporting collagen and tone-evening,Brightens and supports firmness,"Apply for 10-15 minutes, 1-3x per week, then rinse or wipe off",Both,Daily,N/A,Yes,Minimal restrictions,"Mature, Hyperpigmentation-prone","Niacinamide, Vitamin C",None significant,0,5.0-6.5,Consult doctor,No,Premium ($$$)
Pumpkin Enzyme,Enzyme Exfoliant,Spot Treatment,"Fruit enzyme exfoliation, rich in vitamins",Brightens and softens texture gently,Dab a small amount directly onto targeted area,Night,1x daily at night,N/A,Yes,Avoid on broken skin,"Sensitive, Normal, Dull skin","Vitamin C, Niacinamide",Strong acids/retinoids same time,1,4.0-6.0,Consult doctor,No,Mid-Range ($$)
Green Tea Extract (EGCG),Antioxidant (Plant-derived),Facial Oil,"Polyphenol antioxidant, anti-inflammatory","Calms redness, protects against UV-induced damage","2-3 drops, pressed on as the last step to seal in moisture",Both,Daily,N/A,Yes,Minimal restrictions,"Sensitive, Oily, All skin types","Niacinamide, Centella Asiatica",None significant,0,5.0-6.0,Yes,No,Premium ($$$)
Alpine Rose Extract,Antioxidant/Adaptogen Botanical (Alpine),Facial Oil,High-altitude plant extract supporting cellular resilience,Protects and revitalizes stressed skin,"2-3 drops, pressed on as the last step to seal in moisture",Both,Daily,N/A,Yes,Minimal restrictions,"All skin types, Mature","Niacinamide, Vitamin C",None significant,0,5.0-6.0,Consult doctor,No,Mid-Range ($$)
Polyglutamic Acid,Humectant (Fermentation-derived),Serum,Holds moisture even more than hyaluronic acid,"Deep, long-lasting hydration and plumping","1-2 drops, pressed into skin before heavier products",Both,Daily,N/A,Yes,Minimal restrictions,"All skin types, Dry, Dehydrated skin","Hyaluronic Acid, Ceramides",None significant,0,5.0-7.0,Yes,No,Budget ($)
Tetrahexyldecyl Ascorbate,Vitamin C Derivative (Oil-soluble),Face Mask,"Stable, oil-soluble Vitamin C form","Brightening with excellent stability, low irritation","Apply for 10-15 minutes, 1-3x per week, then rinse or wipe off",Both,Daily,N/A,Yes,Minimal restrictions,"All skin types, Sensitive","Vitamin E, Ferulic Acid",Strong acids same time,1,5.5-7.0,Yes,No,Mid-Range ($$)
Birch Sap Extract,Hydrating Botanical (K-beauty),Face Mask,Lightweight mineral-rich hydrating sap,Refreshes and lightly hydrates,"Apply for 10-15 minutes, 1-3x per week, then rinse or wipe off",Both,Daily,N/A,Yes,Minimal restrictions,"All skin types, Oily","Hyaluronic Acid, Niacinamide",None significant,0,5.0-6.0,Yes,No,Premium ($$$)
Sea Fennel Extract,Antioxidant/Detox Botanical,Serum,Mineral-rich coastal plant antioxidant,Detoxifies and revitalizes dull skin,"1-2 drops, pressed into skin before heavier products",Both,Daily,N/A,Yes,Minimal restrictions,"All skin types, Dull skin","Niacinamide, Vitamin C",None significant,0,5.0-6.0,Consult doctor,No,Budget ($)
Kalahari Melon (Watermelon Seed) Oil,Facial Oil (Botanical),Face Mask,Lightweight linoleic-acid rich oil,Hydrates oily/combination skin without clogging,"Apply for 10-15 minutes, 1-3x per week, then rinse or wipe off",Both,Daily,N/A,Yes,Minimal restrictions,"Oily, Combination","Niacinamide, Squalane",None significant,1,N/A,Yes,No,Mid-Range ($$)
Triphala Extract,Antioxidant/Purifying Botanical (Ayurvedic),Face Mask,Traditional three-fruit antioxidant blend,"Detoxifies, brightens, supports clarity","Apply for 10-15 minutes, 1-3x per week, then rinse or wipe off",Both,Daily,N/A,Yes,Minimal restrictions,"All skin types, Dull skin","Niacinamide, Vitamin C",None significant,0,5.0-6.0,Consult doctor,No,Mid-Range ($$)
Ethyl Ascorbic Acid,Vitamin C Derivative (Stable),Face Mask,Water- and oil-soluble stable Vitamin C derivative,Brightening with reduced irritation risk,"Apply for 10-15 minutes, 1-3x per week, then rinse or wipe off",Both,Daily,N/A,Yes,Minimal restrictions,"All skin types, Sensitive","Niacinamide, Ferulic Acid",Strong acids same time,0,5.0-6.5,Yes,No,Budget ($)
Ferulic Acid,Antioxidant Booster,Moisturizer/Cream,Stabilizes and boosts Vitamin C/E efficacy,"Enhanced antioxidant protection, anti-aging","Nickel-sized amount, applied as final hydrating step",Morning,Daily,1%,Yes,Rarely irritating alone,All skin types,"Vitamin C, Vitamin E",None significant,0,3.0-4.0,Yes,No,Mid-Range ($$)
Snail Secretion Filtrate (Alternate grade),Regenerative/Humectant,Cleanser,Glycoprotein-rich filtrate supporting repair and hydration,"Hydrates, soothes, supports barrier recovery","Massage onto damp skin for 30-60 seconds, rinse",Both,Daily,N/A,Yes,Patch test for sensitivity,"Dry, Sensitive, Acne-prone","Niacinamide, Hyaluronic Acid",None significant,1,5.0-6.5,Consult doctor,Yes,Premium ($$$)
DMAE,Firming Agent,Serum,Supports muscle tone appearance of skin,Temporary firming and tightening effect,"1-2 drops, pressed into skin before heavier products",Both,Daily,N/A,Yes,Can cause temporary tingling/redness,"Mature, Normal","Peptides, Hyaluronic Acid",Strong acids at same time,0,7.0-8.0,Consult doctor,Yes,Premium ($$$)
Horse Chestnut Extract,Circulation-support Botanical,Moisturizer/Cream,"Supports microcirculation, reduces puffiness","De-puffs, strengthens capillary appearance","Nickel-sized amount, applied as final hydrating step",Morning,Daily,N/A,Yes,Minimal restrictions,"Under-eye area, Mature","Caffeine, Vitamin C",None significant,0,5.0-6.0,Consult doctor,No,Premium ($$$)
Galactomyces Ferment Filtrate,Fermented/Biotech Ingredient,Cleanser,Sake-fermentation byproduct rich in B vitamins,"Brightens, refines pores, softens texture","Massage onto damp skin for 30-60 seconds, rinse",Both,Daily,N/A,Yes,Minimal restrictions,"All skin types, Dull skin, Combination","Niacinamide, Vitamin C",None significant,0,5.0-6.5,Yes,No,Mid-Range ($$)
Ectoin,Barrier/Stress Protection,Facial Oil,Extremolyte that protects cells from environmental stress,"Protects against pollution and UV stress, hydrates","2-3 drops, pressed on as the last step to seal in moisture",Both,Daily,N/A,Yes,Minimal restrictions,"Sensitive, All skin types","Ceramides, Hyaluronic Acid",None significant,0,5.0-7.0,Yes,No,Mid-Range ($$)
Bisabolol,Soothing Agent (Chamomile-derived),Toner/Essence,"Anti-inflammatory, calming",Reduces redness and sensitivity,"Pat into skin after cleansing, before serum",Both,Daily,N/A,Yes,Minimal restrictions,"Sensitive, All skin types","Centella Asiatica, Panthenol",None significant,0,N/A,Yes,No,Budget ($)
Marula Oil,Facial Oil (Botanical),Toner/Essence,Antioxidant-rich lightweight oil,Hydrates and softens without greasiness,"Pat into skin after cleansing, before serum",Both,Daily,N/A,Yes,Minimal restrictions,"Dry, Normal, Combination","Squalane, Hyaluronic Acid",None significant,1,N/A,Yes,No,Mid-Range ($$)
Matcha Green Tea Extract,Antioxidant Botanical,Face Mask,Concentrated polyphenol antioxidant,Calms and protects against environmental stress,"Apply for 10-15 minutes, 1-3x per week, then rinse or wipe off",Both,Daily,N/A,Yes,Minimal restrictions,"Sensitive, Oily, All skin types","Niacinamide, Centella Asiatica",None significant,0,5.0-6.0,Yes,No,Mid-Range ($$)
Lactobionic Acid,PHA,Moisturizer/Cream,Gentle exfoliating and antioxidant humectant,Hydrates while smoothing texture,"Nickel-sized amount, applied as final hydrating step",Both,"Daily, well tolerated",8%,Yes,Minimal restrictions,"Sensitive, Dry, Mature","Hyaluronic Acid, Ceramides",Strong acids layered heavily,1,3.5-4.5,Consult doctor,No,Mid-Range ($$)
Alpine Rose Extract,Antioxidant/Adaptogen Botanical (Alpine),Serum,High-altitude plant extract supporting cellular resilience,Protects and revitalizes stressed skin,"1-2 drops, pressed into skin before heavier products",Both,Daily,N/A,Yes,Minimal restrictions,"All skin types, Mature","Niacinamide, Vitamin C",None significant,0,5.0-6.0,Consult doctor,No,Budget ($)
Pineapple Extract,Enzyme/Antioxidant Botanical,Moisturizer/Cream,"Bromelain-containing fruit extract, mild exfoliant",Brightens and softens texture gently,"Nickel-sized amount, applied as final hydrating step",Night,1x daily at night,N/A,Yes,Avoid on broken skin; mild allergy risk,"Sensitive, Normal, Dull skin","Vitamin C, Papain",Strong acids/retinoids same time,1,4.0-6.0,Consult doctor,Yes,Mid-Range ($$)
Betaine,Humectant (Amino Acid-derived),Cleanser,Osmolyte that supports hydration balance,Hydrates while calming irritation,"Massage onto damp skin for 30-60 seconds, rinse",Both,Daily,N/A,Yes,Minimal restrictions,"Sensitive, Dry, All skin types","Panthenol, Hyaluronic Acid",None significant,0,N/A,Yes,No,Premium ($$$)
Alpha Lipoic Acid,Antioxidant,Facial Oil,Both water and fat-soluble antioxidant,"Reduces fine lines, brightens skin","2-3 drops, pressed on as the last step to seal in moisture",Night,1x daily at night,10%,Yes,Can cause redness in sensitive users,"Normal, Mature","Vitamin C, Vitamin E",Strong acids same time,0,5.5-6.5,Consult doctor,Yes,Mid-Range ($$)
Idebenone,Antioxidant (Synthetic CoQ10 analog),Facial Oil,Potent free-radical scavenger,"Reduces visible signs of aging, protects skin","2-3 drops, pressed on as the last step to seal in moisture",Both,Daily,N/A,Yes,Minimal restrictions,"Mature, Normal","Vitamin C, Peptides",None significant,0,5.0-6.5,Consult doctor,No,Mid-Range ($$)
Rice Bran Oil,Facial Oil (Botanical),Moisturizer/Cream,Gamma-oryzanol rich antioxidant oil,Brightens and softens texture,"Nickel-sized amount, applied as final hydrating step",Both,Daily,N/A,Yes,Minimal restrictions,"All skin types, Dull skin","Vitamin C, Niacinamide",None significant,1,N/A,Yes,No,Premium ($$$)
Safflower Oil,Facial Oil (Botanical),Cleanser,High-linoleic lightweight oil,Balances oily/acne-prone skin while hydrating,"Massage onto damp skin for 30-60 seconds, rinse",Both,Daily,N/A,Yes,Minimal restrictions,"Oily, Acne-prone, Combination","Niacinamide, Squalane",None significant,1,N/A,Yes,No,Premium ($$$)
Manjistha Extract,Brightening/Purifying Botanical (Ayurvedic),Toner/Essence,"Traditional blood-purifying, brightening extract","Evens tone, calms inflammatory skin concerns","Pat into skin after cleansing, before serum",Both,Daily,N/A,Yes,Minimal restrictions,"Acne-prone, Hyperpigmentation-prone","Niacinamide, Licorice Extract",None significant,0,5.0-6.0,Consult doctor,No,Budget ($)
Palmitoyl Tripeptide-1,Peptide (Collagen-signaling),Face Mask,Signals fibroblasts to boost collagen I production,"Reduces wrinkle depth, firms skin","Apply for 10-15 minutes, 1-3x per week, then rinse or wipe off",Night,1x daily at night,N/A,Yes,Minimal restrictions,"Mature, Normal","Hyaluronic Acid, Niacinamide",Strong acids same time,0,5.0-7.0,Consult doctor,No,Budget ($)
Malic Acid,AHA (Alpha Hydroxy Acid),Moisturizer/Cream,Apple-derived gentle exfoliant,"Smooths texture, brightens dull skin","Nickel-sized amount, applied as final hydrating step",Night,2-3x per week,8%,Yes,Avoid on broken/sunburned skin,"Sensitive, Normal","Niacinamide, Hyaluronic Acid","Retinoids, other acids together",1,3.0-4.0,Consult doctor,Yes,Premium ($$$)
Cordyceps Extract,Adaptogen/Antioxidant (Mushroom),Serum,Adaptogenic extract supporting cellular vitality,Revitalizes dull or fatigued-looking skin,"1-2 drops, pressed into skin before heavier products",Both,Daily,N/A,Yes,Minimal restrictions,"Dull skin, Mature","Niacinamide, Vitamin C",None significant,0,5.0-6.0,Consult doctor,No,Mid-Range ($$)
Murumuru Butter,Emollient (Butter),Moisturizer/Cream,Rich Amazonian plant butter,Deeply conditions very dry skin,"Nickel-sized amount, applied as final hydrating step",Both,Daily,N/A,Yes,Can feel heavy on oily skin,"Dry, Very Dry","Shea Butter, Squalane",None significant,3,N/A,Yes,No,Budget ($)
Sea Fennel Extract,Antioxidant/Detox Botanical,Face Mask,Mineral-rich coastal plant antioxidant,Detoxifies and revitalizes dull skin,"Apply for 10-15 minutes, 1-3x per week, then rinse or wipe off",Both,Daily,N/A,Yes,Minimal restrictions,"All skin types, Dull skin","Niacinamide, Vitamin C",None significant,0,5.0-6.0,Consult doctor,No,Premium ($$$)
Saffron Extract,Brightening Botanical (Ayurvedic),Moisturizer/Cream,Traditional radiance-boosting extract,"Brightens complexion, evens tone","Nickel-sized amount, applied as final hydrating step",Both,Daily,N/A,Yes,Minimal restrictions,"Dull skin, All skin types","Niacinamide, Vitamin C",None significant,0,5.0-6.0,Consult doctor,No,Mid-Range ($$)
Mulberry Extract,Brightening Botanical,Spot Treatment,Natural tyrosinase-inhibiting brightener,"Evens tone, reduces dark spots",Dab a small amount directly onto targeted area,Both,Daily,N/A,Yes,Minimal restrictions,Hyperpigmentation-prone,"Niacinamide, Licorice Extract",None significant,0,5.0-6.0,Yes,No,Budget ($)
Mugwort Extract,Soothing Botanical (K-beauty),Serum,Anti-inflammatory botanical popular in Korean skincare,Calms redness and sensitivity,"1-2 drops, pressed into skin before heavier products",Both,Daily,N/A,Yes,Minimal restrictions,"Sensitive, Rosacea-prone","Centella Asiatica, Panthenol",None significant,0,5.0-6.0,Consult doctor,No,Premium ($$$)
Betaine,Humectant (Amino Acid-derived),Moisturizer/Cream,Osmolyte that supports hydration balance,Hydrates while calming irritation,"Nickel-sized amount, applied as final hydrating step",Both,Daily,N/A,Yes,Minimal restrictions,"Sensitive, Dry, All skin types","Panthenol, Hyaluronic Acid",None significant,0,N/A,Yes,No,Premium ($$$)
Rice Bran Extract,Antioxidant/Brightening Botanical,Face Mask,Rich in ferulic acid and vitamin E,"Brightens tone, softens texture","Apply for 10-15 minutes, 1-3x per week, then rinse or wipe off",Both,Daily,N/A,Yes,Minimal restrictions,"All skin types, Dull skin","Vitamin C, Niacinamide",None significant,0,5.0-6.5,Yes,No,Budget ($)
Dragon's Blood Sap Extract,Brightening/Soothing Botanical,Face Mask,"Plant resin extract with antioxidant, healing properties","Calms redness, supports even tone","Apply for 10-15 minutes, 1-3x per week, then rinse or wipe off",Both,Daily,N/A,Yes,Minimal restrictions,"Sensitive, Hyperpigmentation-prone","Centella Asiatica, Niacinamide",None significant,0,5.0-6.0,Consult doctor,No,Premium ($$$)
Copper Tripeptide-1,Peptide (Copper-bound),Moisturizer/Cream,Supports collagen remodeling and wound healing,"Firms, repairs, improves elasticity","Nickel-sized amount, applied as final hydrating step",Night,1x daily at night,N/A,Yes,Avoid direct mixing with Vitamin C,"Mature, Normal","Hyaluronic Acid, Ceramides",Vitamin C at same time,0,5.0-7.0,Consult doctor,No,Mid-Range ($$)
Sage Extract,Astringent/Antioxidant Botanical,Spot Treatment,Mild astringent with antioxidant properties,"Balances oil, soothes minor irritation",Dab a small amount directly onto targeted area,Both,Daily,N/A,Yes,Patch test for essential-oil sensitivity,"Oily, Combination","Witch Hazel, Green Tea Extract",None significant,0,5.0-6.0,Consult doctor,Yes,Mid-Range ($$)
Retinyl Palmitate,Retinoid (Mild Ester),Facial Oil,"Gentlest retinoid ester, slow conversion to retinoic acid",Mild anti-aging for retinoid-sensitive beginners,"2-3 drops, pressed on as the last step to seal in moisture",Night,1x daily at night,N/A,Yes,Avoid in pregnancy per general retinoid caution,"Sensitive, Beginner retinoid users","Niacinamide, Ceramides",AHA/BHA at same time,1,5.5-6.5,No,No,Mid-Range ($$)
Diosmin,Circulation-support/Antioxidant,Spot Treatment,Citrus-derived flavonoid supporting microcirculation,"Reduces redness, supports skin resilience",Dab a small amount directly onto targeted area,Both,Daily,N/A,Yes,Minimal restrictions,"Rosacea-prone, Sensitive","Niacinamide, Centella Asiatica",None significant,0,5.0-6.0,Consult doctor,No,Mid-Range ($$)
Willow Bark Extract,Natural BHA Alternative,Moisturizer/Cream,"Contains salicin, gentle exfoliating botanical","Mild exfoliation, evens texture","Nickel-sized amount, applied as final hydrating step",Night,1x daily at night,N/A,Yes,Gentler than salicylic acid but still exfoliating,"Sensitive, Combination","Niacinamide, Panthenol",Other strong acids,1,4.0-5.0,Consult doctor,No,Premium ($$$)
Lavender Extract,Calming Botanical (Fragrance),Face Mask,Calming scent with mild anti-inflammatory effect,"Soothes, supports relaxing sensory experience","Apply for 10-15 minutes, 1-3x per week, then rinse or wipe off",Night,1x daily at night,N/A,Yes,Fragrance allergy risk; patch test,"Sensitive, Normal","Chamomile, Bisabolol",None significant,0,5.0-6.0,Consult doctor,Yes,Budget ($)
Bhringraj Oil,Facial Oil (Ayurvedic Botanical),Moisturizer/Cream,Traditional anti-aging and soothing oil,"Nourishes, calms, supports elasticity","Nickel-sized amount, applied as final hydrating step",Night,1x daily at night,N/A,Yes,Patch test for sensitivity,"Dry, Mature, Sensitive","Squalane, Centella Asiatica",None significant,2,N/A,Consult doctor,Yes,Mid-Range ($$)
Fermented Barley Extract,Fermented Botanical (K-beauty),Serum,Fermentation-derived brightening and conditioning extract,"Brightens, softens texture","1-2 drops, pressed into skin before heavier products",Both,Daily,N/A,Yes,Minimal restrictions,"All skin types, Dull skin","Niacinamide, Rice Water Extract",None significant,0,5.0-6.0,Yes,No,Mid-Range ($$)
Kukui Nut Oil,Facial Oil (Botanical),Cleanser,"Lightweight Hawaiian nut oil, fatty-acid rich",Softens and protects without greasiness,"Massage onto damp skin for 30-60 seconds, rinse",Both,Daily,N/A,Yes,Tree-nut allergy caution,"Dry, Normal, Combination","Squalane, Vitamin E",None significant,1,N/A,Consult doctor,Yes,Mid-Range ($$)
Bearberry Extract,Brightening Botanical (Arbutin source),Face Mask,"Natural source of arbutin, tyrosinase inhibitor",Fades dark spots and evens tone,"Apply for 10-15 minutes, 1-3x per week, then rinse or wipe off",Both,Daily,N/A,Yes,Minimal restrictions,Hyperpigmentation-prone,"Niacinamide, Alpha Arbutin",None significant,0,4.5-6.0,Consult doctor,No,Mid-Range ($$)
Lactobacillus Ferment,Probiotic/Fermented Ingredient,Toner/Essence,Fermentation-derived skin-conditioning agent,"Supports microbiome balance, softens skin","Pat into skin after cleansing, before serum",Both,Daily,N/A,Yes,Minimal restrictions,"Sensitive, All skin types","Postbiotics, Ceramides",None significant,0,5.0-6.0,Yes,No,Premium ($$$)
Prebiotics (Inulin/Alpha-glucan),Microbiome Support,Serum,Feeds beneficial skin bacteria,Supports microbiome balance and barrier,"1-2 drops, pressed into skin before heavier products",Both,Daily,N/A,Yes,Minimal restrictions,"All skin types, Sensitive","Postbiotics, Ceramides",None significant,0,5.0-6.5,Yes,No,Budget ($)
Sunflower Seed Oil,Facial Oil (Botanical),Facial Oil,Linoleic-acid rich lightweight oil,Supports barrier without heaviness,"2-3 drops, pressed on as the last step to seal in moisture",Both,Daily,N/A,Yes,Minimal restrictions,"Normal, Combination, Acne-prone","Niacinamide, Squalane",None significant,1,N/A,Yes,No,Premium ($$$)
Yarrow Extract,Soothing/Astringent Botanical,Cleanser,"Anti-inflammatory extract, mild pore-tightening effect","Calms redness, balances oily skin","Massage onto damp skin for 30-60 seconds, rinse",Both,Daily,N/A,Yes,Fragrance-family sensitivity possible; patch test,"Sensitive, Oily, Rosacea-prone","Chamomile, Witch Hazel",None significant,0,5.0-6.0,Consult doctor,Yes,Mid-Range ($$)
Fuller's Earth (Multani Mitti),Purifying Mineral Clay,Serum,Traditional absorbent mineral clay,"Deep cleanses, controls oil, brightens","1-2 drops, pressed into skin before heavier products",Night,1x daily at night,N/A,Yes,Can be drying for dry skin,"Oily, Combination","Turmeric Extract, Rose Water",Overuse with other drying actives,0,N/A,Yes,No,Premium ($$$)
Alpha Arbutin,Brightening Agent,Cleanser,Gentle tyrosinase inhibitor,"Evens tone, fades hyperpigmentation","Massage onto damp skin for 30-60 seconds, rinse",Both,Daily,5%,Yes,Generally well tolerated,"Hyperpigmentation-prone, Sensitive","Niacinamide, Vitamin C",None significant,0,4.0-6.0,Consult doctor,No,Mid-Range ($$)
Pomegranate Enzyme Extract,Enzyme/Antioxidant Botanical,Facial Oil,Fruit-enzyme exfoliant with antioxidant properties,"Brightens, gently resurfaces","2-3 drops, pressed on as the last step to seal in moisture",Night,1x daily at night,N/A,Yes,Avoid on broken skin,"Sensitive, Normal, Dull skin","Vitamin C, Niacinamide",Strong acids/retinoids same time,1,4.0-6.0,Consult doctor,No,Budget ($)
Dipeptide Diaminobutyroyl Benzylamide Diacetate (Syn-Ake),Peptide (Snake-venom mimicking),Serum,Mimics muscle-relaxing effect for expression lines,Softens fine lines from repeated expressions,"1-2 drops, pressed into skin before heavier products",Night,1x daily at night,N/A,Yes,Minimal restrictions,"Mature, Normal",Peptide complexes,None significant,0,5.0-7.0,Consult doctor,No,Budget ($)
Retinaldehyde,Retinoid,Serum,Converts to retinoic acid faster than retinol,"Anti-aging, acne control, texture refinement","1-2 drops, pressed into skin before heavier products",Night,"2-3x per week, building up to nightly",0.3%,Yes,Avoid in pregnancy; avoid mixing with strong acids,"Normal, Oily, Mature","Peptides, Niacinamide","AHA/BHA, Vitamin C",2,5.5-6.0,No,Yes,Mid-Range ($$)
Tinosorb S,UV Filter (Broad-spectrum Chemical),Facial Oil,Photostable UVA/UVB broad-spectrum filter,Comprehensive sun protection with high stability,"2-3 drops, pressed on as the last step to seal in moisture",Morning,Daily,N/A,N/A (is the sunscreen),Reapply every 2 hours in sun exposure,"All skin types, Sensitive",Antioxidants under sunscreen,None significant,1,N/A,Yes,No,Mid-Range ($$)
Growth Factor Serum (Plant-derived),Regenerative/Biotech,Toner/Essence,Signals skin repair and renewal pathways,"Anti-aging, supports skin regeneration","Pat into skin after cleansing, before serum",Night,1x daily at night,5%,Yes,Emerging ingredient; limited long-term safety data,"Mature, Normal","Peptides, Hyaluronic Acid",Strong acids same time,0,5.0-7.0,Consult doctor,Yes,Budget ($)
Papaya Enzyme (Papain),Enzyme Exfoliant,Toner/Essence,Breaks down dead skin cell proteins gently,"Brightens, smooths without physical scrubbing","Pat into skin after cleansing, before serum",Night,1x daily at night,N/A,Yes,Avoid on broken skin,"Sensitive, Normal, Dull skin","Vitamin C, Hyaluronic Acid",Strong acids/retinoids same time,1,4.0-6.0,Consult doctor,No,Premium ($$$)
Bearberry Extract,Brightening Botanical (Arbutin source),Cleanser,"Natural source of arbutin, tyrosinase inhibitor",Fades dark spots and evens tone,"Massage onto damp skin for 30-60 seconds, rinse",Both,Daily,N/A,Yes,Minimal restrictions,Hyperpigmentation-prone,"Niacinamide, Alpha Arbutin",None significant,0,4.5-6.0,Consult doctor,No,Budget ($)
Caviar Extract,Luxury Firming Ingredient (Marine-derived),Spot Treatment,Nutrient-rich marine extract marketed for firming,Improves the look of firmness and radiance,Dab a small amount directly onto targeted area,Both,Daily,N/A,Yes,Patch test for fish-derived allergy,"Mature, Normal","Peptides, Marine Collagen",None significant,0,5.0-7.0,Consult doctor,Yes,Budget ($)
Ascorbyl Palmitate,Vitamin C Derivative (Fat-soluble),Toner/Essence,"Fat-soluble, stable Vitamin C ester",Gentle brightening and antioxidant protection,"Pat into skin after cleansing, before serum",Both,Daily,N/A,Yes,Minimal restrictions,"Dry, Normal","Vitamin E, Ferulic Acid",Strong acids same time,2,5.5-7.0,Yes,No,Budget ($)
Ceramides,Barrier Lipid,Cleanser,Restores and reinforces skin barrier lipids,"Locks in moisture, reduces sensitivity","Massage onto damp skin for 30-60 seconds, rinse",Both,Daily,N/A,Yes,Minimal restrictions,"Dry, Sensitive, Mature, All","Hyaluronic Acid, Cholesterol, Fatty Acids",None significant,1,N/A,Yes,No,Mid-Range ($$)
Mineral Sunscreen Filters (Zinc Oxide),UV Filter,Serum,Physical barrier reflecting UV rays,Broad-spectrum sun protection,"1-2 drops, pressed into skin before heavier products",Morning,Daily,N/A,N/A (is the sunscreen),Reapply every 2 hours in sun exposure,"All skin types, Sensitive",Antioxidants under sunscreen,None significant,0,N/A,Yes,No,Mid-Range ($$)
Oleic Acid,Fatty Acid (Emollient),Face Mask,"Omega-9 fatty acid, rich emollient",Deeply softens very dry skin,"Apply for 10-15 minutes, 1-3x per week, then rinse or wipe off",Night,1x daily at night,N/A,Yes,Can be heavy/comedogenic for oily skin,"Dry, Very Dry, Mature","Shea Butter, Squalane",None significant,3,N/A,Yes,No,Budget ($)
Willow Bark Extract,Natural BHA Alternative,Cleanser,"Contains salicin, gentle exfoliating botanical","Mild exfoliation, evens texture","Massage onto damp skin for 30-60 seconds, rinse",Night,1x daily at night,N/A,Yes,Gentler than salicylic acid but still exfoliating,"Sensitive, Combination","Niacinamide, Panthenol",Other strong acids,1,4.0-5.0,Consult doctor,No,Budget ($)
Cranberry Seed Oil,Facial Oil (Botanical),Cleanser,Balanced omega-3/6 fatty acid oil,"Nourishes without heaviness, antioxidant-rich","Massage onto damp skin for 30-60 seconds, rinse",Both,Daily,N/A,Yes,Minimal restrictions,"Normal, Combination, Dry","Squalane, Vitamin E",None significant,1,N/A,Yes,No,Premium ($$$)
Lavender Extract,Calming Botanical (Fragrance),Cleanser,Calming scent with mild anti-inflammatory effect,"Soothes, supports relaxing sensory experience","Massage onto damp skin for 30-60 seconds, rinse",Night,1x daily at night,N/A,Yes,Fragrance allergy risk; patch test,"Sensitive, Normal","Chamomile, Bisabolol",None significant,0,5.0-6.0,Consult doctor,Yes,Mid-Range ($$)
Allantoin,Soothing Agent,Face Mask,"Calms and softens skin, promotes healing","Reduces irritation, supports barrier repair","Apply for 10-15 minutes, 1-3x per week, then rinse or wipe off",Both,Daily,N/A,Yes,Very low irritation risk,"Sensitive, Dry, All skin types","Panthenol, Ceramides",None significant,0,N/A,Yes,No,Budget ($)
SNAP-8,Peptide (Neurotransmitter-inhibiting),Cleanser,Extended-action muscle-contraction relaxing peptide,"Softens expression lines, especially forehead","Massage onto damp skin for 30-60 seconds, rinse",Night,1x daily at night,N/A,Yes,Minimal restrictions,"Mature, Normal","Acetyl Hexapeptide-8, Hyaluronic Acid",None significant,0,5.0-7.0,Consult doctor,No,Premium ($$$)
Lauryl Glucoside,Mild Cleansing Surfactant,Spot Treatment,Plant-derived gentle foaming cleanser base,Cleanses effectively without stripping,Dab a small amount directly onto targeted area,Both,Daily,N/A,Yes,Minimal restrictions,All skin types,"Coco-Glucoside, Ceramides",None significant,0,5.0-6.5,Yes,No,Mid-Range ($$)
Red Algae Extract,Marine Antioxidant/Hydrator,Cleanser,Mineral and polysaccharide-rich marine extract,"Hydrates, firms, protects from environmental stress","Massage onto damp skin for 30-60 seconds, rinse",Both,Daily,N/A,Yes,Minimal restrictions,"Dry, Normal, Dull skin","Hyaluronic Acid, Niacinamide",None significant,0,5.0-6.5,Yes,No,Budget ($)
Birch Sap Extract,Hydrating Botanical (K-beauty),Facial Oil,Lightweight mineral-rich hydrating sap,Refreshes and lightly hydrates,"2-3 drops, pressed on as the last step to seal in moisture",Both,Daily,N/A,Yes,Minimal restrictions,"All skin types, Oily","Hyaluronic Acid, Niacinamide",None significant,0,5.0-6.0,Yes,No,Premium ($$$)
Boron Nitride,Mattifying/Texture Agent,Spot Treatment,Silky mineral powder for soft-focus finish,"Blurs pores, controls shine",Dab a small amount directly onto targeted area,Morning,Daily,N/A,Yes,Minimal restrictions,"Oily, Combination","Silica, Niacinamide",None significant,0,N/A,Yes,No,Mid-Range ($$)
Caffeine,Antioxidant/De-puffing,Serum,"Vasoconstrictor, antioxidant properties","Reduces puffiness, brightens under-eyes","1-2 drops, pressed into skin before heavier products",Morning,Daily,N/A,Yes,Minimal restrictions,"All skin types, Under-eye area","Vitamin C, Niacinamide",None significant,0,5.0-7.0,Consult doctor,No,Premium ($$$)
Frankincense Extract,Anti-aging Botanical (Fragrance),Cleanser,"Traditional resin extract, mild astringent",Supports firmness and even tone,"Massage onto damp skin for 30-60 seconds, rinse",Night,1x daily at night,N/A,Yes,Fragrance allergy risk; patch test,"Mature, Normal","Peptides, Vitamin C",None significant,1,5.0-6.0,Consult doctor,Yes,Budget ($)
Rose Water,Hydrating/Soothing Botanical,Serum,"Mild floral hydrosol, gently toning","Refreshes, soothes, lightly hydrates","1-2 drops, pressed into skin before heavier products",Both,Daily,N/A,Yes,Fragrance allergy risk for very sensitive skin,"All skin types, Sensitive","Aloe Vera, Glycerin",None significant,0,5.0-5.8,Yes,No,Premium ($$$)
Lotus Extract,Hydrating/Soothing Botanical,Toner/Essence,"Traditional calming, hydrating flower extract",Soothes and lightly hydrates,"Pat into skin after cleansing, before serum",Both,Daily,N/A,Yes,Minimal restrictions,"Sensitive, All skin types","Aloe Vera, Panthenol",None significant,0,5.0-6.0,Yes,No,Budget ($)
Avocado Oil,Facial Oil (Botanical),Toner/Essence,Fatty-acid and vitamin-rich emollient oil,Deeply nourishes very dry or mature skin,"Pat into skin after cleansing, before serum",Night,1x daily at night,N/A,Yes,Comedogenic for acne-prone users,"Dry, Mature, Very Dry","Squalane, Vitamin E",None significant,3,N/A,Yes,No,Premium ($$$)
Sage Extract,Astringent/Antioxidant Botanical,Serum,Mild astringent with antioxidant properties,"Balances oil, soothes minor irritation","1-2 drops, pressed into skin before heavier products",Both,Daily,N/A,Yes,Patch test for essential-oil sensitivity,"Oily, Combination","Witch Hazel, Green Tea Extract",None significant,0,5.0-6.0,Consult doctor,Yes,Budget ($)
Red Clover Extract,Phytoestrogen Botanical,Toner/Essence,Plant-derived isoflavone extract supporting elasticity,Supports firmness in mature skin,"Pat into skin after cleansing, before serum",Both,Daily,N/A,Yes,Minimal restrictions,"Mature, Normal","Peptides, Niacinamide",None significant,0,5.0-6.0,Consult doctor,No,Budget ($)
Pomegranate Extract,Antioxidant Botanical,Moisturizer/Cream,Polyphenol-rich antioxidant,"Protects against free radicals, brightens","Nickel-sized amount, applied as final hydrating step",Both,Daily,N/A,Yes,Minimal restrictions,"All skin types, Dull skin","Vitamin C, Niacinamide",None significant,0,5.0-6.0,Yes,No,Budget ($)
Niacinamide,Vitamin/Barrier Support,Toner/Essence,"Strengthens skin barrier, regulates oil, evens tone","Reduces redness, minimizes pore appearance, improves texture","Pat into skin after cleansing, before serum",Both,Daily,N/A,Yes,Rarely irritating; avoid layering with pure Vitamin C at low pH if it causes flushing,All skin types,"Hyaluronic Acid, Peptides, Ceramides",High-dose Vitamin C (L-ascorbic acid) at same time,0,5.0-7.0,Yes,No,Budget ($)
Retinyl Acetate,Retinoid (Mild Ester),Facial Oil,"Stable retinoid ester, gradual conversion",Gentle texture and tone improvement,"2-3 drops, pressed on as the last step to seal in moisture",Night,1x daily at night,N/A,Yes,Avoid in pregnancy,"Sensitive, Normal","Niacinamide, Peptides",AHA/BHA at same time,1,5.5-6.5,No,No,Premium ($$$)
Tinosorb M,UV Filter (Hybrid Organic/Mineral),Toner/Essence,Hybrid particle UVA/UVB filter,Broad-spectrum protection with good tolerability,"Pat into skin after cleansing, before serum",Morning,Daily,N/A,N/A (is the sunscreen),Reapply every 2 hours in sun exposure,"Sensitive, All skin types",Antioxidants under sunscreen,None significant,1,N/A,Yes,No,Mid-Range ($$)
Octocrylene,UV Filter (Chemical),Spot Treatment,"Absorbs UVB, stabilizes other filters","Sun protection, boosts SPF stability",Dab a small amount directly onto targeted area,Morning,Daily,N/A,N/A (is the sunscreen),Reapply every 2 hours in sun exposure,"Normal, Oily, Combination",Antioxidants under sunscreen,None significant,2,N/A,Consult doctor,No,Budget ($)
Centella Asiatica (Cica),Soothing/Botanical,Moisturizer/Cream,"Anti-inflammatory, wound-healing botanical","Calms redness, supports barrier recovery","Nickel-sized amount, applied as final hydrating step",Both,Daily,N/A,Yes,Minimal restrictions,"Sensitive, Acne-prone, Rosacea","Panthenol, Niacinamide",None significant,0,5.0-6.0,Yes,No,Budget ($)
Rutin,Antioxidant (Flavonoid),Toner/Essence,"Plant flavonoid antioxidant, vascular-supportive","Protects against oxidative stress, calms redness","Pat into skin after cleansing, before serum",Both,Daily,N/A,Yes,Minimal restrictions,"Sensitive, Rosacea-prone","Vitamin C, Niacinamide",None significant,0,5.0-6.0,Yes,No,Mid-Range ($$)
Jojoba Esters (Jojoba Beads),Physical Exfoliant (Biodegradable),Moisturizer/Cream,"Round, gentle biodegradable exfoliating beads",Buffs away dead skin without micro-tears,"Nickel-sized amount, applied as final hydrating step",Night,1x daily at night,N/A,Yes,Minimal restrictions,"All skin types, Sensitive","Niacinamide, Squalane",None significant,1,N/A,Yes,No,Mid-Range ($$)
Rose Water,Hydrating/Soothing Botanical,Cleanser,"Mild floral hydrosol, gently toning","Refreshes, soothes, lightly hydrates","Massage onto damp skin for 30-60 seconds, rinse",Both,Daily,N/A,Yes,Fragrance allergy risk for very sensitive skin,"All skin types, Sensitive","Aloe Vera, Glycerin",None significant,0,5.0-5.8,Yes,No,Premium ($$$)
Vitamin C (L-Ascorbic Acid),Antioxidant,Toner/Essence,"Neutralizes free radicals, inhibits melanin production","Brightens, evens tone, boosts collagen","Pat into skin after cleansing, before serum",Morning,Daily,1%,Yes,"Avoid with niacinamide flushing sensitivity, unstable at high pH/light exposure","Normal, Oily, Combination","Vitamin E, Ferulic Acid, SPF","Retinoids, AHA/BHA at same time",0,3.0-3.5,Yes,No,Mid-Range ($$)
Horsetail Extract (Silica-rich),Firming/Astringent Botanical,Moisturizer/Cream,Natural silica-rich extract supporting skin structure,Firms and tightens the look of skin,"Nickel-sized amount, applied as final hydrating step",Both,Daily,N/A,Yes,Minimal restrictions,"Normal, Mature, Combination","Niacinamide, Peptides",None significant,0,5.0-6.0,Consult doctor,No,Mid-Range ($$)
Oleic Acid,Fatty Acid (Emollient),Moisturizer/Cream,"Omega-9 fatty acid, rich emollient",Deeply softens very dry skin,"Nickel-sized amount, applied as final hydrating step",Night,1x daily at night,N/A,Yes,Can be heavy/comedogenic for oily skin,"Dry, Very Dry, Mature","Shea Butter, Squalane",None significant,3,N/A,Yes,No,Mid-Range ($$)
Iron Oxides,UV Filter Booster/Tint (Mineral),Toner/Essence,"Blocks visible light, adds cosmetic tint",Protects against visible-light-induced pigmentation,"Pat into skin after cleansing, before serum",Morning,Daily,N/A,N/A (is the sunscreen),Reapply every 2 hours in sun exposure,"Hyperpigmentation-prone, Melasma-prone","Zinc Oxide, Titanium Dioxide",None significant,0,N/A,Yes,No,Premium ($$$)
Allantoin,Soothing Agent,Moisturizer/Cream,"Calms and softens skin, promotes healing","Reduces irritation, supports barrier repair","Nickel-sized amount, applied as final hydrating step",Both,Daily,N/A,Yes,Very low irritation risk,"Sensitive, Dry, All skin types","Panthenol, Ceramides",None significant,0,N/A,Yes,No,Mid-Range ($$)
Phytic Acid,Chelating/Mild Exfoliating Acid,Moisturizer/Cream,Antioxidant with mild brightening and chelating action,"Brightens, softens hyperpigmentation gently","Nickel-sized amount, applied as final hydrating step",Night,1x daily at night,N/A,Yes,Minimal restrictions,"Sensitive, Hyperpigmentation-prone","Niacinamide, Vitamin C",Strong acids together,0,4.0-5.0,Consult doctor,No,Mid-Range ($$)
Jojoba Oil,Facial Oil (Botanical),Facial Oil,Wax ester similar to skin's natural sebum,"Balances oil production, moisturizes","2-3 drops, pressed on as the last step to seal in moisture",Both,Daily,N/A,Yes,Minimal restrictions,"Oily, Combination, All skin types","Squalane, Niacinamide",None significant,2,N/A,Yes,No,Premium ($$$)
Rosemary Leaf Extract,Antioxidant Botanical,Facial Oil,Antioxidant with mild antimicrobial properties,"Protects skin, supports clarity","2-3 drops, pressed on as the last step to seal in moisture",Both,Daily,N/A,Yes,Essential-oil sensitivity possible; patch test,"Oily, Combination, Normal","Green Tea Extract, Niacinamide",None significant,0,5.0-6.0,Consult doctor,Yes,Mid-Range ($$)
Dimethicone,Occlusive/Texture Agent (Silicone),Toner/Essence,"Forms breathable barrier, smooths visual texture","Locks in moisture, blurs fine lines and pores","Pat into skin after cleansing, before serum",Both,Daily,N/A,Yes,Can feel heavy layered under heavy makeup; non-comedogenic for most,"All skin types, Sensitive","Moisturizers, Sunscreen",None significant,0,N/A,Yes,No,Mid-Range ($$)
Dimethicone,Occlusive/Texture Agent (Silicone),Face Mask,"Forms breathable barrier, smooths visual texture","Locks in moisture, blurs fine lines and pores","Apply for 10-15 minutes, 1-3x per week, then rinse or wipe off",Both,Daily,N/A,Yes,Can feel heavy layered under heavy makeup; non-comedogenic for most,"All skin types, Sensitive","Moisturizers, Sunscreen",None significant,0,N/A,Yes,No,Budget ($)
Postbiotics,Microbiome Support/Biotech,Moisturizer/Cream,Byproducts of beneficial bacteria supporting skin flora,"Strengthens barrier, calms sensitivity","Nickel-sized amount, applied as final hydrating step",Both,Daily,N/A,Yes,Emerging ingredient; generally well tolerated,"Sensitive, All skin types","Ceramides, Panthenol",None significant,0,5.0-6.5,Yes,No,Budget ($)
Bakuchiol,Plant-derived Retinol Alternative,Facial Oil,Retinol-like signaling without irritation,"Anti-aging, gentle for sensitive skin","2-3 drops, pressed on as the last step to seal in moisture",Both,Daily,0.5%,Yes,Generally well tolerated; patch test if very sensitive,"All skin types, Sensitive","Vitamin C, Niacinamide, Peptides",None significant,1,5.0-6.5,Yes (consult doctor),No,Premium ($$$)
Black Cumin Seed Oil,Facial Oil (Botanical),Cleanser,Thymoquinone-rich anti-inflammatory oil,Calms breakouts and inflammation,"Massage onto damp skin for 30-60 seconds, rinse",Night,1x daily at night,N/A,Yes,Patch test for sensitivity,"Acne-prone, Sensitive","Niacinamide, Centella Asiatica",None significant,2,N/A,Consult doctor,Yes,Mid-Range ($$)
Sulfur,Acne Treatment,Face Mask,"Antimicrobial, keratolytic","Dries out blemishes, reduces oil","Apply for 10-15 minutes, 1-3x per week, then rinse or wipe off",Night,1x daily at night,N/A,Yes,Strong smell; can be drying,"Oily, Acne-prone",Niacinamide,Strong acids/retinoids together,0,4.0-6.0,Consult doctor,Yes,Premium ($$$)
Evening Primrose Oil,Facial Oil (Botanical),Facial Oil,GLA-rich oil supporting barrier and inflammation,Calms eczema-prone or reactive skin,"2-3 drops, pressed on as the last step to seal in moisture",Night,1x daily at night,N/A,Yes,Minimal restrictions,"Sensitive, Dry, Eczema-prone","Ceramides, Panthenol",None significant,2,N/A,Consult doctor,No,Mid-Range ($$)
Grapeseed Oil,Facial Oil (Botanical),Face Mask,"Light, antioxidant-rich oil","Softens skin, absorbs quickly","Apply for 10-15 minutes, 1-3x per week, then rinse or wipe off",Both,Daily,N/A,Yes,Minimal restrictions,"Oily, Combination, Normal","Vitamin E, Niacinamide",None significant,1,N/A,Yes,No,Budget ($)
Caffeine,Antioxidant/De-puffing,Moisturizer/Cream,"Vasoconstrictor, antioxidant properties","Reduces puffiness, brightens under-eyes","Nickel-sized amount, applied as final hydrating step",Morning,Daily,N/A,Yes,Minimal restrictions,"All skin types, Under-eye area","Vitamin C, Niacinamide",None significant,0,5.0-7.0,Consult doctor,No,Budget ($)
Hyaluronic Acid,Humectant,Serum,Binds up to 1000x its weight in water,"Deep hydration, plumps fine lines","1-2 drops, pressed into skin before heavier products",Both,Daily,1%,Yes,Apply to damp skin; can dehydrate in very dry climates if used alone,"All skin types, Dry","Niacinamide, Ceramides, Peptides",None significant,0,5.0-7.0,Yes,No,Budget ($)
Cysteamine HCl,Brightening Agent (Antioxidant-derived),Spot Treatment,Potent melanin-synthesis inhibitor,Treats stubborn melasma and dark spots,Dab a small amount directly onto targeted area,Night,1x daily at night,N/A,Yes,Distinct odor; avoid mixing with other actives same session,"Hyperpigmentation-prone, Melasma-prone",Niacinamide (alternate use),"Vitamin C, retinoids same session",0,4.0-5.5,Consult doctor,Yes,Premium ($$$)
Manjistha Extract,Brightening/Purifying Botanical (Ayurvedic),Face Mask,"Traditional blood-purifying, brightening extract","Evens tone, calms inflammatory skin concerns","Apply for 10-15 minutes, 1-3x per week, then rinse or wipe off",Both,Daily,N/A,Yes,Minimal restrictions,"Acne-prone, Hyperpigmentation-prone","Niacinamide, Licorice Extract",None significant,0,5.0-6.0,Consult doctor,No,Premium ($$$)
Coconut Water Extract,Hydrating Botanical,Face Mask,Electrolyte-rich lightweight hydrator,Refreshes and lightly hydrates,"Apply for 10-15 minutes, 1-3x per week, then rinse or wipe off",Both,Daily,N/A,Yes,Minimal restrictions,"All skin types, Dry","Hyaluronic Acid, Glycerin",None significant,0,5.0-6.0,Yes,No,Mid-Range ($$)
Alpha Lipoic Acid,Antioxidant,Moisturizer/Cream,Both water and fat-soluble antioxidant,"Reduces fine lines, brightens skin","Nickel-sized amount, applied as final hydrating step",Night,1x daily at night,10%,Yes,Can cause redness in sensitive users,"Normal, Mature","Vitamin C, Vitamin E",Strong acids same time,0,5.5-6.5,Consult doctor,Yes,Mid-Range ($$)
Manuka Honey Extract,Humectant/Antibacterial (Botanical),Serum,Natural humectant with antibacterial properties,Hydrates and supports acne-prone skin,"1-2 drops, pressed into skin before heavier products",Both,Daily,N/A,Yes,Minimal restrictions; patch test for bee-product allergy,"Acne-prone, Dry, Sensitive","Niacinamide, Panthenol",None significant,1,N/A,Yes,Yes,Budget ($)
Chaga Mushroom Extract,Antioxidant (Mushroom),Toner/Essence,Potent antioxidant with melanin-modulating properties,"Brightens, protects against oxidative stress","Pat into skin after cleansing, before serum",Both,Daily,N/A,Yes,Minimal restrictions,"Dull skin, Mature","Vitamin C, Niacinamide",None significant,0,5.0-6.0,Consult doctor,No,Budget ($)
Triphala Extract,Antioxidant/Purifying Botanical (Ayurvedic),Toner/Essence,Traditional three-fruit antioxidant blend,"Detoxifies, brightens, supports clarity","Pat into skin after cleansing, before serum",Both,Daily,N/A,Yes,Minimal restrictions,"All skin types, Dull skin","Niacinamide, Vitamin C",None significant,0,5.0-6.0,Consult doctor,No,Mid-Range ($$)
Acetyl Hexapeptide-8 (Argireline),Peptide (Neurotransmitter-inhibiting),Moisturizer/Cream,Relaxes micro-muscle contractions,Softens expression lines,"Nickel-sized amount, applied as final hydrating step",Night,1x daily at night,N/A,Yes,Minimal restrictions,"Mature, Normal","Peptide complexes, Hyaluronic Acid",None significant,0,5.0-7.0,Consult doctor,No,Mid-Range ($$)
Elderberry Extract,Antioxidant Botanical,Serum,Anthocyanin-rich antioxidant fruit extract,"Protects against free radicals, brightens","1-2 drops, pressed into skin before heavier products",Both,Daily,N/A,Yes,Minimal restrictions,"All skin types, Dull skin","Vitamin C, Niacinamide",None significant,0,5.0-6.0,Yes,No,Budget ($)
Camellia Oil,Facial Oil (Botanical),Facial Oil,"Lightweight, antioxidant-rich oil",Softens and nourishes without heaviness,"2-3 drops, pressed on as the last step to seal in moisture",Night,1x daily at night,N/A,Yes,Minimal restrictions,"Dry, Normal, Combination","Squalane, Hyaluronic Acid",None significant,1,N/A,Yes,No,Mid-Range ($$)
Malic Acid,AHA (Alpha Hydroxy Acid),Facial Oil,Apple-derived gentle exfoliant,"Smooths texture, brightens dull skin","2-3 drops, pressed on as the last step to seal in moisture",Night,2-3x per week,10%,Yes,Avoid on broken/sunburned skin,"Sensitive, Normal","Niacinamide, Hyaluronic Acid","Retinoids, other acids together",1,3.0-4.0,Consult doctor,Yes,Budget ($)
Cysteamine HCl,Brightening Agent (Antioxidant-derived),Face Mask,Potent melanin-synthesis inhibitor,Treats stubborn melasma and dark spots,"Apply for 10-15 minutes, 1-3x per week, then rinse or wipe off",Night,1x daily at night,N/A,Yes,Distinct odor; avoid mixing with other actives same session,"Hyperpigmentation-prone, Melasma-prone",Niacinamide (alternate use),"Vitamin C, retinoids same session",0,4.0-5.5,Consult doctor,Yes,Premium ($$$)
Snail Mucin,Regenerative/Humectant,Moisturizer/Cream,Glycoproteins support hydration and repair,"Hydrates, soothes, supports barrier recovery","Nickel-sized amount, applied as final hydrating step",Both,Daily,N/A,Yes,Patch test for sensitivity,"Dry, Sensitive, Acne-prone","Niacinamide, Hyaluronic Acid",None significant,1,5.0-6.5,Consult doctor,Yes,Mid-Range ($$)
Manuka Honey Extract,Humectant/Antibacterial (Botanical),Spot Treatment,Natural humectant with antibacterial properties,Hydrates and supports acne-prone skin,Dab a small amount directly onto targeted area,Both,Daily,N/A,Yes,Minimal restrictions; patch test for bee-product allergy,"Acne-prone, Dry, Sensitive","Niacinamide, Panthenol",None significant,1,N/A,Yes,Yes,Mid-Range ($$)
Elderberry Extract,Antioxidant Botanical,Toner/Essence,Anthocyanin-rich antioxidant fruit extract,"Protects against free radicals, brightens","Pat into skin after cleansing, before serum",Both,Daily,N/A,Yes,Minimal restrictions,"All skin types, Dull skin","Vitamin C, Niacinamide",None significant,0,5.0-6.0,Yes,No,Mid-Range ($$)
Phytosphingosine,Barrier Lipid/Antimicrobial,Spot Treatment,Supports barrier repair with mild antimicrobial action,"Repairs barrier, calms acne-prone skin",Dab a small amount directly onto targeted area,Both,Daily,N/A,Yes,Minimal restrictions,"Dry, Acne-prone, Sensitive","Ceramides, Niacinamide",None significant,1,N/A,Yes,No,Premium ($$$)
Black Cumin Seed Oil,Facial Oil (Botanical),Serum,Thymoquinone-rich anti-inflammatory oil,Calms breakouts and inflammation,"1-2 drops, pressed into skin before heavier products",Night,1x daily at night,N/A,Yes,Patch test for sensitivity,"Acne-prone, Sensitive","Niacinamide, Centella Asiatica",None significant,2,N/A,Consult doctor,Yes,Budget ($)
Iron Oxides,UV Filter Booster/Tint (Mineral),Cleanser,"Blocks visible light, adds cosmetic tint",Protects against visible-light-induced pigmentation,"Massage onto damp skin for 30-60 seconds, rinse",Morning,Daily,N/A,N/A (is the sunscreen),Reapply every 2 hours in sun exposure,"Hyperpigmentation-prone, Melasma-prone","Zinc Oxide, Titanium Dioxide",None significant,0,N/A,Yes,No,Budget ($)
Urea,Barrier/Keratolytic Humectant,Toner/Essence,Hydrates and gently breaks down excess keratin,"Softens rough, dry, or thickened skin","Pat into skin after cleansing, before serum",Both,Daily,N/A,Yes,Can sting on broken skin at high concentration,"Dry, Very Dry, Keratosis Pilaris-prone","Ceramides, Glycerin",None significant,0,4.0-6.0,Yes,No,Mid-Range ($$)
Cholesterol,Barrier Lipid,Serum,Works with ceramides/fatty acids to rebuild barrier,Repairs compromised skin barrier,"1-2 drops, pressed into skin before heavier products",Both,Daily,N/A,Yes,Minimal restrictions,"Dry, Sensitive","Ceramides, Fatty Acids",None significant,1,N/A,Yes,No,Premium ($$$)
Chamomile Extract,Soothing Botanical,Spot Treatment,"Anti-inflammatory, calming flavonoids",Reduces redness and sensitivity,Dab a small amount directly onto targeted area,Both,Daily,N/A,Yes,Ragweed-allergy sufferers should patch test,"Sensitive, Rosacea-prone","Bisabolol, Panthenol",None significant,0,5.0-6.5,Yes,Yes,Premium ($$$)
Pomegranate Enzyme Extract,Enzyme/Antioxidant Botanical,Face Mask,Fruit-enzyme exfoliant with antioxidant properties,"Brightens, gently resurfaces","Apply for 10-15 minutes, 1-3x per week, then rinse or wipe off",Night,1x daily at night,N/A,Yes,Avoid on broken skin,"Sensitive, Normal, Dull skin","Vitamin C, Niacinamide",Strong acids/retinoids same time,1,4.0-6.0,Consult doctor,No,Mid-Range ($$)
Palmitoyl Tetrapeptide-7,Peptide (Anti-inflammatory Signaling),Spot Treatment,Reduces inflammatory signaling linked to skin aging,Calms and firms aging skin,Dab a small amount directly onto targeted area,Night,1x daily at night,N/A,Yes,Minimal restrictions,"Mature, Sensitive",Peptide complexes,Strong acids same time,0,5.0-7.0,Consult doctor,No,Mid-Range ($$)
Malic Acid,AHA (Alpha Hydroxy Acid),Toner/Essence,Apple-derived gentle exfoliant,"Smooths texture, brightens dull skin","Pat into skin after cleansing, before serum",Night,2-3x per week,10%,Yes,Avoid on broken/sunburned skin,"Sensitive, Normal","Niacinamide, Hyaluronic Acid","Retinoids, other acids together",1,3.0-4.0,Consult doctor,Yes,Budget ($)
Ginkgo Biloba Extract,Antioxidant/Circulation Botanical,Face Mask,Antioxidant that supports microcirculation,"Brightens, reduces dullness","Apply for 10-15 minutes, 1-3x per week, then rinse or wipe off",Both,Daily,N/A,Yes,Minimal restrictions,"Mature, Dull skin","Niacinamide, Vitamin C",None significant,0,5.0-6.0,Consult doctor,No,Premium ($$$)
Dragon's Blood Sap Extract,Brightening/Soothing Botanical,Serum,"Plant resin extract with antioxidant, healing properties","Calms redness, supports even tone","1-2 drops, pressed into skin before heavier products",Both,Daily,N/A,Yes,Minimal restrictions,"Sensitive, Hyperpigmentation-prone","Centella Asiatica, Niacinamide",None significant,0,5.0-6.0,Consult doctor,No,Premium ($$$)
Copper Peptides,Peptide,Face Mask,Supports wound healing and collagen remodeling,"Firms, repairs, improves elasticity","Apply for 10-15 minutes, 1-3x per week, then rinse or wipe off",Night,1x daily at night,10%,Yes,Avoid mixing with Vitamin C directly (can oxidize copper),"Mature, Normal","Hyaluronic Acid, Ceramides",Vitamin C at same time,0,5.0-7.0,Consult doctor,No,Mid-Range ($$)
Papaya Enzyme (Papain),Enzyme Exfoliant,Cleanser,Breaks down dead skin cell proteins gently,"Brightens, smooths without physical scrubbing","Massage onto damp skin for 30-60 seconds, rinse",Night,1x daily at night,N/A,Yes,Avoid on broken skin,"Sensitive, Normal, Dull skin","Vitamin C, Hyaluronic Acid",Strong acids/retinoids same time,1,4.0-6.0,Consult doctor,No,Budget ($)
Argan Oil,Facial Oil (Botanical),Face Mask,Vitamin E rich moisturizing oil,"Softens, nourishes, adds glow","Apply for 10-15 minutes, 1-3x per week, then rinse or wipe off",Both,Daily,N/A,Yes,Minimal restrictions,"Dry, Normal, Mature","Squalane, Vitamin E",None significant,2,N/A,Yes,No,Premium ($$$)
Vitamin E (Tocopherol),Antioxidant,Toner/Essence,"Lipid-soluble antioxidant, moisturizing","Protects from oxidative stress, softens skin","Pat into skin after cleansing, before serum",Both,Daily,1%,Yes,Comedogenic in high concentration for acne-prone skin,"Dry, Normal, Mature","Vitamin C, Ferulic Acid",None significant,2,N/A,Yes,No,Budget ($)
Baobab Oil,Facial Oil (Botanical),Spot Treatment,Vitamin-rich emollient oil,Deeply nourishes dry or mature skin,Dab a small amount directly onto targeted area,Night,1x daily at night,N/A,Yes,Minimal restrictions,"Dry, Mature","Squalane, Ceramides",None significant,2,N/A,Yes,No,Budget ($)
Kalahari Melon (Watermelon Seed) Oil,Facial Oil (Botanical),Cleanser,Lightweight linoleic-acid rich oil,Hydrates oily/combination skin without clogging,"Massage onto damp skin for 30-60 seconds, rinse",Both,Daily,N/A,Yes,Minimal restrictions,"Oily, Combination","Niacinamide, Squalane",None significant,1,N/A,Yes,No,Mid-Range ($$)
Vitamin C (L-Ascorbic Acid),Antioxidant,Cleanser,"Neutralizes free radicals, inhibits melanin production","Brightens, evens tone, boosts collagen","Massage onto damp skin for 30-60 seconds, rinse",Morning,Daily,1%,Yes,"Avoid with niacinamide flushing sensitivity, unstable at high pH/light exposure","Normal, Oily, Combination","Vitamin E, Ferulic Acid, SPF","Retinoids, AHA/BHA at same time",0,3.0-3.5,Yes,No,Premium ($$$)
Flaxseed Oil,Facial Oil (Botanical),Face Mask,Omega-3 rich soothing oil,"Calms inflammation, supports barrier","Apply for 10-15 minutes, 1-3x per week, then rinse or wipe off",Night,1x daily at night,N/A,Yes,Oxidizes quickly; store properly,"Sensitive, Dry, Eczema-prone","Ceramides, Panthenol",None significant,2,N/A,Yes,No,Budget ($)
Sea Kelp Bioferment,Humectant/Antioxidant (Marine Fermented),Face Mask,"Fermented marine extract, hydrating and mineral-rich","Hydrates, firms, protects","Apply for 10-15 minutes, 1-3x per week, then rinse or wipe off",Both,Daily,N/A,Yes,Minimal restrictions,"All skin types, Dry","Hyaluronic Acid, Niacinamide",None significant,0,5.0-6.5,Yes,No,Mid-Range ($$)
Tamanu Oil,Facial Oil (Botanical),Spot Treatment,Healing oil traditionally used for scars/blemishes,Supports healing of scars and blemishes,Dab a small amount directly onto targeted area,Night,1x daily at night,N/A,Yes,Distinct smell; patch test recommended,"Acne-prone, Scar-prone","Niacinamide, Centella Asiatica",None significant,2,N/A,Consult doctor,Yes,Budget ($)
Flaxseed Oil,Facial Oil (Botanical),Toner/Essence,Omega-3 rich soothing oil,"Calms inflammation, supports barrier","Pat into skin after cleansing, before serum",Night,1x daily at night,N/A,Yes,Oxidizes quickly; store properly,"Sensitive, Dry, Eczema-prone","Ceramides, Panthenol",None significant,2,N/A,Yes,No,Mid-Range ($$)
Palmitoyl Oligopeptide,Peptide (Collagen-signaling),Toner/Essence,Supports collagen and glycosaminoglycan synthesis,Firms and hydrates aging skin,"Pat into skin after cleansing, before serum",Night,1x daily at night,N/A,Yes,Minimal restrictions,Mature,"Hyaluronic Acid, Niacinamide",None significant,0,5.0-7.0,Consult doctor,No,Mid-Range ($$)
Hexapeptide-11,Peptide (Renewal-signaling),Facial Oil,Supports skin renewal and radiance signaling,Improves radiance and firmness,"2-3 drops, pressed on as the last step to seal in moisture",Night,1x daily at night,N/A,Yes,Minimal restrictions,"Mature, Dull skin","Niacinamide, Peptides",None significant,0,5.0-7.0,Consult doctor,No,Premium ($$$)
Benzoyl Peroxide,Acne Treatment,Toner/Essence,"Antibacterial, kills acne-causing bacteria",Clears active breakouts,"Pat into skin after cleansing, before serum",Both,Daily,N/A,Yes,Can bleach fabrics; avoid with retinoids same time; drying,"Oily, Acne-prone","Moisturizers, Niacinamide","Retinoids, Vitamin C same session",0,5.0-6.0,Consult doctor,Yes,Premium ($$$)
Sodium Ascorbyl Phosphate,Vitamin C Derivative,Face Mask,"Stable, gentler form of Vitamin C",Brightening with less irritation,"Apply for 10-15 minutes, 1-3x per week, then rinse or wipe off",Both,Daily,5%,Yes,"Well tolerated, minimal restrictions","Sensitive, All skin types","Niacinamide, Hyaluronic Acid",Strong acids,0,6.0-7.0,Yes,No,Premium ($$$)
Beer Yeast Extract (Faex Extract),Fermented Conditioning Ingredient,Spot Treatment,B-vitamin rich fermented yeast extract,Conditions and softens skin texture,Dab a small amount directly onto targeted area,Both,Daily,N/A,Yes,Minimal restrictions,"Normal, Dull skin","Niacinamide, Panthenol",None significant,0,5.0-6.5,Yes,No,Budget ($)
Lactic Acid,AHA (Alpha Hydroxy Acid),Cleanser,"Gentle exfoliation, humectant properties","Improves texture, hydrates while exfoliating","Massage onto damp skin for 30-60 seconds, rinse",Night,2-3x per week,15%,Yes,Avoid on compromised skin barrier,"Sensitive, Dry, Normal","Ceramides, Hyaluronic Acid","Retinoids, other strong acids",1,3.5-4.5,Consult doctor,Yes,Mid-Range ($$)
Mulberry Extract,Brightening Botanical,Moisturizer/Cream,Natural tyrosinase-inhibiting brightener,"Evens tone, reduces dark spots","Nickel-sized amount, applied as final hydrating step",Both,Daily,N/A,Yes,Minimal restrictions,Hyperpigmentation-prone,"Niacinamide, Licorice Extract",None significant,0,5.0-6.0,Yes,No,Mid-Range ($$)
Marula Oil,Facial Oil (Botanical),Moisturizer/Cream,Antioxidant-rich lightweight oil,Hydrates and softens without greasiness,"Nickel-sized amount, applied as final hydrating step",Both,Daily,N/A,Yes,Minimal restrictions,"Dry, Normal, Combination","Squalane, Hyaluronic Acid",None significant,1,N/A,Yes,No,Budget ($)
Trylagen,Peptide/Protein Complex,Facial Oil,Biotech complex supporting natural collagen synthesis,Improves elasticity and skin density,"2-3 drops, pressed on as the last step to seal in moisture",Night,1x daily at night,N/A,Yes,Emerging ingredient; limited long-term data,"Mature, Normal","Peptides, Hyaluronic Acid",None significant,0,5.0-7.0,Consult doctor,Yes,Mid-Range ($$)
Sea Kelp Bioferment,Humectant/Antioxidant (Marine Fermented),Spot Treatment,"Fermented marine extract, hydrating and mineral-rich","Hydrates, firms, protects",Dab a small amount directly onto targeted area,Both,Daily,N/A,Yes,Minimal restrictions,"All skin types, Dry","Hyaluronic Acid, Niacinamide",None significant,0,5.0-6.5,Yes,No,Mid-Range ($$)
Plant Squalene,Emollient (Precursor to Squalane),Moisturizer/Cream,"Unstabilized precursor oil, rich emollient",Softens and nourishes skin,"Nickel-sized amount, applied as final hydrating step",Night,1x daily at night,N/A,Yes,Oxidizes faster than squalane; store properly,"Dry, Normal","Squalane, Vitamin E",None significant,2,N/A,Yes,No,Budget ($)
Plant Squalene,Emollient (Precursor to Squalane),Serum,"Unstabilized precursor oil, rich emollient",Softens and nourishes skin,"1-2 drops, pressed into skin before heavier products",Night,1x daily at night,N/A,Yes,Oxidizes faster than squalane; store properly,"Dry, Normal","Squalane, Vitamin E",None significant,2,N/A,Yes,No,Mid-Range ($$)
Plant Squalene,Emollient (Precursor to Squalane),Spot Treatment,"Unstabilized precursor oil, rich emollient",Softens and nourishes skin,Dab a small amount directly onto targeted area,Night,1x daily at night,N/A,Yes,Oxidizes faster than squalane; store properly,"Dry, Normal","Squalane, Vitamin E",None significant,2,N/A,Yes,No,Budget ($)
Quercetin,Antioxidant (Flavonoid),Serum,Potent plant flavonoid antioxidant,"Calms inflammation, protects against oxidative stress","1-2 drops, pressed into skin before heavier products",Both,Daily,N/A,Yes,Minimal restrictions,"Sensitive, All skin types","Vitamin C, Niacinamide",None significant,0,5.0-6.0,Yes,No,Premium ($$$)
Tinosorb S,UV Filter (Broad-spectrum Chemical),Face Mask,Photostable UVA/UVB broad-spectrum filter,Comprehensive sun protection with high stability,"Apply for 10-15 minutes, 1-3x per week, then rinse or wipe off",Morning,Daily,N/A,N/A (is the sunscreen),Reapply every 2 hours in sun exposure,"All skin types, Sensitive",Antioxidants under sunscreen,None significant,1,N/A,Yes,No,Budget ($)
Peony Extract,Soothing/Brightening Botanical,Toner/Essence,Anti-inflammatory with mild brightening effect,"Calms redness, supports even tone","Pat into skin after cleansing, before serum",Both,Daily,N/A,Yes,Minimal restrictions,"Sensitive, Dull skin","Centella Asiatica, Niacinamide",None significant,0,5.0-6.0,Yes,No,Premium ($$$)
Glutathione,Antioxidant/Brightening Agent,Facial Oil,"Master antioxidant, inhibits melanin production","Brightens overall complexion, antioxidant defense","2-3 drops, pressed on as the last step to seal in moisture",Both,Daily,N/A,Yes,Topical efficacy debated at low concentrations,"All skin types, Dull skin","Vitamin C, Niacinamide",None significant,0,5.0-6.5,Consult doctor,No,Premium ($$$)
Ceramide EOP,Barrier Lipid (Specific Ceramide),Face Mask,Long-chain ceramide critical for barrier integrity,"Strengthens barrier, locks in hydration","Apply for 10-15 minutes, 1-3x per week, then rinse or wipe off",Both,Daily,N/A,Yes,Minimal restrictions,"Dry, Sensitive, Mature","Ceramide NP, Cholesterol",None significant,1,N/A,Yes,No,Budget ($)
Tartaric Acid,AHA (Alpha Hydroxy Acid),Serum,Grape-derived exfoliant and antioxidant,Brightens and refines texture,"1-2 drops, pressed into skin before heavier products",Night,2-3x per week,10%,Yes,Avoid on broken/sunburned skin,"Normal, Combination","Vitamin C, Niacinamide","Retinoids, other acids together",1,3.0-4.0,Consult doctor,Yes,Mid-Range ($$)
Shea Butter,Emollient (Butter),Spot Treatment,"Rich fatty-acid emollient, deeply moisturizing","Softens very dry or rough skin, seals in moisture",Dab a small amount directly onto targeted area,Both,Daily,N/A,Yes,Can feel heavy on very oily skin,"Dry, Very Dry, Mature","Ceramides, Squalane",None significant,2,N/A,Yes,No,Budget ($)
Borage Seed Oil,Facial Oil (Botanical),Serum,High in gamma-linolenic acid (GLA),"Calms inflammation, softens skin","1-2 drops, pressed into skin before heavier products",Night,1x daily at night,N/A,Yes,Minimal restrictions,"Sensitive, Dry, Eczema-prone","Ceramides, Panthenol",None significant,2,N/A,Consult doctor,No,Mid-Range ($$)
Mexoryl SX,"UV Filter (Chemical, UVA)",Spot Treatment,Highly photostable UVA filter,"Strong UVA protection, reduces photoaging",Dab a small amount directly onto targeted area,Morning,Daily,N/A,N/A (is the sunscreen),Reapply every 2 hours in sun exposure,All skin types,Antioxidants under sunscreen,None significant,1,N/A,Yes,No,Mid-Range ($$)
Jojoba Oil,Facial Oil (Botanical),Spot Treatment,Wax ester similar to skin's natural sebum,"Balances oil production, moisturizes",Dab a small amount directly onto targeted area,Both,Daily,N/A,Yes,Minimal restrictions,"Oily, Combination, All skin types","Squalane, Niacinamide",None significant,2,N/A,Yes,No,Premium ($$$)
Mugwort Extract,Soothing Botanical (K-beauty),Facial Oil,Anti-inflammatory botanical popular in Korean skincare,Calms redness and sensitivity,"2-3 drops, pressed on as the last step to seal in moisture",Both,Daily,N/A,Yes,Minimal restrictions,"Sensitive, Rosacea-prone","Centella Asiatica, Panthenol",None significant,0,5.0-6.0,Consult doctor,No,Budget ($)
Chamomile Extract,Soothing Botanical,Moisturizer/Cream,"Anti-inflammatory, calming flavonoids",Reduces redness and sensitivity,"Nickel-sized amount, applied as final hydrating step",Both,Daily,N/A,Yes,Ragweed-allergy sufferers should patch test,"Sensitive, Rosacea-prone","Bisabolol, Panthenol",None significant,0,5.0-6.5,Yes,Yes,Budget ($)
Snail Secretion Filtrate (Alternate grade),Regenerative/Humectant,Toner/Essence,Glycoprotein-rich filtrate supporting repair and hydration,"Hydrates, soothes, supports barrier recovery","Pat into skin after cleansing, before serum",Both,Daily,N/A,Yes,Patch test for sensitivity,"Dry, Sensitive, Acne-prone","Niacinamide, Hyaluronic Acid",None significant,1,5.0-6.5,Consult doctor,Yes,Premium ($$$)
Galactomyces Ferment Filtrate,Fermented/Biotech Ingredient,Face Mask,Sake-fermentation byproduct rich in B vitamins,"Brightens, refines pores, softens texture","Apply for 10-15 minutes, 1-3x per week, then rinse or wipe off",Both,Daily,N/A,Yes,Minimal restrictions,"All skin types, Dull skin, Combination","Niacinamide, Vitamin C",None significant,0,5.0-6.5,Yes,No,Premium ($$$)
Glycerin,Humectant,Cleanser,Classic moisture-binding humectant,"Hydrates, softens, supports barrier","Massage onto damp skin for 30-60 seconds, rinse",Both,Daily,5%,Yes,Very low irritation risk,All skin types,"Ceramides, Hyaluronic Acid",None significant,0,N/A,Yes,No,Premium ($$$)
Caffeine,Antioxidant/De-puffing,Toner/Essence,"Vasoconstrictor, antioxidant properties","Reduces puffiness, brightens under-eyes","Pat into skin after cleansing, before serum",Morning,Daily,N/A,Yes,Minimal restrictions,"All skin types, Under-eye area","Vitamin C, Niacinamide",None significant,0,5.0-7.0,Consult doctor,No,Budget ($)
Cordyceps Extract,Adaptogen/Antioxidant (Mushroom),Facial Oil,Adaptogenic extract supporting cellular vitality,Revitalizes dull or fatigued-looking skin,"2-3 drops, pressed on as the last step to seal in moisture",Both,Daily,N/A,Yes,Minimal restrictions,"Dull skin, Mature","Niacinamide, Vitamin C",None significant,0,5.0-6.0,Consult doctor,No,Budget ($)
Goji Berry Extract,Antioxidant Botanical,Face Mask,Nutrient-dense antioxidant fruit extract,Brightens and supports skin resilience,"Apply for 10-15 minutes, 1-3x per week, then rinse or wipe off",Both,Daily,N/A,Yes,Minimal restrictions,"All skin types, Dull skin","Vitamin C, Niacinamide",None significant,0,5.0-6.0,Yes,No,Premium ($$$)
Sea Buckthorn Oil,Facial Oil (Botanical),Face Mask,Rich in omega fatty acids and carotenoids,"Nourishes, supports barrier, mild brightening","Apply for 10-15 minutes, 1-3x per week, then rinse or wipe off",Night,1x daily at night,N/A,Yes,Can stain fabrics; patch test for sensitivity,"Dry, Mature, Normal","Squalane, Ceramides",None significant,2,N/A,Yes,Yes,Premium ($$$)
Bamboo Powder,Physical Exfoliant (Botanical),Facial Oil,Fine botanical exfoliating powder,"Buffs texture, smooths rough patches","2-3 drops, pressed on as the last step to seal in moisture",Night,1x daily at night,N/A,Yes,Use gentle pressure to avoid micro-tears,"Normal, Combination, Oily","Niacinamide, Clay",Overuse with chemical exfoliants,0,N/A,Yes,No,Budget ($)
Retinol,Retinoid,Spot Treatment,"Increases cell turnover, boosts collagen synthesis","Reduces fine lines, smooths texture, fades dark spots",Dab a small amount directly onto targeted area,Night,"2-3x per week, building up to nightly",0.025%,Yes,"Avoid during pregnancy/breastfeeding, on broken skin, or with active sunburn","Normal, Oily, Combination, Mature","Niacinamide, Peptides, Ceramides","AHA/BHA, Benzoyl Peroxide, Vitamin C in same routine",2,5.5-6.0,No,Yes,Mid-Range ($$)
Elderberry Extract,Antioxidant Botanical,Facial Oil,Anthocyanin-rich antioxidant fruit extract,"Protects against free radicals, brightens","2-3 drops, pressed on as the last step to seal in moisture",Both,Daily,N/A,Yes,Minimal restrictions,"All skin types, Dull skin","Vitamin C, Niacinamide",None significant,0,5.0-6.0,Yes,No,Premium ($$$)
Murumuru Butter,Emollient (Butter),Serum,Rich Amazonian plant butter,Deeply conditions very dry skin,"1-2 drops, pressed into skin before heavier products",Both,Daily,N/A,Yes,Can feel heavy on oily skin,"Dry, Very Dry","Shea Butter, Squalane",None significant,3,N/A,Yes,No,Premium ($$$)
Boron Nitride,Mattifying/Texture Agent,Facial Oil,Silky mineral powder for soft-focus finish,"Blurs pores, controls shine","2-3 drops, pressed on as the last step to seal in moisture",Morning,Daily,N/A,Yes,Minimal restrictions,"Oily, Combination","Silica, Niacinamide",None significant,0,N/A,Yes,No,Budget ($)
Alpha Lipoic Acid,Antioxidant,Spot Treatment,Both water and fat-soluble antioxidant,"Reduces fine lines, brightens skin",Dab a small amount directly onto targeted area,Night,1x daily at night,1%,Yes,Can cause redness in sensitive users,"Normal, Mature","Vitamin C, Vitamin E",Strong acids same time,0,5.5-6.5,Consult doctor,Yes,Budget ($)
Spirulina Extract,Marine Antioxidant/Detox Botanical,Moisturizer/Cream,Nutrient-dense algae antioxidant,"Detoxifies, brightens, nourishes","Nickel-sized amount, applied as final hydrating step",Both,Daily,N/A,Yes,Minimal restrictions,"All skin types, Dull skin","Niacinamide, Vitamin C",None significant,0,5.0-6.5,Yes,No,Budget ($)
Ginkgo Biloba Extract,Antioxidant/Circulation Botanical,Facial Oil,Antioxidant that supports microcirculation,"Brightens, reduces dullness","2-3 drops, pressed on as the last step to seal in moisture",Both,Daily,N/A,Yes,Minimal restrictions,"Mature, Dull skin","Niacinamide, Vitamin C",None significant,0,5.0-6.0,Consult doctor,No,Premium ($$$)
Rhassoul Clay,Purifying Mineral Clay,Serum,Gentle mineral-rich Moroccan clay,"Cleanses without stripping, softens skin","1-2 drops, pressed into skin before heavier products",Night,1x daily at night,N/A,Yes,Minimal restrictions,"Normal, Combination, Dry","Aloe Vera, Squalane",None significant,0,N/A,Yes,No,Premium ($$$)
Gotu Kola Extract (Centella variant),Soothing/Regenerative Botanical,Moisturizer/Cream,"Triterpenoid-rich, supports collagen and healing","Repairs barrier, fades the look of scars","Nickel-sized amount, applied as final hydrating step",Both,Daily,N/A,Yes,Minimal restrictions,"Sensitive, Scar-prone, Acne-prone","Centella Asiatica, Niacinamide",None significant,0,5.0-6.0,Yes,No,Budget ($)
Grapeseed Oil,Facial Oil (Botanical),Serum,"Light, antioxidant-rich oil","Softens skin, absorbs quickly","1-2 drops, pressed into skin before heavier products",Both,Daily,N/A,Yes,Minimal restrictions,"Oily, Combination, Normal","Vitamin E, Niacinamide",None significant,1,N/A,Yes,No,Mid-Range ($$)
Chrysanthemum Extract,Soothing/Antioxidant Botanical,Face Mask,Calming floral extract with antioxidant properties,"Calms redness, adds antioxidant protection","Apply for 10-15 minutes, 1-3x per week, then rinse or wipe off",Both,Daily,N/A,Yes,Fragrance allergy risk for very sensitive skin,"Sensitive, All skin types","Chamomile, Bisabolol",None significant,0,5.0-6.0,Consult doctor,Yes,Budget ($)
Triphala Extract,Antioxidant/Purifying Botanical (Ayurvedic),Serum,Traditional three-fruit antioxidant blend,"Detoxifies, brightens, supports clarity","1-2 drops, pressed into skin before heavier products",Both,Daily,N/A,Yes,Minimal restrictions,"All skin types, Dull skin","Niacinamide, Vitamin C",None significant,0,5.0-6.0,Consult doctor,No,Budget ($)
Glycerin,Humectant,Facial Oil,Classic moisture-binding humectant,"Hydrates, softens, supports barrier","2-3 drops, pressed on as the last step to seal in moisture",Both,Daily,2%,Yes,Very low irritation risk,All skin types,"Ceramides, Hyaluronic Acid",None significant,0,N/A,Yes,No,Budget ($)
Dragon's Blood Sap Extract,Brightening/Soothing Botanical,Spot Treatment,"Plant resin extract with antioxidant, healing properties","Calms redness, supports even tone",Dab a small amount directly onto targeted area,Both,Daily,N/A,Yes,Minimal restrictions,"Sensitive, Hyperpigmentation-prone","Centella Asiatica, Niacinamide",None significant,0,5.0-6.0,Consult doctor,No,Mid-Range ($$)
Matrixyl Synthe'6,Peptide Complex (Next-gen),Spot Treatment,Advanced peptide blend for six visible aging signs,"Firms, smooths, evens tone and texture",Dab a small amount directly onto targeted area,Night,1x daily at night,N/A,Yes,Minimal restrictions,"Mature, Normal","Hyaluronic Acid, Niacinamide",Strong acids same time,0,5.0-7.0,Consult doctor,No,Premium ($$$)
Cocoa Butter,Emollient (Butter),Spot Treatment,"Rich, occlusive plant butter",Deeply moisturizes and softens,Dab a small amount directly onto targeted area,Both,Daily,N/A,Yes,Comedogenic for acne-prone users,"Dry, Very Dry","Shea Butter, Squalane",None significant,4,N/A,Yes,No,Budget ($)
Snail Secretion Filtrate (Alternate grade),Regenerative/Humectant,Moisturizer/Cream,Glycoprotein-rich filtrate supporting repair and hydration,"Hydrates, soothes, supports barrier recovery","Nickel-sized amount, applied as final hydrating step",Both,Daily,N/A,Yes,Patch test for sensitivity,"Dry, Sensitive, Acne-prone","Niacinamide, Hyaluronic Acid",None significant,1,5.0-6.5,Consult doctor,Yes,Budget ($)
Edelweiss Extract,Antioxidant Botanical (Alpine),Cleanser,"High-altitude plant antioxidant, UV-stress protective",Protects against environmental and UV stress,"Massage onto damp skin for 30-60 seconds, rinse",Both,Daily,N/A,Yes,Minimal restrictions,"All skin types, Mature","Vitamin C, Niacinamide",None significant,0,5.0-6.0,Consult doctor,No,Premium ($$$)
Grapeseed Oil,Facial Oil (Botanical),Moisturizer/Cream,"Light, antioxidant-rich oil","Softens skin, absorbs quickly","Nickel-sized amount, applied as final hydrating step",Both,Daily,N/A,Yes,Minimal restrictions,"Oily, Combination, Normal","Vitamin E, Niacinamide",None significant,1,N/A,Yes,No,Premium ($$$)
Propolis Extract,Antibacterial/Antioxidant (Botanical),Spot Treatment,Bee-derived antioxidant and antimicrobial,"Calms breakouts, supports skin repair",Dab a small amount directly onto targeted area,Both,Daily,N/A,Yes,Patch test for bee-product allergy,"Acne-prone, Sensitive","Centella Asiatica, Niacinamide",None significant,1,N/A,Yes,Yes,Budget ($)
Pentapeptide-18,Peptide (Elastin-supporting),Facial Oil,Supports elastin production for firmness,Improves firmness and bounce,"2-3 drops, pressed on as the last step to seal in moisture",Night,1x daily at night,N/A,Yes,Minimal restrictions,Mature,"Hyaluronic Acid, Acetyl Hexapeptide-8",None significant,0,5.0-7.0,Consult doctor,No,Budget ($)
Granactive Retinoid,Retinoid (Next-gen Ester Blend),Moisturizer/Cream,Modern retinoid ester with reduced irritation profile,"Smooths texture, fades fine lines gently","Nickel-sized amount, applied as final hydrating step",Night,1x daily at night,N/A,Yes,Avoid in pregnancy,"Sensitive, Normal, Beginner retinoid users","Niacinamide, Hyaluronic Acid",Strong acids same time,1,5.5-6.5,No,No,Premium ($$$)
Broccoli Seed Oil,Facial Oil (Botanical),Spot Treatment,"Silicone-like glide, non-comedogenic plant oil",Softens and adds shine without heaviness,Dab a small amount directly onto targeted area,Both,Daily,N/A,Yes,Minimal restrictions,"All skin types, Oily","Squalane, Niacinamide",None significant,1,N/A,Yes,No,Budget ($)
Prickly Pear Seed Oil,Facial Oil (Botanical),Moisturizer/Cream,Vitamin E and fatty-acid rich luxury oil,"Anti-aging, deeply nourishing","Nickel-sized amount, applied as final hydrating step",Night,1x daily at night,N/A,Yes,Minimal restrictions,"Dry, Mature","Squalane, Vitamin E",None significant,1,N/A,Yes,No,Mid-Range ($$)
Pomegranate Enzyme Extract,Enzyme/Antioxidant Botanical,Moisturizer/Cream,Fruit-enzyme exfoliant with antioxidant properties,"Brightens, gently resurfaces","Nickel-sized amount, applied as final hydrating step",Night,1x daily at night,N/A,Yes,Avoid on broken skin,"Sensitive, Normal, Dull skin","Vitamin C, Niacinamide",Strong acids/retinoids same time,1,4.0-6.0,Consult doctor,No,Mid-Range ($$)
Tulsi (Holy Basil) Extract,Adaptogen Botanical (Ayurvedic),Face Mask,"Traditional adaptogenic, purifying extract","Calms stressed skin, purifies pores","Apply for 10-15 minutes, 1-3x per week, then rinse or wipe off",Both,Daily,N/A,Yes,Minimal restrictions,"Oily, Combination, Sensitive","Niacinamide, Centella Asiatica",None significant,0,5.0-6.0,Consult doctor,No,Premium ($$$)
Fuller's Earth (Multani Mitti),Purifying Mineral Clay,Cleanser,Traditional absorbent mineral clay,"Deep cleanses, controls oil, brightens","Massage onto damp skin for 30-60 seconds, rinse",Night,1x daily at night,N/A,Yes,Can be drying for dry skin,"Oily, Combination","Turmeric Extract, Rose Water",Overuse with other drying actives,0,N/A,Yes,No,Premium ($$$)
Oat Extract (Colloidal Oatmeal),Soothing/Barrier Support,Moisturizer/Cream,"Anti-inflammatory, barrier-protective",Relieves itching and irritation,"Nickel-sized amount, applied as final hydrating step",Both,Daily,N/A,Yes,Minimal restrictions,"Sensitive, Eczema-prone","Ceramides, Panthenol",None significant,0,N/A,Yes,No,Mid-Range ($$)
Black Tea Ferment,Fermented Antioxidant,Facial Oil,Fermentation-enhanced antioxidant complex,Calms and protects against environmental stress,"2-3 drops, pressed on as the last step to seal in moisture",Both,Daily,N/A,Yes,Minimal restrictions,All skin types,"Green Tea Extract, Niacinamide",None significant,0,5.0-6.5,Yes,No,Mid-Range ($$)
N-Acetyl Glucosamine,Brightening Agent (Amino Sugar),Facial Oil,Works synergistically with niacinamide to reduce pigment,"Evens tone, supports barrier hydration","2-3 drops, pressed on as the last step to seal in moisture",Both,Daily,N/A,Yes,Minimal restrictions,"Hyperpigmentation-prone, All skin types",Niacinamide,None significant,0,5.0-6.5,Yes,No,Mid-Range ($$)
Beer Yeast Extract (Faex Extract),Fermented Conditioning Ingredient,Facial Oil,B-vitamin rich fermented yeast extract,Conditions and softens skin texture,"2-3 drops, pressed on as the last step to seal in moisture",Both,Daily,N/A,Yes,Minimal restrictions,"Normal, Dull skin","Niacinamide, Panthenol",None significant,0,5.0-6.5,Yes,No,Budget ($)
Sodium Lactate,Humectant (NMF Component),Face Mask,Component of skin's natural moisturizing factor,Hydrates and supports moisture retention,"Apply for 10-15 minutes, 1-3x per week, then rinse or wipe off",Both,Daily,N/A,Yes,Minimal restrictions,"All skin types, Dry","Hyaluronic Acid, Glycerin",None significant,0,N/A,Yes,No,Mid-Range ($$)
Biotin (Vitamin B7),Vitamin/Conditioning Agent,Serum,Supports skin barrier and conditioning,Supports overall skin health and resilience,"1-2 drops, pressed into skin before heavier products",Both,Daily,N/A,Yes,Minimal restrictions,All skin types,"Panthenol, Ceramides",None significant,0,N/A,Yes,No,Mid-Range ($$)
Phytosphingosine,Barrier Lipid/Antimicrobial,Toner/Essence,Supports barrier repair with mild antimicrobial action,"Repairs barrier, calms acne-prone skin","Pat into skin after cleansing, before serum",Both,Daily,N/A,Yes,Minimal restrictions,"Dry, Acne-prone, Sensitive","Ceramides, Niacinamide",None significant,1,N/A,Yes,No,Budget ($)
Phytosterols,Barrier Lipid (Plant-derived),Spot Treatment,Plant-based lipid supporting barrier repair,Soothes and repairs compromised barrier,Dab a small amount directly onto targeted area,Both,Daily,N/A,Yes,Minimal restrictions,"Sensitive, Dry","Ceramides, Fatty Acids",None significant,1,N/A,Yes,No,Budget ($)
Shea Butter,Emollient (Butter),Face Mask,"Rich fatty-acid emollient, deeply moisturizing","Softens very dry or rough skin, seals in moisture","Apply for 10-15 minutes, 1-3x per week, then rinse or wipe off",Both,Daily,N/A,Yes,Can feel heavy on very oily skin,"Dry, Very Dry, Mature","Ceramides, Squalane",None significant,2,N/A,Yes,No,Budget ($)
Rhassoul Clay,Purifying Mineral Clay,Cleanser,Gentle mineral-rich Moroccan clay,"Cleanses without stripping, softens skin","Massage onto damp skin for 30-60 seconds, rinse",Night,1x daily at night,N/A,Yes,Minimal restrictions,"Normal, Combination, Dry","Aloe Vera, Squalane",None significant,0,N/A,Yes,No,Mid-Range ($$)
Yarrow Extract,Soothing/Astringent Botanical,Face Mask,"Anti-inflammatory extract, mild pore-tightening effect","Calms redness, balances oily skin","Apply for 10-15 minutes, 1-3x per week, then rinse or wipe off",Both,Daily,N/A,Yes,Fragrance-family sensitivity possible; patch test,"Sensitive, Oily, Rosacea-prone","Chamomile, Witch Hazel",None significant,0,5.0-6.0,Consult doctor,Yes,Premium ($$$)
Sodium Ascorbyl Phosphate,Vitamin C Derivative,Cleanser,"Stable, gentler form of Vitamin C",Brightening with less irritation,"Massage onto damp skin for 30-60 seconds, rinse",Both,Daily,5%,Yes,"Well tolerated, minimal restrictions","Sensitive, All skin types","Niacinamide, Hyaluronic Acid",Strong acids,0,6.0-7.0,Yes,No,Mid-Range ($$)
Mineral Sunscreen Filters (Zinc Oxide),UV Filter,Cleanser,Physical barrier reflecting UV rays,Broad-spectrum sun protection,"Massage onto damp skin for 30-60 seconds, rinse",Morning,Daily,N/A,N/A (is the sunscreen),Reapply every 2 hours in sun exposure,"All skin types, Sensitive",Antioxidants under sunscreen,None significant,0,N/A,Yes,No,Budget ($)
Avocado Oil,Facial Oil (Botanical),Serum,Fatty-acid and vitamin-rich emollient oil,Deeply nourishes very dry or mature skin,"1-2 drops, pressed into skin before heavier products",Night,1x daily at night,N/A,Yes,Comedogenic for acne-prone users,"Dry, Mature, Very Dry","Squalane, Vitamin E",None significant,3,N/A,Yes,No,Mid-Range ($$)
Tinosorb M,UV Filter (Hybrid Organic/Mineral),Cleanser,Hybrid particle UVA/UVB filter,Broad-spectrum protection with good tolerability,"Massage onto damp skin for 30-60 seconds, rinse",Morning,Daily,N/A,N/A (is the sunscreen),Reapply every 2 hours in sun exposure,"Sensitive, All skin types",Antioxidants under sunscreen,None significant,1,N/A,Yes,No,Mid-Range ($$)
Green Tea Extract (EGCG),Antioxidant (Plant-derived),Toner/Essence,"Polyphenol antioxidant, anti-inflammatory","Calms redness, protects against UV-induced damage","Pat into skin after cleansing, before serum",Both,Daily,N/A,Yes,Minimal restrictions,"Sensitive, Oily, All skin types","Niacinamide, Centella Asiatica",None significant,0,5.0-6.0,Yes,No,Premium ($$$)
Caffeine,Antioxidant/De-puffing,Facial Oil,"Vasoconstrictor, antioxidant properties","Reduces puffiness, brightens under-eyes","2-3 drops, pressed on as the last step to seal in moisture",Morning,Daily,N/A,Yes,Minimal restrictions,"All skin types, Under-eye area","Vitamin C, Niacinamide",None significant,0,5.0-7.0,Consult doctor,No,Budget ($)
Kokum Butter,Emollient (Butter),Face Mask,"Firm, stable plant butter",Moisturizes and softens rough patches,"Apply for 10-15 minutes, 1-3x per week, then rinse or wipe off",Both,Daily,N/A,Yes,Minimal restrictions,"Dry, Very Dry","Shea Butter, Squalane",None significant,2,N/A,Yes,No,Premium ($$$)
Snail Mucin,Regenerative/Humectant,Serum,Glycoproteins support hydration and repair,"Hydrates, soothes, supports barrier recovery","1-2 drops, pressed into skin before heavier products",Both,Daily,N/A,Yes,Patch test for sensitivity,"Dry, Sensitive, Acne-prone","Niacinamide, Hyaluronic Acid",None significant,1,5.0-6.5,Consult doctor,Yes,Premium ($$$)
Vitamin C (L-Ascorbic Acid),Antioxidant,Facial Oil,"Neutralizes free radicals, inhibits melanin production","Brightens, evens tone, boosts collagen","2-3 drops, pressed on as the last step to seal in moisture",Morning,Daily,10%,Yes,"Avoid with niacinamide flushing sensitivity, unstable at high pH/light exposure","Normal, Oily, Combination","Vitamin E, Ferulic Acid, SPF","Retinoids, AHA/BHA at same time",0,3.0-3.5,Yes,No,Budget ($)
Ceramide AP,Barrier Lipid (Specific Ceramide),Serum,Key ceramide subtype for barrier structure,"Restores barrier, reduces sensitivity","1-2 drops, pressed into skin before heavier products",Both,Daily,N/A,Yes,Minimal restrictions,"Dry, Sensitive, Mature","Ceramide NP, Cholesterol",None significant,1,N/A,Yes,No,Premium ($$$)
Murumuru Butter,Emollient (Butter),Cleanser,Rich Amazonian plant butter,Deeply conditions very dry skin,"Massage onto damp skin for 30-60 seconds, rinse",Both,Daily,N/A,Yes,Can feel heavy on oily skin,"Dry, Very Dry","Shea Butter, Squalane",None significant,3,N/A,Yes,No,Budget ($)
Mugwort Extract,Soothing Botanical (K-beauty),Spot Treatment,Anti-inflammatory botanical popular in Korean skincare,Calms redness and sensitivity,Dab a small amount directly onto targeted area,Both,Daily,N/A,Yes,Minimal restrictions,"Sensitive, Rosacea-prone","Centella Asiatica, Panthenol",None significant,0,5.0-6.0,Consult doctor,No,Budget ($)
Apricot Kernel Oil,Facial Oil (Botanical),Face Mask,"Lightweight, vitamin-rich emollient oil",Softens and conditions sensitive skin,"Apply for 10-15 minutes, 1-3x per week, then rinse or wipe off",Both,Daily,N/A,Yes,Minimal restrictions,"Sensitive, Dry, Normal","Squalane, Chamomile",None significant,2,N/A,Yes,No,Mid-Range ($$)
Macadamia Nut Oil,Facial Oil (Botanical),Spot Treatment,"Palmitoleic-acid rich, mimics skin's natural sebum",Deeply nourishes mature or dry skin,Dab a small amount directly onto targeted area,Night,1x daily at night,N/A,Yes,Tree-nut allergy caution,"Dry, Mature","Squalane, Vitamin E",None significant,2,N/A,Consult doctor,Yes,Mid-Range ($$)
Copper Tripeptide-1,Peptide (Copper-bound),Face Mask,Supports collagen remodeling and wound healing,"Firms, repairs, improves elasticity","Apply for 10-15 minutes, 1-3x per week, then rinse or wipe off",Night,1x daily at night,N/A,Yes,Avoid direct mixing with Vitamin C,"Mature, Normal","Hyaluronic Acid, Ceramides",Vitamin C at same time,0,5.0-7.0,Consult doctor,No,Premium ($$$)
Copper Peptides,Peptide,Toner/Essence,Supports wound healing and collagen remodeling,"Firms, repairs, improves elasticity","Pat into skin after cleansing, before serum",Night,1x daily at night,5%,Yes,Avoid mixing with Vitamin C directly (can oxidize copper),"Mature, Normal","Hyaluronic Acid, Ceramides",Vitamin C at same time,0,5.0-7.0,Consult doctor,No,Budget ($)
"TGF-Beta (Transforming Growth Factor, Plant-derived)",Regenerative/Biotech,Toner/Essence,Signaling molecule supporting tissue remodeling,Supports firmness and repair,"Pat into skin after cleansing, before serum",Night,1x daily at night,2%,Yes,Emerging ingredient; limited long-term data,"Mature, Normal","Peptides, Hyaluronic Acid",Strong acids same time,0,5.0-7.0,Consult doctor,Yes,Budget ($)
Matcha Green Tea Extract,Antioxidant Botanical,Cleanser,Concentrated polyphenol antioxidant,Calms and protects against environmental stress,"Massage onto damp skin for 30-60 seconds, rinse",Both,Daily,N/A,Yes,Minimal restrictions,"Sensitive, Oily, All skin types","Niacinamide, Centella Asiatica",None significant,0,5.0-6.0,Yes,No,Budget ($)
Ectoin + Trehalose Complex,Barrier/Stress Protection Blend,Moisturizer/Cream,Combined extremolyte blend for cellular protection,Protects against pollution and dehydration stress,"Nickel-sized amount, applied as final hydrating step",Both,Daily,N/A,Yes,Minimal restrictions,"Sensitive, All skin types","Ceramides, Hyaluronic Acid",None significant,0,5.0-7.0,Yes,No,Mid-Range ($$)
Saccharomyces Ferment Filtrate,Fermented/Biotech Ingredient,Toner/Essence,Yeast-fermentation extract rich in vitamins and minerals,"Brightens, hydrates, supports resilience","Pat into skin after cleansing, before serum",Both,Daily,N/A,Yes,Minimal restrictions,"All skin types, Dull skin","Niacinamide, Hyaluronic Acid",None significant,0,5.0-6.5,Yes,No,Budget ($)
Argan Oil,Facial Oil (Botanical),Cleanser,Vitamin E rich moisturizing oil,"Softens, nourishes, adds glow","Massage onto damp skin for 30-60 seconds, rinse",Both,Daily,N/A,Yes,Minimal restrictions,"Dry, Normal, Mature","Squalane, Vitamin E",None significant,2,N/A,Yes,No,Mid-Range ($$)
Lactobionic Acid,PHA,Face Mask,Gentle exfoliating and antioxidant humectant,Hydrates while smoothing texture,"Apply for 10-15 minutes, 1-3x per week, then rinse or wipe off",Both,"Daily, well tolerated",4%,Yes,Minimal restrictions,"Sensitive, Dry, Mature","Hyaluronic Acid, Ceramides",Strong acids layered heavily,1,3.5-4.5,Consult doctor,No,Mid-Range ($$)
Chemical Sunscreen Filters (Avobenzone),UV Filter,Spot Treatment,Absorbs and dissipates UV radiation as heat,Broad-spectrum sun protection,Dab a small amount directly onto targeted area,Morning,Daily,N/A,N/A (is the sunscreen),Reapply every 2 hours in sun exposure,"Normal, Oily, Combination",Antioxidants under sunscreen,None significant,1,N/A,Consult doctor,No,Mid-Range ($$)
Ashwagandha Extract,Adaptogen Botanical,Spot Treatment,Adaptogenic extract supporting skin barrier resilience,Calms stress-related dullness and sensitivity,Dab a small amount directly onto targeted area,Both,Daily,N/A,Yes,Minimal restrictions,"Sensitive, Dull skin","Centella Asiatica, Niacinamide",None significant,0,5.0-6.0,Consult doctor,No,Premium ($$$)
Retin-A (Tretinoin),Retinoid (Prescription),Serum,Gold-standard retinoic acid for cell turnover,"Treats acne, wrinkles, hyperpigmentation","1-2 drops, pressed into skin before heavier products",Night,"2-3x per week, building up to nightly (as directed by doctor)",0.025%,Yes,Avoid in pregnancy; avoid with exfoliating acids and benzoyl peroxide same time,"Normal, Oily, Mature","Moisturizers, Ceramides","AHA/BHA, Vitamin C, Benzoyl Peroxide",1,4.0-6.0,No,Yes,Budget ($)
Bamboo Powder,Physical Exfoliant (Botanical),Spot Treatment,Fine botanical exfoliating powder,"Buffs texture, smooths rough patches",Dab a small amount directly onto targeted area,Night,1x daily at night,N/A,Yes,Use gentle pressure to avoid micro-tears,"Normal, Combination, Oily","Niacinamide, Clay",Overuse with chemical exfoliants,0,N/A,Yes,No,Mid-Range ($$)
Cocoa Butter,Emollient (Butter),Cleanser,"Rich, occlusive plant butter",Deeply moisturizes and softens,"Massage onto damp skin for 30-60 seconds, rinse",Both,Daily,N/A,Yes,Comedogenic for acne-prone users,"Dry, Very Dry","Shea Butter, Squalane",None significant,4,N/A,Yes,No,Budget ($)
Betaine,Humectant (Amino Acid-derived),Serum,Osmolyte that supports hydration balance,Hydrates while calming irritation,"1-2 drops, pressed into skin before heavier products",Both,Daily,N/A,Yes,Minimal restrictions,"Sensitive, Dry, All skin types","Panthenol, Hyaluronic Acid",None significant,0,N/A,Yes,No,Mid-Range ($$)
Squalane,Emollient/Barrier Support,Cleanser,"Lightweight biomimetic lipid, non-comedogenic","Moisturizes without heaviness, softens skin","Massage onto damp skin for 30-60 seconds, rinse",Both,Daily,N/A,Yes,Minimal restrictions,"All skin types, Oily, Dry","Hyaluronic Acid, Ceramides",None significant,1,N/A,Yes,No,Premium ($$$)
Volcanic Ash,Purifying Mineral,Toner/Essence,Mineral-rich absorbent for oil and impurities,"Deep cleans, minimizes pore appearance","Pat into skin after cleansing, before serum",Night,1x daily at night,N/A,Yes,Can be drying with overuse,"Oily, Acne-prone","Charcoal, Kaolin Clay",Overuse with other drying actives,0,N/A,Yes,No,Budget ($)
Bamboo Powder,Physical Exfoliant (Botanical),Face Mask,Fine botanical exfoliating powder,"Buffs texture, smooths rough patches","Apply for 10-15 minutes, 1-3x per week, then rinse or wipe off",Night,1x daily at night,N/A,Yes,Use gentle pressure to avoid micro-tears,"Normal, Combination, Oily","Niacinamide, Clay",Overuse with chemical exfoliants,0,N/A,Yes,No,Premium ($$$)
Elastin,Firming Ingredient,Spot Treatment,"Supports the look of skin elasticity (topical, surface-level)",Improves the appearance of firmness,Dab a small amount directly onto targeted area,Both,Daily,N/A,Yes,Minimal restrictions,"Mature, Normal","Peptides, Collagen",None significant,0,5.0-7.0,Consult doctor,No,Premium ($$$)
Tea Tree Oil,Acne Treatment (Botanical),Moisturizer/Cream,Natural antimicrobial,"Spot treats blemishes, reduces bacteria","Nickel-sized amount, applied as final hydrating step",Night,1x daily at night,N/A,Yes,Dilute before use; can irritate undiluted,"Oily, Acne-prone","Niacinamide, Zinc PCA",Strong acids same time,2,N/A,Consult doctor,Yes,Premium ($$$)
Iron Oxides,UV Filter Booster/Tint (Mineral),Spot Treatment,"Blocks visible light, adds cosmetic tint",Protects against visible-light-induced pigmentation,Dab a small amount directly onto targeted area,Morning,Daily,N/A,N/A (is the sunscreen),Reapply every 2 hours in sun exposure,"Hyperpigmentation-prone, Melasma-prone","Zinc Oxide, Titanium Dioxide",None significant,0,N/A,Yes,No,Mid-Range ($$)
Trylagen,Peptide/Protein Complex,Cleanser,Biotech complex supporting natural collagen synthesis,Improves elasticity and skin density,"Massage onto damp skin for 30-60 seconds, rinse",Night,1x daily at night,N/A,Yes,Emerging ingredient; limited long-term data,"Mature, Normal","Peptides, Hyaluronic Acid",None significant,0,5.0-7.0,Consult doctor,Yes,Premium ($$$)
Fermented Rice Water Extract,Antioxidant/Brightening (Biotech),Toner/Essence,Fermentation-derived brightening and soothing,"Improves radiance, evens tone","Pat into skin after cleansing, before serum",Both,Daily,N/A,Yes,Minimal restrictions,All skin types,"Niacinamide, Centella Asiatica",None significant,0,5.0-6.0,Yes,No,Premium ($$$)
Sodium PCA,Humectant (Natural Moisturizing Factor),Facial Oil,Naturally occurring skin humectant,Hydrates and supports moisture retention,"2-3 drops, pressed on as the last step to seal in moisture",Both,Daily,N/A,Yes,Minimal restrictions,"All skin types, Dry","Hyaluronic Acid, Glycerin",None significant,0,N/A,Yes,No,Mid-Range ($$)
Beta-Sitosterol,Barrier/Anti-inflammatory Lipid,Serum,Plant sterol supporting barrier and calming inflammation,Soothes and repairs sensitive skin,"1-2 drops, pressed into skin before heavier products",Both,Daily,N/A,Yes,Minimal restrictions,"Sensitive, Dry","Ceramides, Phytosterols",None significant,1,N/A,Yes,No,Mid-Range ($$)
Jojoba Oil,Facial Oil (Botanical),Cleanser,Wax ester similar to skin's natural sebum,"Balances oil production, moisturizes","Massage onto damp skin for 30-60 seconds, rinse",Both,Daily,N/A,Yes,Minimal restrictions,"Oily, Combination, All skin types","Squalane, Niacinamide",None significant,2,N/A,Yes,No,Budget ($)
Dragon's Blood Sap Extract,Brightening/Soothing Botanical,Toner/Essence,"Plant resin extract with antioxidant, healing properties","Calms redness, supports even tone","Pat into skin after cleansing, before serum",Both,Daily,N/A,Yes,Minimal restrictions,"Sensitive, Hyperpigmentation-prone","Centella Asiatica, Niacinamide",None significant,0,5.0-6.0,Consult doctor,No,Mid-Range ($$)
Linoleic Acid,Fatty Acid (Barrier Support),Serum,Essential omega-6 fatty acid for barrier lipids,"Supports barrier, reduces congestion in oily skin","1-2 drops, pressed into skin before heavier products",Both,Daily,N/A,Yes,Minimal restrictions,"Oily, Acne-prone, Combination","Niacinamide, Ceramides",None significant,1,N/A,Yes,No,Premium ($$$)
Retinyl Acetate,Retinoid (Mild Ester),Spot Treatment,"Stable retinoid ester, gradual conversion",Gentle texture and tone improvement,Dab a small amount directly onto targeted area,Night,1x daily at night,N/A,Yes,Avoid in pregnancy,"Sensitive, Normal","Niacinamide, Peptides",AHA/BHA at same time,1,5.5-6.5,No,No,Mid-Range ($$)
Quercetin,Antioxidant (Flavonoid),Toner/Essence,Potent plant flavonoid antioxidant,"Calms inflammation, protects against oxidative stress","Pat into skin after cleansing, before serum",Both,Daily,N/A,Yes,Minimal restrictions,"Sensitive, All skin types","Vitamin C, Niacinamide",None significant,0,5.0-6.0,Yes,No,Mid-Range ($$)
Pumpkin Enzyme,Enzyme Exfoliant,Moisturizer/Cream,"Fruit enzyme exfoliation, rich in vitamins",Brightens and softens texture gently,"Nickel-sized amount, applied as final hydrating step",Night,1x daily at night,N/A,Yes,Avoid on broken skin,"Sensitive, Normal, Dull skin","Vitamin C, Niacinamide",Strong acids/retinoids same time,1,4.0-6.0,Consult doctor,No,Mid-Range ($$)
Black Cumin Seed Oil,Facial Oil (Botanical),Face Mask,Thymoquinone-rich anti-inflammatory oil,Calms breakouts and inflammation,"Apply for 10-15 minutes, 1-3x per week, then rinse or wipe off",Night,1x daily at night,N/A,Yes,Patch test for sensitivity,"Acne-prone, Sensitive","Niacinamide, Centella Asiatica",None significant,2,N/A,Consult doctor,Yes,Mid-Range ($$)
Azelaic Acid,Multi-functional Acid,Facial Oil,"Anti-inflammatory, tyrosinase inhibitor","Treats acne, rosacea redness, hyperpigmentation","2-3 drops, pressed on as the last step to seal in moisture",Both,1-2x daily,20%,Yes,Mild tingling common initially; discontinue if severe irritation,"Acne-prone, Rosacea, Sensitive","Niacinamide, Retinoids (alternate nights)",Very strong acids at same time,0,4.0-5.0,Yes,No,Premium ($$$)
Ectoin,Barrier/Stress Protection,Moisturizer/Cream,Extremolyte that protects cells from environmental stress,"Protects against pollution and UV stress, hydrates","Nickel-sized amount, applied as final hydrating step",Both,Daily,N/A,Yes,Minimal restrictions,"Sensitive, All skin types","Ceramides, Hyaluronic Acid",None significant,0,5.0-7.0,Yes,No,Budget ($)
Trylagen,Peptide/Protein Complex,Face Mask,Biotech complex supporting natural collagen synthesis,Improves elasticity and skin density,"Apply for 10-15 minutes, 1-3x per week, then rinse or wipe off",Night,1x daily at night,N/A,Yes,Emerging ingredient; limited long-term data,"Mature, Normal","Peptides, Hyaluronic Acid",None significant,0,5.0-7.0,Consult doctor,Yes,Budget ($)
Ginkgo Biloba Extract,Antioxidant/Circulation Botanical,Cleanser,Antioxidant that supports microcirculation,"Brightens, reduces dullness","Massage onto damp skin for 30-60 seconds, rinse",Both,Daily,N/A,Yes,Minimal restrictions,"Mature, Dull skin","Niacinamide, Vitamin C",None significant,0,5.0-6.0,Consult doctor,No,Premium ($$$)
Dipeptide Diaminobutyroyl Benzylamide Diacetate (Syn-Ake),Peptide (Snake-venom mimicking),Toner/Essence,Mimics muscle-relaxing effect for expression lines,Softens fine lines from repeated expressions,"Pat into skin after cleansing, before serum",Night,1x daily at night,N/A,Yes,Minimal restrictions,"Mature, Normal",Peptide complexes,None significant,0,5.0-7.0,Consult doctor,No,Mid-Range ($$)
Matrixyl 3000,Peptide Complex,Moisturizer/Cream,Combination peptide blend targeting collagen/elastin,"Comprehensive anti-aging, firms and smooths","Nickel-sized amount, applied as final hydrating step",Night,1x daily at night,N/A,Yes,Minimal restrictions,"Mature, Normal","Hyaluronic Acid, Niacinamide",Strong acids same time,0,5.0-7.0,Consult doctor,No,Premium ($$$)
Passionfruit Seed Oil,Facial Oil (Botanical),Spot Treatment,Linoleic-acid rich lightweight oil,"Softens without heaviness, supports barrier",Dab a small amount directly onto targeted area,Both,Daily,N/A,Yes,Minimal restrictions,"Normal, Combination, Dry","Squalane, Niacinamide",None significant,1,N/A,Yes,No,Premium ($$$)
Ethyl Ascorbic Acid,Vitamin C Derivative (Stable),Facial Oil,Water- and oil-soluble stable Vitamin C derivative,Brightening with reduced irritation risk,"2-3 drops, pressed on as the last step to seal in moisture",Both,Daily,N/A,Yes,Minimal restrictions,"All skin types, Sensitive","Niacinamide, Ferulic Acid",Strong acids same time,0,5.0-6.5,Yes,No,Budget ($)
Snail Secretion Filtrate (Alternate grade),Regenerative/Humectant,Facial Oil,Glycoprotein-rich filtrate supporting repair and hydration,"Hydrates, soothes, supports barrier recovery","2-3 drops, pressed on as the last step to seal in moisture",Both,Daily,N/A,Yes,Patch test for sensitivity,"Dry, Sensitive, Acne-prone","Niacinamide, Hyaluronic Acid",None significant,1,5.0-6.5,Consult doctor,Yes,Premium ($$$)
Glycolic Acid,AHA (Alpha Hydroxy Acid),Cleanser,Exfoliates surface skin cells,"Brightens, smooths texture, fades discoloration","Massage onto damp skin for 30-60 seconds, rinse",Night,2-3x per week,10%,Yes,Avoid on broken/sunburned skin; avoid with retinoids same session,"Normal, Oily, Combination","Hyaluronic Acid, Niacinamide","Retinoids, Vitamin C, other acids",1,3.0-4.0,Consult doctor,Yes,Budget ($)
Glycerin,Humectant,Serum,Classic moisture-binding humectant,"Hydrates, softens, supports barrier","1-2 drops, pressed into skin before heavier products",Both,Daily,1%,Yes,Very low irritation risk,All skin types,"Ceramides, Hyaluronic Acid",None significant,0,N/A,Yes,No,Budget ($)
Glycerin,Humectant,Toner/Essence,Classic moisture-binding humectant,"Hydrates, softens, supports barrier","Pat into skin after cleansing, before serum",Both,Daily,1%,Yes,Very low irritation risk,All skin types,"Ceramides, Hyaluronic Acid",None significant,0,N/A,Yes,No,Premium ($$$)
Bifida Ferment Lysate,Prebiotic/Fermented Ingredient,Moisturizer/Cream,Fermentation-derived skin-conditioning and soothing agent,"Strengthens barrier, calms sensitive skin","Nickel-sized amount, applied as final hydrating step",Both,Daily,N/A,Yes,Minimal restrictions,"Sensitive, All skin types","Postbiotics, Ceramides",None significant,0,5.0-6.0,Yes,No,Premium ($$$)
Bromelain (Pineapple Enzyme),Enzyme Exfoliant,Serum,Protein-dissolving enzyme from pineapple stem,"Gentle exfoliation, brightening","1-2 drops, pressed into skin before heavier products",Night,1x daily at night,N/A,Yes,"Avoid on broken skin, mild allergy risk","Sensitive, Normal","Vitamin C, Papain",Strong acids/retinoids same time,1,4.0-6.0,Consult doctor,Yes,Budget ($)
Neem Extract,Antibacterial/Purifying Botanical (Ayurvedic),Moisturizer/Cream,Traditional antibacterial and anti-inflammatory extract,"Treats acne, purifies skin","Nickel-sized amount, applied as final hydrating step",Night,1x daily at night,N/A,Yes,Strong scent; patch test recommended,"Oily, Acne-prone","Niacinamide, Tea Tree Oil",None significant,1,5.0-6.0,Consult doctor,Yes,Premium ($$$)
Retinyl Acetate,Retinoid (Mild Ester),Face Mask,"Stable retinoid ester, gradual conversion",Gentle texture and tone improvement,"Apply for 10-15 minutes, 1-3x per week, then rinse or wipe off",Night,1x daily at night,N/A,Yes,Avoid in pregnancy,"Sensitive, Normal","Niacinamide, Peptides",AHA/BHA at same time,1,5.5-6.5,No,No,Mid-Range ($$)
Sea Buckthorn Oil,Facial Oil (Botanical),Spot Treatment,Rich in omega fatty acids and carotenoids,"Nourishes, supports barrier, mild brightening",Dab a small amount directly onto targeted area,Night,1x daily at night,N/A,Yes,Can stain fabrics; patch test for sensitivity,"Dry, Mature, Normal","Squalane, Ceramides",None significant,2,N/A,Yes,Yes,Budget ($)
Chamomile Extract,Soothing Botanical,Serum,"Anti-inflammatory, calming flavonoids",Reduces redness and sensitivity,"1-2 drops, pressed into skin before heavier products",Both,Daily,N/A,Yes,Ragweed-allergy sufferers should patch test,"Sensitive, Rosacea-prone","Bisabolol, Panthenol",None significant,0,5.0-6.5,Yes,Yes,Mid-Range ($$)
Panthenol (Pro-Vitamin B5),Barrier Support/Humectant,Spot Treatment,"Soothes and hydrates, supports barrier repair","Calms irritation, improves elasticity",Dab a small amount directly onto targeted area,Both,Daily,N/A,Yes,Very well tolerated,"Sensitive, Dry, All skin types","Ceramides, Niacinamide",None significant,0,5.0-7.0,Yes,No,Premium ($$$)
Fermented Barley Extract,Fermented Botanical (K-beauty),Facial Oil,Fermentation-derived brightening and conditioning extract,"Brightens, softens texture","2-3 drops, pressed on as the last step to seal in moisture",Both,Daily,N/A,Yes,Minimal restrictions,"All skin types, Dull skin","Niacinamide, Rice Water Extract",None significant,0,5.0-6.0,Yes,No,Budget ($)
Flaxseed Oil,Facial Oil (Botanical),Facial Oil,Omega-3 rich soothing oil,"Calms inflammation, supports barrier","2-3 drops, pressed on as the last step to seal in moisture",Night,1x daily at night,N/A,Yes,Oxidizes quickly; store properly,"Sensitive, Dry, Eczema-prone","Ceramides, Panthenol",None significant,2,N/A,Yes,No,Budget ($)
Peptide Complex (Matrixyl-type),Peptide,Toner/Essence,Signals collagen and elastin production,"Firms skin, reduces wrinkle depth","Pat into skin after cleansing, before serum",Night,1x daily at night,2%,Yes,Minimal restrictions,"Mature, Normal, All skin types","Hyaluronic Acid, Niacinamide",Strong acids same time,0,5.0-7.0,Consult doctor,No,Premium ($$$)
Licorice Root Extract,Brightening/Soothing,Facial Oil,"Tyrosinase inhibitor, anti-inflammatory","Brightens dark spots, calms redness","2-3 drops, pressed on as the last step to seal in moisture",Both,Daily,N/A,Yes,Minimal restrictions,"All skin types, Hyperpigmentation-prone","Niacinamide, Vitamin C",None significant,0,5.0-6.0,Yes,No,Mid-Range ($$)
Adapalene,Retinoid (OTC Acne Treatment),Toner/Essence,Selective retinoic acid receptor agonist,"Treats and prevents acne, refines texture","Pat into skin after cleansing, before serum",Night,1x daily at night,N/A,Yes,Avoid in pregnancy; avoid with other exfoliants same time,"Oily, Acne-prone","Moisturizers, Niacinamide","Benzoyl Peroxide, AHA/BHA together",1,5.0-6.0,No,Yes,Budget ($)
Comfrey Root Extract (Allantoin source),Soothing/Healing Botanical,Face Mask,"Traditional wound-healing, soothing extract","Calms irritation, supports skin repair","Apply for 10-15 minutes, 1-3x per week, then rinse or wipe off",Both,Daily,N/A,Yes,Use standardized cosmetic-grade extract only,"Sensitive, Post-procedure","Allantoin, Panthenol",None significant,0,5.0-6.0,Consult doctor,Yes,Mid-Range ($$)
Idebenone,Antioxidant (Synthetic CoQ10 analog),Toner/Essence,Potent free-radical scavenger,"Reduces visible signs of aging, protects skin","Pat into skin after cleansing, before serum",Both,Daily,N/A,Yes,Minimal restrictions,"Mature, Normal","Vitamin C, Peptides",None significant,0,5.0-6.5,Consult doctor,No,Budget ($)
Vetiver Extract,Soothing/Astringent Botanical (Ayurvedic),Cleanser,"Traditional calming, mildly astringent extract","Soothes, balances oil, calming aroma","Massage onto damp skin for 30-60 seconds, rinse",Both,Daily,N/A,Yes,Fragrance sensitivity possible; patch test,"Oily, Sensitive","Witch Hazel, Green Tea Extract",None significant,0,5.0-6.0,Consult doctor,Yes,Budget ($)
Galactomyces Ferment Filtrate,Fermented/Biotech Ingredient,Toner/Essence,Sake-fermentation byproduct rich in B vitamins,"Brightens, refines pores, softens texture","Pat into skin after cleansing, before serum",Both,Daily,N/A,Yes,Minimal restrictions,"All skin types, Dull skin, Combination","Niacinamide, Vitamin C",None significant,0,5.0-6.5,Yes,No,Mid-Range ($$)
Elastin,Firming Ingredient,Toner/Essence,"Supports the look of skin elasticity (topical, surface-level)",Improves the appearance of firmness,"Pat into skin after cleansing, before serum",Both,Daily,N/A,Yes,Minimal restrictions,"Mature, Normal","Peptides, Collagen",None significant,0,5.0-7.0,Consult doctor,No,Mid-Range ($$)
Plant Squalene,Emollient (Precursor to Squalane),Toner/Essence,"Unstabilized precursor oil, rich emollient",Softens and nourishes skin,"Pat into skin after cleansing, before serum",Night,1x daily at night,N/A,Yes,Oxidizes faster than squalane; store properly,"Dry, Normal","Squalane, Vitamin E",None significant,2,N/A,Yes,No,Premium ($$$)
Polyglutamic Acid,Humectant (Fermentation-derived),Moisturizer/Cream,Holds moisture even more than hyaluronic acid,"Deep, long-lasting hydration and plumping","Nickel-sized amount, applied as final hydrating step",Both,Daily,N/A,Yes,Minimal restrictions,"All skin types, Dry, Dehydrated skin","Hyaluronic Acid, Ceramides",None significant,0,5.0-7.0,Yes,No,Budget ($)
Bilberry Extract,Antioxidant Botanical,Facial Oil,"Anthocyanin-rich antioxidant, mild AHA source",Brightens and protects skin,"2-3 drops, pressed on as the last step to seal in moisture",Both,Daily,N/A,Yes,Minimal restrictions,"All skin types, Dull skin","Vitamin C, Niacinamide",None significant,0,4.5-6.0,Yes,No,Mid-Range ($$)
Lauryl Glucoside,Mild Cleansing Surfactant,Face Mask,Plant-derived gentle foaming cleanser base,Cleanses effectively without stripping,"Apply for 10-15 minutes, 1-3x per week, then rinse or wipe off",Both,Daily,N/A,Yes,Minimal restrictions,All skin types,"Coco-Glucoside, Ceramides",None significant,0,5.0-6.5,Yes,No,Budget ($)
Shea Butter,Emollient (Butter),Moisturizer/Cream,"Rich fatty-acid emollient, deeply moisturizing","Softens very dry or rough skin, seals in moisture","Nickel-sized amount, applied as final hydrating step",Both,Daily,N/A,Yes,Can feel heavy on very oily skin,"Dry, Very Dry, Mature","Ceramides, Squalane",None significant,2,N/A,Yes,No,Premium ($$$)
Rice Bran Extract,Antioxidant/Brightening Botanical,Spot Treatment,Rich in ferulic acid and vitamin E,"Brightens tone, softens texture",Dab a small amount directly onto targeted area,Both,Daily,N/A,Yes,Minimal restrictions,"All skin types, Dull skin","Vitamin C, Niacinamide",None significant,0,5.0-6.5,Yes,No,Mid-Range ($$)
Blueberry Extract,Antioxidant Botanical,Face Mask,Anthocyanin-rich antioxidant fruit extract,Protects and brightens dull skin,"Apply for 10-15 minutes, 1-3x per week, then rinse or wipe off",Both,Daily,N/A,Yes,Minimal restrictions,"All skin types, Dull skin","Vitamin C, Niacinamide",None significant,0,5.0-6.0,Yes,No,Mid-Range ($$)
Phenylethyl Resorcinol (Symwhite 377),Brightening Agent (Tyrosinase Inhibitor),Cleanser,Synthetic resorcinol derivative for tone-evening,Brightens and evens skin tone,"Massage onto damp skin for 30-60 seconds, rinse",Both,Daily,N/A,Yes,Generally well tolerated,"Hyperpigmentation-prone, All skin types","Niacinamide, Vitamin C",None significant,0,5.0-6.5,Consult doctor,No,Mid-Range ($$)
"FGF (Fibroblast Growth Factor, Recombinant)",Regenerative/Biotech,Toner/Essence,Recombinant protein supporting fibroblast collagen output,Supports firmness and skin density,"Pat into skin after cleansing, before serum",Night,1x daily at night,5%,Yes,"Emerging ingredient; consult dermatologist, limited long-term data","Mature, Normal","Peptides, Hyaluronic Acid",Strong acids same time,0,5.0-7.0,Consult doctor,Yes,Mid-Range ($$)
Kaolin Clay,Purifying/Oil Control,Serum,"Absorbs excess sebum, gentle mineral clay","Mattifies, minimizes shine, softens texture","1-2 drops, pressed into skin before heavier products",Night,1x daily at night,N/A,Yes,Can be drying for dry skin,"Oily, Combination, Acne-prone","Niacinamide, Salicylic Acid",Overuse with other drying actives,0,N/A,Yes,No,Premium ($$$)
Beta Carotene,Antioxidant (Provitamin A),Face Mask,"Precursor antioxidant, supports skin renewal",Supports even tone and radiance,"Apply for 10-15 minutes, 1-3x per week, then rinse or wipe off",Both,Daily,N/A,Yes,Minimal restrictions,All skin types,"Vitamin C, Vitamin E",None significant,0,N/A,Yes,No,Budget ($)
Retinol,Retinoid,Toner/Essence,"Increases cell turnover, boosts collagen synthesis","Reduces fine lines, smooths texture, fades dark spots","Pat into skin after cleansing, before serum",Night,"2-3x per week, building up to nightly",0.01%,Yes,"Avoid during pregnancy/breastfeeding, on broken skin, or with active sunburn","Normal, Oily, Combination, Mature","Niacinamide, Peptides, Ceramides","AHA/BHA, Benzoyl Peroxide, Vitamin C in same routine",2,5.5-6.0,No,Yes,Premium ($$$)
Manuka Honey Extract,Humectant/Antibacterial (Botanical),Toner/Essence,Natural humectant with antibacterial properties,Hydrates and supports acne-prone skin,"Pat into skin after cleansing, before serum",Both,Daily,N/A,Yes,Minimal restrictions; patch test for bee-product allergy,"Acne-prone, Dry, Sensitive","Niacinamide, Panthenol",None significant,1,N/A,Yes,Yes,Budget ($)
Tinosorb M,UV Filter (Hybrid Organic/Mineral),Spot Treatment,Hybrid particle UVA/UVB filter,Broad-spectrum protection with good tolerability,Dab a small amount directly onto targeted area,Morning,Daily,N/A,N/A (is the sunscreen),Reapply every 2 hours in sun exposure,"Sensitive, All skin types",Antioxidants under sunscreen,None significant,1,N/A,Yes,No,Budget ($)
Phytosterols,Barrier Lipid (Plant-derived),Moisturizer/Cream,Plant-based lipid supporting barrier repair,Soothes and repairs compromised barrier,"Nickel-sized amount, applied as final hydrating step",Both,Daily,N/A,Yes,Minimal restrictions,"Sensitive, Dry","Ceramides, Fatty Acids",None significant,1,N/A,Yes,No,Budget ($)
Cocoa Butter,Emollient (Butter),Face Mask,"Rich, occlusive plant butter",Deeply moisturizes and softens,"Apply for 10-15 minutes, 1-3x per week, then rinse or wipe off",Both,Daily,N/A,Yes,Comedogenic for acne-prone users,"Dry, Very Dry","Shea Butter, Squalane",None significant,4,N/A,Yes,No,Mid-Range ($$)
Copper Tripeptide-1,Peptide (Copper-bound),Facial Oil,Supports collagen remodeling and wound healing,"Firms, repairs, improves elasticity","2-3 drops, pressed on as the last step to seal in moisture",Night,1x daily at night,N/A,Yes,Avoid direct mixing with Vitamin C,"Mature, Normal","Hyaluronic Acid, Ceramides",Vitamin C at same time,0,5.0-7.0,Consult doctor,No,Budget ($)
Copper Tripeptide-1,Peptide (Copper-bound),Cleanser,Supports collagen remodeling and wound healing,"Firms, repairs, improves elasticity","Massage onto damp skin for 30-60 seconds, rinse",Night,1x daily at night,N/A,Yes,Avoid direct mixing with Vitamin C,"Mature, Normal","Hyaluronic Acid, Ceramides",Vitamin C at same time,0,5.0-7.0,Consult doctor,No,Mid-Range ($$)
Rosehip Oil,Facial Oil (Botanical),Face Mask,"Vitamin A and C rich, regenerative","Fades scars, brightens, anti-aging","Apply for 10-15 minutes, 1-3x per week, then rinse or wipe off",Night,1x daily at night,N/A,Yes,Can oxidize quickly; store in dark bottle,"Dry, Mature, Normal","Vitamin C, Squalane",Strong retinoids same time,2,N/A,Consult doctor,No,Budget ($)
Tinosorb M,UV Filter (Hybrid Organic/Mineral),Serum,Hybrid particle UVA/UVB filter,Broad-spectrum protection with good tolerability,"1-2 drops, pressed into skin before heavier products",Morning,Daily,N/A,N/A (is the sunscreen),Reapply every 2 hours in sun exposure,"Sensitive, All skin types",Antioxidants under sunscreen,None significant,1,N/A,Yes,No,Mid-Range ($$)
Moringa Oil,Facial Oil (Botanical),Spot Treatment,Antioxidant-rich oleic-acid oil,Deeply nourishes and softens mature skin,Dab a small amount directly onto targeted area,Night,1x daily at night,N/A,Yes,Minimal restrictions,"Dry, Mature","Squalane, Vitamin E",None significant,2,N/A,Yes,No,Premium ($$$)
Idebenone,Antioxidant (Synthetic CoQ10 analog),Cleanser,Potent free-radical scavenger,"Reduces visible signs of aging, protects skin","Massage onto damp skin for 30-60 seconds, rinse",Both,Daily,N/A,Yes,Minimal restrictions,"Mature, Normal","Vitamin C, Peptides",None significant,0,5.0-6.5,Consult doctor,No,Budget ($)
Schisandra Berry Extract,Adaptogen/Antioxidant Botanical,Spot Treatment,Adaptogenic antioxidant supporting skin resilience,Protects against stress-induced aging,Dab a small amount directly onto targeted area,Both,Daily,N/A,Yes,Minimal restrictions,"Mature, Normal","Niacinamide, Vitamin C",None significant,0,5.0-6.0,Consult doctor,No,Premium ($$$)
Capryloyl Salicylic Acid,BHA (Lipophilic Derivative),Toner/Essence,Modified salicylic acid with deeper pore penetration,"Refines pores, reduces breakouts","Pat into skin after cleansing, before serum",Night,1x daily at night,N/A,Yes,Avoid on dry/compromised skin,"Oily, Acne-prone","Niacinamide, Zinc PCA",Retinoids same time,1,3.5-4.5,Consult doctor,Yes,Budget ($)
Upcycled Coffee Cherry Extract,Antioxidant (Upcycled/Sustainable),Serum,Byproduct rich in chlorogenic acid antioxidants,"Brightens, firms, protects","1-2 drops, pressed into skin before heavier products",Both,Daily,N/A,Yes,Minimal restrictions,"All skin types, Mature","Niacinamide, Vitamin C",None significant,0,5.0-6.5,Yes,No,Mid-Range ($$)
Chrysanthemum Extract,Soothing/Antioxidant Botanical,Toner/Essence,Calming floral extract with antioxidant properties,"Calms redness, adds antioxidant protection","Pat into skin after cleansing, before serum",Both,Daily,N/A,Yes,Fragrance allergy risk for very sensitive skin,"Sensitive, All skin types","Chamomile, Bisabolol",None significant,0,5.0-6.0,Consult doctor,Yes,Budget ($)
Kokum Butter,Emollient (Butter),Moisturizer/Cream,"Firm, stable plant butter",Moisturizes and softens rough patches,"Nickel-sized amount, applied as final hydrating step",Both,Daily,N/A,Yes,Minimal restrictions,"Dry, Very Dry","Shea Butter, Squalane",None significant,2,N/A,Yes,No,Budget ($)
Yarrow Extract,Soothing/Astringent Botanical,Serum,"Anti-inflammatory extract, mild pore-tightening effect","Calms redness, balances oily skin","1-2 drops, pressed into skin before heavier products",Both,Daily,N/A,Yes,Fragrance-family sensitivity possible; patch test,"Sensitive, Oily, Rosacea-prone","Chamomile, Witch Hazel",None significant,0,5.0-6.0,Consult doctor,Yes,Mid-Range ($$)
Rutin,Antioxidant (Flavonoid),Spot Treatment,"Plant flavonoid antioxidant, vascular-supportive","Protects against oxidative stress, calms redness",Dab a small amount directly onto targeted area,Both,Daily,N/A,Yes,Minimal restrictions,"Sensitive, Rosacea-prone","Vitamin C, Niacinamide",None significant,0,5.0-6.0,Yes,No,Budget ($)
Hyaluronic Acid,Humectant,Toner/Essence,Binds up to 1000x its weight in water,"Deep hydration, plumps fine lines","Pat into skin after cleansing, before serum",Both,Daily,1%,Yes,Apply to damp skin; can dehydrate in very dry climates if used alone,"All skin types, Dry","Niacinamide, Ceramides, Peptides",None significant,0,5.0-7.0,Yes,No,Budget ($)
Tetrahexyldecyl Ascorbate,Vitamin C Derivative (Oil-soluble),Moisturizer/Cream,"Stable, oil-soluble Vitamin C form","Brightening with excellent stability, low irritation","Nickel-sized amount, applied as final hydrating step",Both,Daily,N/A,Yes,Minimal restrictions,"All skin types, Sensitive","Vitamin E, Ferulic Acid",Strong acids same time,1,5.5-7.0,Yes,No,Mid-Range ($$)
Calendula Extract,Soothing/Healing Botanical,Toner/Essence,"Anti-inflammatory, wound-healing properties","Soothes irritation, supports healing","Pat into skin after cleansing, before serum",Both,Daily,N/A,Yes,Ragweed-allergy sufferers should patch test,"Sensitive, Dry, Post-procedure","Panthenol, Centella Asiatica",None significant,0,5.0-6.5,Yes,Yes,Premium ($$$)
Bisabolol,Soothing Agent (Chamomile-derived),Moisturizer/Cream,"Anti-inflammatory, calming",Reduces redness and sensitivity,"Nickel-sized amount, applied as final hydrating step",Both,Daily,N/A,Yes,Minimal restrictions,"Sensitive, All skin types","Centella Asiatica, Panthenol",None significant,0,N/A,Yes,No,Premium ($$$)
Mineral Sunscreen Filters (Zinc Oxide),UV Filter,Face Mask,Physical barrier reflecting UV rays,Broad-spectrum sun protection,"Apply for 10-15 minutes, 1-3x per week, then rinse or wipe off",Morning,Daily,N/A,N/A (is the sunscreen),Reapply every 2 hours in sun exposure,"All skin types, Sensitive",Antioxidants under sunscreen,None significant,0,N/A,Yes,No,Mid-Range ($$)
Dragon's Blood Sap Extract,Brightening/Soothing Botanical,Facial Oil,"Plant resin extract with antioxidant, healing properties","Calms redness, supports even tone","2-3 drops, pressed on as the last step to seal in moisture",Both,Daily,N/A,Yes,Minimal restrictions,"Sensitive, Hyperpigmentation-prone","Centella Asiatica, Niacinamide",None significant,0,5.0-6.0,Consult doctor,No,Budget ($)
Coconut Oil,Facial Oil (Botanical),Moisturizer/Cream,"Rich, occlusive saturated-fat oil","Deeply moisturizes very dry, non-acne-prone skin","Nickel-sized amount, applied as final hydrating step",Night,1x daily at night,N/A,Yes,Highly comedogenic; avoid on acne-prone skin,"Very Dry, Normal (not for acne-prone)",Shea Butter,Use on acne-prone skin,4,N/A,Yes,No,Mid-Range ($$)
Sodium Cocoyl Isethionate,Mild Cleansing Surfactant,Face Mask,"Coconut-derived gentle cleansing agent, low irritation",Cleanses gently while preserving barrier,"Apply for 10-15 minutes, 1-3x per week, then rinse or wipe off",Both,Daily,N/A,Yes,Minimal restrictions,"Sensitive, Dry, All skin types","Ceramides, Glycerin",None significant,0,5.0-6.5,Yes,No,Budget ($)
Kombucha Ferment Extract,Fermented/Probiotic Botanical,Cleanser,Fermentation-derived exfoliating and hydrating blend,"Softens texture, supports microbiome","Massage onto damp skin for 30-60 seconds, rinse",Both,Daily,N/A,Yes,Minimal restrictions,"All skin types, Dull skin","Postbiotics, Niacinamide",None significant,0,4.5-5.5,Yes,No,Mid-Range ($$)
Colostrum Extract,Regenerative/Barrier Ingredient,Toner/Essence,Protein and growth-factor rich extract for repair support,Supports barrier recovery and hydration,"Pat into skin after cleansing, before serum",Both,Daily,N/A,Yes,"Emerging ingredient; patch test, consult doctor for allergies","Sensitive, Mature","Peptides, Ceramides",None significant,0,5.0-6.5,Consult doctor,Yes,Mid-Range ($$)
Kokum Butter,Emollient (Butter),Cleanser,"Firm, stable plant butter",Moisturizes and softens rough patches,"Massage onto damp skin for 30-60 seconds, rinse",Both,Daily,N/A,Yes,Minimal restrictions,"Dry, Very Dry","Shea Butter, Squalane",None significant,2,N/A,Yes,No,Premium ($$$)
Dipeptide Diaminobutyroyl Benzylamide Diacetate (Syn-Ake),Peptide (Snake-venom mimicking),Spot Treatment,Mimics muscle-relaxing effect for expression lines,Softens fine lines from repeated expressions,Dab a small amount directly onto targeted area,Night,1x daily at night,N/A,Yes,Minimal restrictions,"Mature, Normal",Peptide complexes,None significant,0,5.0-7.0,Consult doctor,No,Mid-Range ($$)
NAD+ (Nicotinamide Adenine Dinucleotide),Regenerative/Biotech,Facial Oil,Supports cellular energy metabolism and repair,"Anti-aging, supports skin resilience","2-3 drops, pressed on as the last step to seal in moisture",Night,1x daily at night,5%,Yes,Emerging ingredient; limited long-term data,"Mature, Normal","Niacinamide, Peptides",None significant,0,5.0-7.0,Consult doctor,Yes,Mid-Range ($$)
Allantoin,Soothing Agent,Facial Oil,"Calms and softens skin, promotes healing","Reduces irritation, supports barrier repair","2-3 drops, pressed on as the last step to seal in moisture",Both,Daily,N/A,Yes,Very low irritation risk,"Sensitive, Dry, All skin types","Panthenol, Ceramides",None significant,0,N/A,Yes,No,Budget ($)
Beta-Sitosterol,Barrier/Anti-inflammatory Lipid,Facial Oil,Plant sterol supporting barrier and calming inflammation,Soothes and repairs sensitive skin,"2-3 drops, pressed on as the last step to seal in moisture",Both,Daily,N/A,Yes,Minimal restrictions,"Sensitive, Dry","Ceramides, Phytosterols",None significant,1,N/A,Yes,No,Premium ($$$)
Coenzyme Q10 (Ubiquinone),Antioxidant,Face Mask,"Supports cellular energy, reduces oxidative stress","Firms skin, reduces fine lines","Apply for 10-15 minutes, 1-3x per week, then rinse or wipe off",Both,Daily,5%,Yes,Minimal restrictions,"Mature, Normal","Vitamin E, Peptides",None significant,1,N/A,Yes,No,Mid-Range ($$)
Yarrow Extract,Soothing/Astringent Botanical,Toner/Essence,"Anti-inflammatory extract, mild pore-tightening effect","Calms redness, balances oily skin","Pat into skin after cleansing, before serum",Both,Daily,N/A,Yes,Fragrance-family sensitivity possible; patch test,"Sensitive, Oily, Rosacea-prone","Chamomile, Witch Hazel",None significant,0,5.0-6.0,Consult doctor,Yes,Premium ($$$)
Pearl Powder,Brightening/Luxury Additive (Marine-derived),Serum,Traditional mineral powder marketed for radiance,Brightens and adds subtle luminosity,"1-2 drops, pressed into skin before heavier products",Both,Daily,N/A,Yes,Minimal restrictions,"Dull skin, All skin types","Niacinamide, Vitamin C",None significant,0,N/A,Consult doctor,No,Mid-Range ($$)
Octinoxate,UV Filter (Chemical),Spot Treatment,Absorbs UVB radiation,Sun protection component in broad-spectrum SPF,Dab a small amount directly onto targeted area,Morning,Daily,N/A,N/A (is the sunscreen),Reapply every 2 hours in sun exposure,"Normal, Oily, Combination",Antioxidants under sunscreen,None significant,2,N/A,Consult doctor,No,Budget ($)
Encapsulated Retinol,Retinoid (Time-release),Facial Oil,Time-released retinol for reduced surface irritation,"Anti-aging with slower, steadier release","2-3 drops, pressed on as the last step to seal in moisture",Night,1x daily at night,N/A,Yes,Avoid in pregnancy,"Sensitive, Normal, Mature","Niacinamide, Ceramides",Strong acids same time,1,5.5-6.5,No,Yes,Mid-Range ($$)
Glutathione,Antioxidant/Brightening Agent,Face Mask,"Master antioxidant, inhibits melanin production","Brightens overall complexion, antioxidant defense","Apply for 10-15 minutes, 1-3x per week, then rinse or wipe off",Both,Daily,N/A,Yes,Topical efficacy debated at low concentrations,"All skin types, Dull skin","Vitamin C, Niacinamide",None significant,0,5.0-6.5,Consult doctor,No,Budget ($)
Marine Collagen,Regenerative/Firming Ingredient,Spot Treatment,"Supports skin structure and firmness (topical, surface-level)",Improves the look of firmness and hydration,Dab a small amount directly onto targeted area,Both,Daily,N/A,Yes,Patch test for fish-derived allergy,"Mature, Dry","Peptides, Hyaluronic Acid",None significant,0,5.0-7.0,Consult doctor,Yes,Premium ($$$)
Sea Fennel Extract,Antioxidant/Detox Botanical,Cleanser,Mineral-rich coastal plant antioxidant,Detoxifies and revitalizes dull skin,"Massage onto damp skin for 30-60 seconds, rinse",Both,Daily,N/A,Yes,Minimal restrictions,"All skin types, Dull skin","Niacinamide, Vitamin C",None significant,0,5.0-6.0,Consult doctor,No,Mid-Range ($$)
Bifida Ferment Lysate,Prebiotic/Fermented Ingredient,Facial Oil,Fermentation-derived skin-conditioning and soothing agent,"Strengthens barrier, calms sensitive skin","2-3 drops, pressed on as the last step to seal in moisture",Both,Daily,N/A,Yes,Minimal restrictions,"Sensitive, All skin types","Postbiotics, Ceramides",None significant,0,5.0-6.0,Yes,No,Premium ($$$)
Copper Tripeptide-1,Peptide (Copper-bound),Spot Treatment,Supports collagen remodeling and wound healing,"Firms, repairs, improves elasticity",Dab a small amount directly onto targeted area,Night,1x daily at night,N/A,Yes,Avoid direct mixing with Vitamin C,"Mature, Normal","Hyaluronic Acid, Ceramides",Vitamin C at same time,0,5.0-7.0,Consult doctor,No,Mid-Range ($$)
Tremella Mushroom Extract,Humectant (Mushroom),Toner/Essence,"Polysaccharide humectant, rivals hyaluronic acid","Deeply hydrates, plumps fine lines","Pat into skin after cleansing, before serum",Both,Daily,N/A,Yes,Minimal restrictions,"Dry, All skin types","Hyaluronic Acid, Ceramides",None significant,0,5.0-6.5,Yes,No,Premium ($$$)
Acetyl Hexapeptide-8 (Argireline),Peptide (Neurotransmitter-inhibiting),Serum,Relaxes micro-muscle contractions,Softens expression lines,"1-2 drops, pressed into skin before heavier products",Night,1x daily at night,N/A,Yes,Minimal restrictions,"Mature, Normal","Peptide complexes, Hyaluronic Acid",None significant,0,5.0-7.0,Consult doctor,No,Premium ($$$)
Apple Stem Cell Extract (PhytoCellTec Malus),Regenerative Botanical/Biotech,Serum,Plant stem cell culture extract for longevity support,Supports skin's own renewal processes,"1-2 drops, pressed into skin before heavier products",Both,Daily,N/A,Yes,Emerging ingredient; limited long-term human data,"Mature, Normal","Peptides, Hyaluronic Acid",None significant,0,5.0-6.5,Consult doctor,No,Budget ($)
Exosomes,Regenerative/Biotech,Facial Oil,Cell-signaling vesicles supporting tissue repair,"Accelerates recovery, boosts radiance","2-3 drops, pressed on as the last step to seal in moisture",Night,1x daily at night,1%,Yes,"Emerging ingredient; consult dermatologist, limited regulation clarity","Mature, Normal, Post-procedure","Peptides, Growth Factors",Strong acids same time,0,5.0-7.0,Consult doctor,Yes,Mid-Range ($$)
Bentonite Clay,Purifying/Oil Control,Spot Treatment,"Strong absorbent clay, draws out impurities","Deep pore cleansing, oil control",Dab a small amount directly onto targeted area,Night,1x daily at night,N/A,Yes,Can be drying; limit frequency for dry skin,"Oily, Acne-prone","Charcoal, Salicylic Acid",Overuse with other drying actives,0,N/A,Yes,No,Premium ($$$)
Capryloyl Salicylic Acid,BHA (Lipophilic Derivative),Cleanser,Modified salicylic acid with deeper pore penetration,"Refines pores, reduces breakouts","Massage onto damp skin for 30-60 seconds, rinse",Night,1x daily at night,N/A,Yes,Avoid on dry/compromised skin,"Oily, Acne-prone","Niacinamide, Zinc PCA",Retinoids same time,1,3.5-4.5,Consult doctor,Yes,Mid-Range ($$)
Snail Mucin,Regenerative/Humectant,Face Mask,Glycoproteins support hydration and repair,"Hydrates, soothes, supports barrier recovery","Apply for 10-15 minutes, 1-3x per week, then rinse or wipe off",Both,Daily,N/A,Yes,Patch test for sensitivity,"Dry, Sensitive, Acne-prone","Niacinamide, Hyaluronic Acid",None significant,1,5.0-6.5,Consult doctor,Yes,Premium ($$$)
Octinoxate,UV Filter (Chemical),Serum,Absorbs UVB radiation,Sun protection component in broad-spectrum SPF,"1-2 drops, pressed into skin before heavier products",Morning,Daily,N/A,N/A (is the sunscreen),Reapply every 2 hours in sun exposure,"Normal, Oily, Combination",Antioxidants under sunscreen,None significant,2,N/A,Consult doctor,No,Budget ($)
Tinosorb M,UV Filter (Hybrid Organic/Mineral),Moisturizer/Cream,Hybrid particle UVA/UVB filter,Broad-spectrum protection with good tolerability,"Nickel-sized amount, applied as final hydrating step",Morning,Daily,N/A,N/A (is the sunscreen),Reapply every 2 hours in sun exposure,"Sensitive, All skin types",Antioxidants under sunscreen,None significant,1,N/A,Yes,No,Mid-Range ($$)
Camellia Oil,Facial Oil (Botanical),Face Mask,"Lightweight, antioxidant-rich oil",Softens and nourishes without heaviness,"Apply for 10-15 minutes, 1-3x per week, then rinse or wipe off",Night,1x daily at night,N/A,Yes,Minimal restrictions,"Dry, Normal, Combination","Squalane, Hyaluronic Acid",None significant,1,N/A,Yes,No,Premium ($$$)
Boron Nitride,Mattifying/Texture Agent,Toner/Essence,Silky mineral powder for soft-focus finish,"Blurs pores, controls shine","Pat into skin after cleansing, before serum",Morning,Daily,N/A,Yes,Minimal restrictions,"Oily, Combination","Silica, Niacinamide",None significant,0,N/A,Yes,No,Mid-Range ($$)
Glutathione,Antioxidant/Brightening Agent,Spot Treatment,"Master antioxidant, inhibits melanin production","Brightens overall complexion, antioxidant defense",Dab a small amount directly onto targeted area,Both,Daily,N/A,Yes,Topical efficacy debated at low concentrations,"All skin types, Dull skin","Vitamin C, Niacinamide",None significant,0,5.0-6.5,Consult doctor,No,Budget ($)
Pineapple Extract,Enzyme/Antioxidant Botanical,Serum,"Bromelain-containing fruit extract, mild exfoliant",Brightens and softens texture gently,"1-2 drops, pressed into skin before heavier products",Night,1x daily at night,N/A,Yes,Avoid on broken skin; mild allergy risk,"Sensitive, Normal, Dull skin","Vitamin C, Papain",Strong acids/retinoids same time,1,4.0-6.0,Consult doctor,Yes,Mid-Range ($$)
Hypochlorous Acid,Antimicrobial/Soothing,Spot Treatment,Mimics the body's natural immune response molecule,"Calms inflammation, reduces bacteria",Dab a small amount directly onto targeted area,Both,Daily,N/A,Yes,Very gentle; minimal restrictions,"Acne-prone, Sensitive, Post-procedure","Centella Asiatica, Niacinamide",None significant,0,4.0-6.0,Yes,No,Premium ($$$)
Alpha Lipoic Acid,Antioxidant,Face Mask,Both water and fat-soluble antioxidant,"Reduces fine lines, brightens skin","Apply for 10-15 minutes, 1-3x per week, then rinse or wipe off",Night,1x daily at night,1%,Yes,Can cause redness in sensitive users,"Normal, Mature","Vitamin C, Vitamin E",Strong acids same time,0,5.5-6.5,Consult doctor,Yes,Budget ($)
Castor Oil,Facial Oil (Botanical),Toner/Essence,"Ricinoleic-acid rich, thick occlusive oil","Seals in moisture, conditions brows/lashes","Pat into skin after cleansing, before serum",Night,1x daily at night,N/A,Yes,Can feel heavy; patch test,"Very Dry, Normal","Squalane, Jojoba Oil",None significant,1,N/A,Yes,Yes,Premium ($$$)
Hypochlorous Acid,Antimicrobial/Soothing,Cleanser,Mimics the body's natural immune response molecule,"Calms inflammation, reduces bacteria","Massage onto damp skin for 30-60 seconds, rinse",Both,Daily,N/A,Yes,Very gentle; minimal restrictions,"Acne-prone, Sensitive, Post-procedure","Centella Asiatica, Niacinamide",None significant,0,4.0-6.0,Yes,No,Mid-Range ($$)
Idebenone,Antioxidant (Synthetic CoQ10 analog),Moisturizer/Cream,Potent free-radical scavenger,"Reduces visible signs of aging, protects skin","Nickel-sized amount, applied as final hydrating step",Both,Daily,N/A,Yes,Minimal restrictions,"Mature, Normal","Vitamin C, Peptides",None significant,0,5.0-6.5,Consult doctor,No,Mid-Range ($$)
Ceramides,Barrier Lipid,Spot Treatment,Restores and reinforces skin barrier lipids,"Locks in moisture, reduces sensitivity",Dab a small amount directly onto targeted area,Both,Daily,N/A,Yes,Minimal restrictions,"Dry, Sensitive, Mature, All","Hyaluronic Acid, Cholesterol, Fatty Acids",None significant,1,N/A,Yes,No,Mid-Range ($$)
Nylon-12,Mattifying/Texture Agent,Facial Oil,Synthetic powder that absorbs oil and blurs texture,"Mattifies shine, softens visual texture","2-3 drops, pressed on as the last step to seal in moisture",Morning,Daily,N/A,Yes,Minimal restrictions,"Oily, Combination","Silica, Niacinamide",None significant,0,N/A,Yes,No,Budget ($)
Retinyl Acetate,Retinoid (Mild Ester),Moisturizer/Cream,"Stable retinoid ester, gradual conversion",Gentle texture and tone improvement,"Nickel-sized amount, applied as final hydrating step",Night,1x daily at night,N/A,Yes,Avoid in pregnancy,"Sensitive, Normal","Niacinamide, Peptides",AHA/BHA at same time,1,5.5-6.5,No,No,Premium ($$$)
Trehalose,Humectant/Stress Protectant,Toner/Essence,"Sugar-based humectant, protects cells from dehydration",Hydrates and protects against environmental stress,"Pat into skin after cleansing, before serum",Both,Daily,N/A,Yes,Minimal restrictions,"All skin types, Sensitive","Beta-Glucan, Ceramides",None significant,0,N/A,Yes,No,Premium ($$$)
Citric Acid,AHA (Alpha Hydroxy Acid),Cleanser,"Fruit-derived exfoliant, also a pH adjuster",Brightens and gently exfoliates,"Massage onto damp skin for 30-60 seconds, rinse",Night,2-3x per week,5%,Yes,Avoid on broken/sunburned skin,"Normal, Oily, Combination","Niacinamide, Hyaluronic Acid","Retinoids, other acids together",1,3.0-4.0,Consult doctor,Yes,Mid-Range ($$)
Octocrylene,UV Filter (Chemical),Toner/Essence,"Absorbs UVB, stabilizes other filters","Sun protection, boosts SPF stability","Pat into skin after cleansing, before serum",Morning,Daily,N/A,N/A (is the sunscreen),Reapply every 2 hours in sun exposure,"Normal, Oily, Combination",Antioxidants under sunscreen,None significant,2,N/A,Consult doctor,No,Premium ($$$)
Retinol,Retinoid,Cleanser,"Increases cell turnover, boosts collagen synthesis","Reduces fine lines, smooths texture, fades dark spots","Massage onto damp skin for 30-60 seconds, rinse",Night,"2-3x per week, building up to nightly",0.025%,Yes,"Avoid during pregnancy/breastfeeding, on broken skin, or with active sunburn","Normal, Oily, Combination, Mature","Niacinamide, Peptides, Ceramides","AHA/BHA, Benzoyl Peroxide, Vitamin C in same routine",2,5.5-6.0,No,Yes,Premium ($$$)
Sodium Ascorbyl Phosphate,Vitamin C Derivative,Moisturizer/Cream,"Stable, gentler form of Vitamin C",Brightening with less irritation,"Nickel-sized amount, applied as final hydrating step",Both,Daily,15%,Yes,"Well tolerated, minimal restrictions","Sensitive, All skin types","Niacinamide, Hyaluronic Acid",Strong acids,0,6.0-7.0,Yes,No,Premium ($$$)
Chrysanthemum Extract,Soothing/Antioxidant Botanical,Facial Oil,Calming floral extract with antioxidant properties,"Calms redness, adds antioxidant protection","2-3 drops, pressed on as the last step to seal in moisture",Both,Daily,N/A,Yes,Fragrance allergy risk for very sensitive skin,"Sensitive, All skin types","Chamomile, Bisabolol",None significant,0,5.0-6.0,Consult doctor,Yes,Budget ($)
Camellia Oil,Facial Oil (Botanical),Toner/Essence,"Lightweight, antioxidant-rich oil",Softens and nourishes without heaviness,"Pat into skin after cleansing, before serum",Night,1x daily at night,N/A,Yes,Minimal restrictions,"Dry, Normal, Combination","Squalane, Hyaluronic Acid",None significant,1,N/A,Yes,No,Budget ($)
Trifarotene,"Retinoid (Prescription, 4th-gen)",Toner/Essence,Highly selective RAR-gamma receptor agonist,"Treats acne and photoaging, prescription strength","Pat into skin after cleansing, before serum",Night,1x daily at night,N/A,Yes,Avoid in pregnancy; prescription supervision required,"Acne-prone, Normal","Moisturizers, Ceramides","AHA/BHA, Benzoyl Peroxide together",1,5.0-6.0,No,Yes,Mid-Range ($$)
Nylon-12,Mattifying/Texture Agent,Serum,Synthetic powder that absorbs oil and blurs texture,"Mattifies shine, softens visual texture","1-2 drops, pressed into skin before heavier products",Morning,Daily,N/A,Yes,Minimal restrictions,"Oily, Combination","Silica, Niacinamide",None significant,0,N/A,Yes,No,Mid-Range ($$)
Retin-A (Tretinoin),Retinoid (Prescription),Moisturizer/Cream,Gold-standard retinoic acid for cell turnover,"Treats acne, wrinkles, hyperpigmentation","Nickel-sized amount, applied as final hydrating step",Night,"2-3x per week, building up to nightly (as directed by doctor)",0.05%,Yes,Avoid in pregnancy; avoid with exfoliating acids and benzoyl peroxide same time,"Normal, Oily, Mature","Moisturizers, Ceramides","AHA/BHA, Vitamin C, Benzoyl Peroxide",1,4.0-6.0,No,Yes,Budget ($)
Sunflower Seed Oil,Facial Oil (Botanical),Moisturizer/Cream,Linoleic-acid rich lightweight oil,Supports barrier without heaviness,"Nickel-sized amount, applied as final hydrating step",Both,Daily,N/A,Yes,Minimal restrictions,"Normal, Combination, Acne-prone","Niacinamide, Squalane",None significant,1,N/A,Yes,No,Mid-Range ($$)
Tulsi (Holy Basil) Extract,Adaptogen Botanical (Ayurvedic),Moisturizer/Cream,"Traditional adaptogenic, purifying extract","Calms stressed skin, purifies pores","Nickel-sized amount, applied as final hydrating step",Both,Daily,N/A,Yes,Minimal restrictions,"Oily, Combination, Sensitive","Niacinamide, Centella Asiatica",None significant,0,5.0-6.0,Consult doctor,No,Budget ($)
Coconut Oil,Facial Oil (Botanical),Toner/Essence,"Rich, occlusive saturated-fat oil","Deeply moisturizes very dry, non-acne-prone skin","Pat into skin after cleansing, before serum",Night,1x daily at night,N/A,Yes,Highly comedogenic; avoid on acne-prone skin,"Very Dry, Normal (not for acne-prone)",Shea Butter,Use on acne-prone skin,4,N/A,Yes,No,Premium ($$$)
Bilberry Extract,Antioxidant Botanical,Moisturizer/Cream,"Anthocyanin-rich antioxidant, mild AHA source",Brightens and protects skin,"Nickel-sized amount, applied as final hydrating step",Both,Daily,N/A,Yes,Minimal restrictions,"All skin types, Dull skin","Vitamin C, Niacinamide",None significant,0,4.5-6.0,Yes,No,Premium ($$$)
Blue Tansy Extract,Soothing Botanical (Azulene),Moisturizer/Cream,"Anti-inflammatory, calming blue pigment oil",Calms redness and irritation,"Nickel-sized amount, applied as final hydrating step",Night,1x daily at night,N/A,Yes,Patch test; potent essential oil derivative,"Sensitive, Rosacea-prone","Centella Asiatica, Chamomile",None significant,1,N/A,Consult doctor,Yes,Mid-Range ($$)
Baobab Oil,Facial Oil (Botanical),Moisturizer/Cream,Vitamin-rich emollient oil,Deeply nourishes dry or mature skin,"Nickel-sized amount, applied as final hydrating step",Night,1x daily at night,N/A,Yes,Minimal restrictions,"Dry, Mature","Squalane, Ceramides",None significant,2,N/A,Yes,No,Mid-Range ($$)
Cysteamine HCl,Brightening Agent (Antioxidant-derived),Cleanser,Potent melanin-synthesis inhibitor,Treats stubborn melasma and dark spots,"Massage onto damp skin for 30-60 seconds, rinse",Night,1x daily at night,N/A,Yes,Distinct odor; avoid mixing with other actives same session,"Hyperpigmentation-prone, Melasma-prone",Niacinamide (alternate use),"Vitamin C, retinoids same session",0,4.0-5.5,Consult doctor,Yes,Premium ($$$)
Mugwort Extract,Soothing Botanical (K-beauty),Moisturizer/Cream,Anti-inflammatory botanical popular in Korean skincare,Calms redness and sensitivity,"Nickel-sized amount, applied as final hydrating step",Both,Daily,N/A,Yes,Minimal restrictions,"Sensitive, Rosacea-prone","Centella Asiatica, Panthenol",None significant,0,5.0-6.0,Consult doctor,No,Premium ($$$)
Granactive Retinoid,Retinoid (Next-gen Ester Blend),Face Mask,Modern retinoid ester with reduced irritation profile,"Smooths texture, fades fine lines gently","Apply for 10-15 minutes, 1-3x per week, then rinse or wipe off",Night,1x daily at night,N/A,Yes,Avoid in pregnancy,"Sensitive, Normal, Beginner retinoid users","Niacinamide, Hyaluronic Acid",Strong acids same time,1,5.5-6.5,No,No,Budget ($)
Sodium PCA,Humectant (Natural Moisturizing Factor),Toner/Essence,Naturally occurring skin humectant,Hydrates and supports moisture retention,"Pat into skin after cleansing, before serum",Both,Daily,N/A,Yes,Minimal restrictions,"All skin types, Dry","Hyaluronic Acid, Glycerin",None significant,0,N/A,Yes,No,Budget ($)
Xylitylglucoside,Humectant (Sugar-derived),Face Mask,Biomimetic sugar humectant supporting NMF,Hydrates and reinforces natural moisture factors,"Apply for 10-15 minutes, 1-3x per week, then rinse or wipe off",Both,Daily,N/A,Yes,Minimal restrictions,"All skin types, Dry","Hyaluronic Acid, Glycerin",None significant,0,N/A,Yes,No,Premium ($$$)
Tea Tree Oil,Acne Treatment (Botanical),Spot Treatment,Natural antimicrobial,"Spot treats blemishes, reduces bacteria",Dab a small amount directly onto targeted area,Night,1x daily at night,N/A,Yes,Dilute before use; can irritate undiluted,"Oily, Acne-prone","Niacinamide, Zinc PCA",Strong acids same time,2,N/A,Consult doctor,Yes,Mid-Range ($$)
Octinoxate,UV Filter (Chemical),Moisturizer/Cream,Absorbs UVB radiation,Sun protection component in broad-spectrum SPF,"Nickel-sized amount, applied as final hydrating step",Morning,Daily,N/A,N/A (is the sunscreen),Reapply every 2 hours in sun exposure,"Normal, Oily, Combination",Antioxidants under sunscreen,None significant,2,N/A,Consult doctor,No,Premium ($$$)
Bifida Ferment Lysate,Prebiotic/Fermented Ingredient,Cleanser,Fermentation-derived skin-conditioning and soothing agent,"Strengthens barrier, calms sensitive skin","Massage onto damp skin for 30-60 seconds, rinse",Both,Daily,N/A,Yes,Minimal restrictions,"Sensitive, All skin types","Postbiotics, Ceramides",None significant,0,5.0-6.0,Yes,No,Mid-Range ($$)
Bhringraj Oil,Facial Oil (Ayurvedic Botanical),Facial Oil,Traditional anti-aging and soothing oil,"Nourishes, calms, supports elasticity","2-3 drops, pressed on as the last step to seal in moisture",Night,1x daily at night,N/A,Yes,Patch test for sensitivity,"Dry, Mature, Sensitive","Squalane, Centella Asiatica",None significant,2,N/A,Consult doctor,Yes,Mid-Range ($$)
Linoleic Acid,Fatty Acid (Barrier Support),Face Mask,Essential omega-6 fatty acid for barrier lipids,"Supports barrier, reduces congestion in oily skin","Apply for 10-15 minutes, 1-3x per week, then rinse or wipe off",Both,Daily,N/A,Yes,Minimal restrictions,"Oily, Acne-prone, Combination","Niacinamide, Ceramides",None significant,1,N/A,Yes,No,Mid-Range ($$)
Polyhydroxy Acid (PHA),PHA,Serum,Gentle surface exfoliation with humectant effect,"Mild exfoliation for sensitive skin, hydration","1-2 drops, pressed into skin before heavier products",Both,"Daily, well tolerated",4%,Yes,Minimal restrictions; still patch test,"Sensitive, Rosacea-prone, Dry","Hyaluronic Acid, Ceramides",Strong actives layered heavily,1,3.5-4.5,Consult doctor,No,Premium ($$$)
Ashwagandha Extract,Adaptogen Botanical,Toner/Essence,Adaptogenic extract supporting skin barrier resilience,Calms stress-related dullness and sensitivity,"Pat into skin after cleansing, before serum",Both,Daily,N/A,Yes,Minimal restrictions,"Sensitive, Dull skin","Centella Asiatica, Niacinamide",None significant,0,5.0-6.0,Consult doctor,No,Budget ($)
Trehalose,Humectant/Stress Protectant,Face Mask,"Sugar-based humectant, protects cells from dehydration",Hydrates and protects against environmental stress,"Apply for 10-15 minutes, 1-3x per week, then rinse or wipe off",Both,Daily,N/A,Yes,Minimal restrictions,"All skin types, Sensitive","Beta-Glucan, Ceramides",None significant,0,N/A,Yes,No,Budget ($)
"Bee Venom (Cosmetic-grade, Diluted)",Firming/Stimulating Ingredient,Moisturizer/Cream,Marketed to mimic mild inflammatory firming response,Temporary plumping and firming effect,"Nickel-sized amount, applied as final hydrating step",Night,1x daily at night,N/A,Yes,Bee-product allergy risk; patch test required,"Mature, Normal (not for allergy-prone)","Peptides, Hyaluronic Acid",Strong acids same time,0,5.0-6.5,Consult doctor,Yes,Mid-Range ($$)
Goji Berry Extract,Antioxidant Botanical,Serum,Nutrient-dense antioxidant fruit extract,Brightens and supports skin resilience,"1-2 drops, pressed into skin before heavier products",Both,Daily,N/A,Yes,Minimal restrictions,"All skin types, Dull skin","Vitamin C, Niacinamide",None significant,0,5.0-6.0,Yes,No,Budget ($)
Chamomile Extract,Soothing Botanical,Toner/Essence,"Anti-inflammatory, calming flavonoids",Reduces redness and sensitivity,"Pat into skin after cleansing, before serum",Both,Daily,N/A,Yes,Ragweed-allergy sufferers should patch test,"Sensitive, Rosacea-prone","Bisabolol, Panthenol",None significant,0,5.0-6.5,Yes,Yes,Mid-Range ($$)
Cholesterol,Barrier Lipid,Toner/Essence,Works with ceramides/fatty acids to rebuild barrier,Repairs compromised skin barrier,"Pat into skin after cleansing, before serum",Both,Daily,N/A,Yes,Minimal restrictions,"Dry, Sensitive","Ceramides, Fatty Acids",None significant,1,N/A,Yes,No,Budget ($)
Phytic Acid,Chelating/Mild Exfoliating Acid,Cleanser,Antioxidant with mild brightening and chelating action,"Brightens, softens hyperpigmentation gently","Massage onto damp skin for 30-60 seconds, rinse",Night,1x daily at night,N/A,Yes,Minimal restrictions,"Sensitive, Hyperpigmentation-prone","Niacinamide, Vitamin C",Strong acids together,0,4.0-5.0,Consult doctor,No,Budget ($)
Bakuchi Seed Extract,Botanical (Bakuchiol source),Moisturizer/Cream,"Source plant of bakuchiol, mild anti-aging",Supports gentle renewal,"Nickel-sized amount, applied as final hydrating step",Night,1x daily at night,N/A,Yes,Patch test for sensitivity,"All skin types, Sensitive","Niacinamide, Peptides",None significant,1,5.0-6.5,Consult doctor,No,Premium ($$$)
Raspberry Seed Oil,Facial Oil (Botanical),Face Mask,Vitamin E and fatty-acid rich protective oil,Nourishes and protects skin barrier,"Apply for 10-15 minutes, 1-3x per week, then rinse or wipe off",Night,1x daily at night,N/A,Yes,Minimal restrictions,"Dry, Normal","Squalane, Vitamin E",None significant,1,N/A,Yes,No,Mid-Range ($$)
Witch Hazel,Astringent/Toning Botanical,Facial Oil,"Mild astringent, tightens appearance of pores","Tones, reduces excess oil","2-3 drops, pressed on as the last step to seal in moisture",Both,Daily,N/A,Yes,Alcohol-based versions can be drying,"Oily, Combination","Niacinamide, Green Tea Extract",Overuse with other drying actives,0,4.5-5.5,Yes,No,Budget ($)
Ectoin + Trehalose Complex,Barrier/Stress Protection Blend,Spot Treatment,Combined extremolyte blend for cellular protection,Protects against pollution and dehydration stress,Dab a small amount directly onto targeted area,Both,Daily,N/A,Yes,Minimal restrictions,"Sensitive, All skin types","Ceramides, Hyaluronic Acid",None significant,0,5.0-7.0,Yes,No,Mid-Range ($$)
Jojoba Esters (Jojoba Beads),Physical Exfoliant (Biodegradable),Serum,"Round, gentle biodegradable exfoliating beads",Buffs away dead skin without micro-tears,"1-2 drops, pressed into skin before heavier products",Night,1x daily at night,N/A,Yes,Minimal restrictions,"All skin types, Sensitive","Niacinamide, Squalane",None significant,1,N/A,Yes,No,Budget ($)
Kombucha Ferment Extract,Fermented/Probiotic Botanical,Face Mask,Fermentation-derived exfoliating and hydrating blend,"Softens texture, supports microbiome","Apply for 10-15 minutes, 1-3x per week, then rinse or wipe off",Both,Daily,N/A,Yes,Minimal restrictions,"All skin types, Dull skin","Postbiotics, Niacinamide",None significant,0,4.5-5.5,Yes,No,Budget ($)
Sodium Hyaluronate,Humectant,Moisturizer/Cream,Smaller-molecule form of Hyaluronic Acid,Deeper hydration penetration,"Nickel-sized amount, applied as final hydrating step",Both,Daily,1%,Yes,Apply to damp skin,All skin types,"Ceramides, Glycerin",None significant,0,5.0-7.0,Yes,No,Mid-Range ($$)
Tamanu Oil,Facial Oil (Botanical),Serum,Healing oil traditionally used for scars/blemishes,Supports healing of scars and blemishes,"1-2 drops, pressed into skin before heavier products",Night,1x daily at night,N/A,Yes,Distinct smell; patch test recommended,"Acne-prone, Scar-prone","Niacinamide, Centella Asiatica",None significant,2,N/A,Consult doctor,Yes,Mid-Range ($$)
Ectoin + Trehalose Complex,Barrier/Stress Protection Blend,Facial Oil,Combined extremolyte blend for cellular protection,Protects against pollution and dehydration stress,"2-3 drops, pressed on as the last step to seal in moisture",Both,Daily,N/A,Yes,Minimal restrictions,"Sensitive, All skin types","Ceramides, Hyaluronic Acid",None significant,0,5.0-7.0,Yes,No,Mid-Range ($$)
Matrixyl Synthe'6,Peptide Complex (Next-gen),Toner/Essence,Advanced peptide blend for six visible aging signs,"Firms, smooths, evens tone and texture","Pat into skin after cleansing, before serum",Night,1x daily at night,N/A,Yes,Minimal restrictions,"Mature, Normal","Hyaluronic Acid, Niacinamide",Strong acids same time,0,5.0-7.0,Consult doctor,No,Mid-Range ($$)
Buriti Oil,Facial Oil (Botanical),Moisturizer/Cream,Beta-carotene rich Amazonian oil,"Nourishes, adds glow, mild antioxidant protection","Nickel-sized amount, applied as final hydrating step",Night,1x daily at night,N/A,Yes,Can have orange tint; patch test,"Dry, Dull skin","Squalane, Vitamin E",None significant,2,N/A,Consult doctor,Yes,Mid-Range ($$)
Sal Butter,Emollient (Butter),Moisturizer/Cream,"Firm, shea-like conditioning plant butter",Moisturizes and softens rough skin,"Nickel-sized amount, applied as final hydrating step",Both,Daily,N/A,Yes,Minimal restrictions,"Dry, Very Dry","Shea Butter, Squalane",None significant,2,N/A,Yes,No,Premium ($$$)
Green Tea Extract (EGCG),Antioxidant (Plant-derived),Cleanser,"Polyphenol antioxidant, anti-inflammatory","Calms redness, protects against UV-induced damage","Massage onto damp skin for 30-60 seconds, rinse",Both,Daily,N/A,Yes,Minimal restrictions,"Sensitive, Oily, All skin types","Niacinamide, Centella Asiatica",None significant,0,5.0-6.0,Yes,No,Premium ($$$)
"EGF (Epidermal Growth Factor, Recombinant)",Regenerative/Biotech,Serum,Recombinant protein signaling skin cell renewal,"Accelerates healing, improves texture and firmness","1-2 drops, pressed into skin before heavier products",Night,1x daily at night,1%,Yes,"Emerging ingredient; consult dermatologist, limited long-term data","Mature, Post-procedure","Peptides, Hyaluronic Acid",Strong acids same time,0,5.0-7.0,Consult doctor,Yes,Budget ($)
Safflower Oil,Facial Oil (Botanical),Facial Oil,High-linoleic lightweight oil,Balances oily/acne-prone skin while hydrating,"2-3 drops, pressed on as the last step to seal in moisture",Both,Daily,N/A,Yes,Minimal restrictions,"Oily, Acne-prone, Combination","Niacinamide, Squalane",None significant,1,N/A,Yes,No,Mid-Range ($$)
Phenylethyl Resorcinol (Symwhite 377),Brightening Agent (Tyrosinase Inhibitor),Face Mask,Synthetic resorcinol derivative for tone-evening,Brightens and evens skin tone,"Apply for 10-15 minutes, 1-3x per week, then rinse or wipe off",Both,Daily,N/A,Yes,Generally well tolerated,"Hyperpigmentation-prone, All skin types","Niacinamide, Vitamin C",None significant,0,5.0-6.5,Consult doctor,No,Mid-Range ($$)
Retinol,Retinoid,Facial Oil,"Increases cell turnover, boosts collagen synthesis","Reduces fine lines, smooths texture, fades dark spots","2-3 drops, pressed on as the last step to seal in moisture",Night,"2-3x per week, building up to nightly",0.3%,Yes,"Avoid during pregnancy/breastfeeding, on broken skin, or with active sunburn","Normal, Oily, Combination, Mature","Niacinamide, Peptides, Ceramides","AHA/BHA, Benzoyl Peroxide, Vitamin C in same routine",2,5.5-6.0,No,Yes,Mid-Range ($$)
Retinyl Palmitate,Retinoid (Mild Ester),Cleanser,"Gentlest retinoid ester, slow conversion to retinoic acid",Mild anti-aging for retinoid-sensitive beginners,"Massage onto damp skin for 30-60 seconds, rinse",Night,1x daily at night,N/A,Yes,Avoid in pregnancy per general retinoid caution,"Sensitive, Beginner retinoid users","Niacinamide, Ceramides",AHA/BHA at same time,1,5.5-6.5,No,No,Premium ($$$)
Alpha Arbutin,Brightening Agent,Face Mask,Gentle tyrosinase inhibitor,"Evens tone, fades hyperpigmentation","Apply for 10-15 minutes, 1-3x per week, then rinse or wipe off",Both,Daily,2%,Yes,Generally well tolerated,"Hyperpigmentation-prone, Sensitive","Niacinamide, Vitamin C",None significant,0,4.0-6.0,Consult doctor,No,Premium ($$$)
Tremella Mushroom Extract,Humectant (Mushroom),Spot Treatment,"Polysaccharide humectant, rivals hyaluronic acid","Deeply hydrates, plumps fine lines",Dab a small amount directly onto targeted area,Both,Daily,N/A,Yes,Minimal restrictions,"Dry, All skin types","Hyaluronic Acid, Ceramides",None significant,0,5.0-6.5,Yes,No,Mid-Range ($$)
Meadowfoam Seed Oil,Facial Oil (Botanical),Spot Treatment,"Highly stable, non-greasy emollient oil","Locks in moisture, adds softness",Dab a small amount directly onto targeted area,Both,Daily,N/A,Yes,Minimal restrictions,"All skin types, Dry","Squalane, Hyaluronic Acid",None significant,1,N/A,Yes,No,Budget ($)
Bakuchiol,Plant-derived Retinol Alternative,Spot Treatment,Retinol-like signaling without irritation,"Anti-aging, gentle for sensitive skin",Dab a small amount directly onto targeted area,Both,Daily,0.5%,Yes,Generally well tolerated; patch test if very sensitive,"All skin types, Sensitive","Vitamin C, Niacinamide, Peptides",None significant,1,5.0-6.5,Yes (consult doctor),No,Mid-Range ($$)
Alpine Rose Extract,Antioxidant/Adaptogen Botanical (Alpine),Moisturizer/Cream,High-altitude plant extract supporting cellular resilience,Protects and revitalizes stressed skin,"Nickel-sized amount, applied as final hydrating step",Both,Daily,N/A,Yes,Minimal restrictions,"All skin types, Mature","Niacinamide, Vitamin C",None significant,0,5.0-6.0,Consult doctor,No,Mid-Range ($$)
Cocamidopropyl Betaine,Mild Cleansing Surfactant,Face Mask,Coconut-derived foam-boosting gentle surfactant,"Cleanses with light foam, gentle on skin","Apply for 10-15 minutes, 1-3x per week, then rinse or wipe off",Both,Daily,N/A,Yes,Rare contact-allergy reports; patch test if sensitive,"All skin types, Sensitive","Decyl Glucoside, Glycerin",None significant,0,5.0-6.5,Yes,Yes,Premium ($$$)
Ginkgo Biloba Extract,Antioxidant/Circulation Botanical,Toner/Essence,Antioxidant that supports microcirculation,"Brightens, reduces dullness","Pat into skin after cleansing, before serum",Both,Daily,N/A,Yes,Minimal restrictions,"Mature, Dull skin","Niacinamide, Vitamin C",None significant,0,5.0-6.0,Consult doctor,No,Mid-Range ($$)
Ethyl Ascorbic Acid,Vitamin C Derivative (Stable),Toner/Essence,Water- and oil-soluble stable Vitamin C derivative,Brightening with reduced irritation risk,"Pat into skin after cleansing, before serum",Both,Daily,N/A,Yes,Minimal restrictions,"All skin types, Sensitive","Niacinamide, Ferulic Acid",Strong acids same time,0,5.0-6.5,Yes,No,Premium ($$$)
Watermelon Extract,Hydrating Botanical,Spot Treatment,Amino-acid and water-rich hydrating extract,Refreshes and hydrates lightly,Dab a small amount directly onto targeted area,Morning,Daily,N/A,Yes,Minimal restrictions,"All skin types, Dry","Hyaluronic Acid, Aloe Vera",None significant,0,5.0-6.0,Yes,No,Premium ($$$)
Meadowfoam Seed Oil,Facial Oil (Botanical),Cleanser,"Highly stable, non-greasy emollient oil","Locks in moisture, adds softness","Massage onto damp skin for 30-60 seconds, rinse",Both,Daily,N/A,Yes,Minimal restrictions,"All skin types, Dry","Squalane, Hyaluronic Acid",None significant,1,N/A,Yes,No,Mid-Range ($$)
Bearberry Extract,Brightening Botanical (Arbutin source),Moisturizer/Cream,"Natural source of arbutin, tyrosinase inhibitor",Fades dark spots and evens tone,"Nickel-sized amount, applied as final hydrating step",Both,Daily,N/A,Yes,Minimal restrictions,Hyperpigmentation-prone,"Niacinamide, Alpha Arbutin",None significant,0,4.5-6.0,Consult doctor,No,Budget ($)
Papaya Enzyme (Papain),Enzyme Exfoliant,Face Mask,Breaks down dead skin cell proteins gently,"Brightens, smooths without physical scrubbing","Apply for 10-15 minutes, 1-3x per week, then rinse or wipe off",Night,1x daily at night,N/A,Yes,Avoid on broken skin,"Sensitive, Normal, Dull skin","Vitamin C, Hyaluronic Acid",Strong acids/retinoids same time,1,4.0-6.0,Consult doctor,No,Budget ($)
Quercetin,Antioxidant (Flavonoid),Spot Treatment,Potent plant flavonoid antioxidant,"Calms inflammation, protects against oxidative stress",Dab a small amount directly onto targeted area,Both,Daily,N/A,Yes,Minimal restrictions,"Sensitive, All skin types","Vitamin C, Niacinamide",None significant,0,5.0-6.0,Yes,No,Budget ($)
SNAP-8,Peptide (Neurotransmitter-inhibiting),Moisturizer/Cream,Extended-action muscle-contraction relaxing peptide,"Softens expression lines, especially forehead","Nickel-sized amount, applied as final hydrating step",Night,1x daily at night,N/A,Yes,Minimal restrictions,"Mature, Normal","Acetyl Hexapeptide-8, Hyaluronic Acid",None significant,0,5.0-7.0,Consult doctor,No,Premium ($$$)
Hyaluronic Acid,Humectant,Face Mask,Binds up to 1000x its weight in water,"Deep hydration, plumps fine lines","Apply for 10-15 minutes, 1-3x per week, then rinse or wipe off",Both,Daily,2%,Yes,Apply to damp skin; can dehydrate in very dry climates if used alone,"All skin types, Dry","Niacinamide, Ceramides, Peptides",None significant,0,5.0-7.0,Yes,No,Mid-Range ($$)
Palmitoyl Tripeptide-1,Peptide (Collagen-signaling),Moisturizer/Cream,Signals fibroblasts to boost collagen I production,"Reduces wrinkle depth, firms skin","Nickel-sized amount, applied as final hydrating step",Night,1x daily at night,N/A,Yes,Minimal restrictions,"Mature, Normal","Hyaluronic Acid, Niacinamide",Strong acids same time,0,5.0-7.0,Consult doctor,No,Budget ($)
Bentonite Clay,Purifying/Oil Control,Face Mask,"Strong absorbent clay, draws out impurities","Deep pore cleansing, oil control","Apply for 10-15 minutes, 1-3x per week, then rinse or wipe off",Night,1x daily at night,N/A,Yes,Can be drying; limit frequency for dry skin,"Oily, Acne-prone","Charcoal, Salicylic Acid",Overuse with other drying actives,0,N/A,Yes,No,Budget ($)
Caviar Extract,Luxury Firming Ingredient (Marine-derived),Serum,Nutrient-rich marine extract marketed for firming,Improves the look of firmness and radiance,"1-2 drops, pressed into skin before heavier products",Both,Daily,N/A,Yes,Patch test for fish-derived allergy,"Mature, Normal","Peptides, Marine Collagen",None significant,0,5.0-7.0,Consult doctor,Yes,Budget ($)
Gotu Kola Extract (Centella variant),Soothing/Regenerative Botanical,Cleanser,"Triterpenoid-rich, supports collagen and healing","Repairs barrier, fades the look of scars","Massage onto damp skin for 30-60 seconds, rinse",Both,Daily,N/A,Yes,Minimal restrictions,"Sensitive, Scar-prone, Acne-prone","Centella Asiatica, Niacinamide",None significant,0,5.0-6.0,Yes,No,Premium ($$$)
Sodium Hyaluronate,Humectant,Cleanser,Smaller-molecule form of Hyaluronic Acid,Deeper hydration penetration,"Massage onto damp skin for 30-60 seconds, rinse",Both,Daily,2%,Yes,Apply to damp skin,All skin types,"Ceramides, Glycerin",None significant,0,5.0-7.0,Yes,No,Mid-Range ($$)
Cholesterol,Barrier Lipid,Face Mask,Works with ceramides/fatty acids to rebuild barrier,Repairs compromised skin barrier,"Apply for 10-15 minutes, 1-3x per week, then rinse or wipe off",Both,Daily,N/A,Yes,Minimal restrictions,"Dry, Sensitive","Ceramides, Fatty Acids",None significant,1,N/A,Yes,No,Budget ($)
Vitamin C (L-Ascorbic Acid),Antioxidant,Serum,"Neutralizes free radicals, inhibits melanin production","Brightens, evens tone, boosts collagen","1-2 drops, pressed into skin before heavier products",Morning,Daily,5%,Yes,"Avoid with niacinamide flushing sensitivity, unstable at high pH/light exposure","Normal, Oily, Combination","Vitamin E, Ferulic Acid, SPF","Retinoids, AHA/BHA at same time",0,3.0-3.5,Yes,No,Budget ($)
"EGF (Epidermal Growth Factor, Recombinant)",Regenerative/Biotech,Spot Treatment,Recombinant protein signaling skin cell renewal,"Accelerates healing, improves texture and firmness",Dab a small amount directly onto targeted area,Night,1x daily at night,5%,Yes,"Emerging ingredient; consult dermatologist, limited long-term data","Mature, Post-procedure","Peptides, Hyaluronic Acid",Strong acids same time,0,5.0-7.0,Consult doctor,Yes,Mid-Range ($$)
Comfrey Root Extract (Allantoin source),Soothing/Healing Botanical,Spot Treatment,"Traditional wound-healing, soothing extract","Calms irritation, supports skin repair",Dab a small amount directly onto targeted area,Both,Daily,N/A,Yes,Use standardized cosmetic-grade extract only,"Sensitive, Post-procedure","Allantoin, Panthenol",None significant,0,5.0-6.0,Consult doctor,Yes,Premium ($$$)
"Bee Venom (Cosmetic-grade, Diluted)",Firming/Stimulating Ingredient,Cleanser,Marketed to mimic mild inflammatory firming response,Temporary plumping and firming effect,"Massage onto damp skin for 30-60 seconds, rinse",Night,1x daily at night,N/A,Yes,Bee-product allergy risk; patch test required,"Mature, Normal (not for allergy-prone)","Peptides, Hyaluronic Acid",Strong acids same time,0,5.0-6.5,Consult doctor,Yes,Mid-Range ($$)
Lactic Acid,AHA (Alpha Hydroxy Acid),Spot Treatment,"Gentle exfoliation, humectant properties","Improves texture, hydrates while exfoliating",Dab a small amount directly onto targeted area,Night,2-3x per week,10%,Yes,Avoid on compromised skin barrier,"Sensitive, Dry, Normal","Ceramides, Hyaluronic Acid","Retinoids, other strong acids",1,3.5-4.5,Consult doctor,Yes,Budget ($)
Homosalate,UV Filter (Chemical),Spot Treatment,Absorbs UVB radiation,Sun protection component in broad-spectrum SPF,Dab a small amount directly onto targeted area,Morning,Daily,N/A,N/A (is the sunscreen),Reapply every 2 hours in sun exposure,"Normal, Oily, Combination",Antioxidants under sunscreen,None significant,2,N/A,Consult doctor,No,Premium ($$$)
Raspberry Seed Oil,Facial Oil (Botanical),Facial Oil,Vitamin E and fatty-acid rich protective oil,Nourishes and protects skin barrier,"2-3 drops, pressed on as the last step to seal in moisture",Night,1x daily at night,N/A,Yes,Minimal restrictions,"Dry, Normal","Squalane, Vitamin E",None significant,1,N/A,Yes,No,Premium ($$$)
Buriti Oil,Facial Oil (Botanical),Cleanser,Beta-carotene rich Amazonian oil,"Nourishes, adds glow, mild antioxidant protection","Massage onto damp skin for 30-60 seconds, rinse",Night,1x daily at night,N/A,Yes,Can have orange tint; patch test,"Dry, Dull skin","Squalane, Vitamin E",None significant,2,N/A,Consult doctor,Yes,Premium ($$$)
Sodium Hyaluronate,Humectant,Serum,Smaller-molecule form of Hyaluronic Acid,Deeper hydration penetration,"1-2 drops, pressed into skin before heavier products",Both,Daily,1%,Yes,Apply to damp skin,All skin types,"Ceramides, Glycerin",None significant,0,5.0-7.0,Yes,No,Mid-Range ($$)
N-Acetyl Glucosamine,Brightening Agent (Amino Sugar),Moisturizer/Cream,Works synergistically with niacinamide to reduce pigment,"Evens tone, supports barrier hydration","Nickel-sized amount, applied as final hydrating step",Both,Daily,N/A,Yes,Minimal restrictions,"Hyperpigmentation-prone, All skin types",Niacinamide,None significant,0,5.0-6.5,Yes,No,Premium ($$$)
Blueberry Extract,Antioxidant Botanical,Toner/Essence,Anthocyanin-rich antioxidant fruit extract,Protects and brightens dull skin,"Pat into skin after cleansing, before serum",Both,Daily,N/A,Yes,Minimal restrictions,"All skin types, Dull skin","Vitamin C, Niacinamide",None significant,0,5.0-6.0,Yes,No,Premium ($$$)
Inulin,Prebiotic Humectant,Facial Oil,Plant-derived prebiotic fiber and humectant,Hydrates while feeding beneficial skin bacteria,"2-3 drops, pressed on as the last step to seal in moisture",Both,Daily,N/A,Yes,Minimal restrictions,"All skin types, Sensitive","Postbiotics, Ceramides",None significant,0,5.0-6.5,Yes,No,Budget ($)
Kalahari Melon (Watermelon Seed) Oil,Facial Oil (Botanical),Spot Treatment,Lightweight linoleic-acid rich oil,Hydrates oily/combination skin without clogging,Dab a small amount directly onto targeted area,Both,Daily,N/A,Yes,Minimal restrictions,"Oily, Combination","Niacinamide, Squalane",None significant,1,N/A,Yes,No,Mid-Range ($$)
Tamanu Oil,Facial Oil (Botanical),Face Mask,Healing oil traditionally used for scars/blemishes,Supports healing of scars and blemishes,"Apply for 10-15 minutes, 1-3x per week, then rinse or wipe off",Night,1x daily at night,N/A,Yes,Distinct smell; patch test recommended,"Acne-prone, Scar-prone","Niacinamide, Centella Asiatica",None significant,2,N/A,Consult doctor,Yes,Mid-Range ($$)
Alpine Rose Extract,Antioxidant/Adaptogen Botanical (Alpine),Face Mask,High-altitude plant extract supporting cellular resilience,Protects and revitalizes stressed skin,"Apply for 10-15 minutes, 1-3x per week, then rinse or wipe off",Both,Daily,N/A,Yes,Minimal restrictions,"All skin types, Mature","Niacinamide, Vitamin C",None significant,0,5.0-6.0,Consult doctor,No,Budget ($)
Prebiotics (Inulin/Alpha-glucan),Microbiome Support,Moisturizer/Cream,Feeds beneficial skin bacteria,Supports microbiome balance and barrier,"Nickel-sized amount, applied as final hydrating step",Both,Daily,N/A,Yes,Minimal restrictions,"All skin types, Sensitive","Postbiotics, Ceramides",None significant,0,5.0-6.5,Yes,No,Premium ($$$)
Cyclopentasiloxane,Texture Agent (Volatile Silicone),Toner/Essence,Lightweight silicone providing silky glide,"Improves spreadability, silky finish","Pat into skin after cleansing, before serum",Both,Daily,N/A,Yes,Minimal restrictions,All skin types,"Dimethicone, Moisturizers",None significant,0,N/A,Yes,No,Premium ($$$)
Lavender Extract,Calming Botanical (Fragrance),Serum,Calming scent with mild anti-inflammatory effect,"Soothes, supports relaxing sensory experience","1-2 drops, pressed into skin before heavier products",Night,1x daily at night,N/A,Yes,Fragrance allergy risk; patch test,"Sensitive, Normal","Chamomile, Bisabolol",None significant,0,5.0-6.0,Consult doctor,Yes,Premium ($$$)
Saffron Extract,Brightening Botanical (Ayurvedic),Cleanser,Traditional radiance-boosting extract,"Brightens complexion, evens tone","Massage onto damp skin for 30-60 seconds, rinse",Both,Daily,N/A,Yes,Minimal restrictions,"Dull skin, All skin types","Niacinamide, Vitamin C",None significant,0,5.0-6.0,Consult doctor,No,Budget ($)
Sodium Lactate,Humectant (NMF Component),Toner/Essence,Component of skin's natural moisturizing factor,Hydrates and supports moisture retention,"Pat into skin after cleansing, before serum",Both,Daily,N/A,Yes,Minimal restrictions,"All skin types, Dry","Hyaluronic Acid, Glycerin",None significant,0,N/A,Yes,No,Mid-Range ($$)
Homosalate,UV Filter (Chemical),Toner/Essence,Absorbs UVB radiation,Sun protection component in broad-spectrum SPF,"Pat into skin after cleansing, before serum",Morning,Daily,N/A,N/A (is the sunscreen),Reapply every 2 hours in sun exposure,"Normal, Oily, Combination",Antioxidants under sunscreen,None significant,2,N/A,Consult doctor,No,Budget ($)
Ethyl Ascorbic Acid,Vitamin C Derivative (Stable),Moisturizer/Cream,Water- and oil-soluble stable Vitamin C derivative,Brightening with reduced irritation risk,"Nickel-sized amount, applied as final hydrating step",Both,Daily,N/A,Yes,Minimal restrictions,"All skin types, Sensitive","Niacinamide, Ferulic Acid",Strong acids same time,0,5.0-6.5,Yes,No,Budget ($)
Birch Sap Extract,Hydrating Botanical (K-beauty),Toner/Essence,Lightweight mineral-rich hydrating sap,Refreshes and lightly hydrates,"Pat into skin after cleansing, before serum",Both,Daily,N/A,Yes,Minimal restrictions,"All skin types, Oily","Hyaluronic Acid, Niacinamide",None significant,0,5.0-6.0,Yes,No,Budget ($)
Hypochlorous Acid,Antimicrobial/Soothing,Face Mask,Mimics the body's natural immune response molecule,"Calms inflammation, reduces bacteria","Apply for 10-15 minutes, 1-3x per week, then rinse or wipe off",Both,Daily,N/A,Yes,Very gentle; minimal restrictions,"Acne-prone, Sensitive, Post-procedure","Centella Asiatica, Niacinamide",None significant,0,4.0-6.0,Yes,No,Budget ($)
Coenzyme Q10 (Ubiquinone),Antioxidant,Moisturizer/Cream,"Supports cellular energy, reduces oxidative stress","Firms skin, reduces fine lines","Nickel-sized amount, applied as final hydrating step",Both,Daily,1%,Yes,Minimal restrictions,"Mature, Normal","Vitamin E, Peptides",None significant,1,N/A,Yes,No,Premium ($$$)
3-O-Ethyl Ascorbic Acid,Vitamin C Derivative (Stable),Toner/Essence,Stable derivative that converts to pure Vitamin C in skin,Brightens with better stability than L-ascorbic acid,"Pat into skin after cleansing, before serum",Both,Daily,N/A,Yes,Minimal restrictions,All skin types,"Niacinamide, Ferulic Acid",Strong acids same time,0,5.0-6.5,Yes,No,Mid-Range ($$)
Retinaldehyde,Retinoid,Moisturizer/Cream,Converts to retinoic acid faster than retinol,"Anti-aging, acne control, texture refinement","Nickel-sized amount, applied as final hydrating step",Night,"2-3x per week, building up to nightly",1%,Yes,Avoid in pregnancy; avoid mixing with strong acids,"Normal, Oily, Mature","Peptides, Niacinamide","AHA/BHA, Vitamin C",2,5.5-6.0,No,Yes,Budget ($)
Retinyl Palmitate,Retinoid (Mild Ester),Serum,"Gentlest retinoid ester, slow conversion to retinoic acid",Mild anti-aging for retinoid-sensitive beginners,"1-2 drops, pressed into skin before heavier products",Night,1x daily at night,N/A,Yes,Avoid in pregnancy per general retinoid caution,"Sensitive, Beginner retinoid users","Niacinamide, Ceramides",AHA/BHA at same time,1,5.5-6.5,No,No,Mid-Range ($$)
Retinyl Acetate,Retinoid (Mild Ester),Toner/Essence,"Stable retinoid ester, gradual conversion",Gentle texture and tone improvement,"Pat into skin after cleansing, before serum",Night,1x daily at night,N/A,Yes,Avoid in pregnancy,"Sensitive, Normal","Niacinamide, Peptides",AHA/BHA at same time,1,5.5-6.5,No,No,Mid-Range ($$)
Inulin,Prebiotic Humectant,Moisturizer/Cream,Plant-derived prebiotic fiber and humectant,Hydrates while feeding beneficial skin bacteria,"Nickel-sized amount, applied as final hydrating step",Both,Daily,N/A,Yes,Minimal restrictions,"All skin types, Sensitive","Postbiotics, Ceramides",None significant,0,5.0-6.5,Yes,No,Budget ($)
Argan Oil,Facial Oil (Botanical),Spot Treatment,Vitamin E rich moisturizing oil,"Softens, nourishes, adds glow",Dab a small amount directly onto targeted area,Both,Daily,N/A,Yes,Minimal restrictions,"Dry, Normal, Mature","Squalane, Vitamin E",None significant,2,N/A,Yes,No,Budget ($)
Allantoin,Soothing Agent,Serum,"Calms and softens skin, promotes healing","Reduces irritation, supports barrier repair","1-2 drops, pressed into skin before heavier products",Both,Daily,N/A,Yes,Very low irritation risk,"Sensitive, Dry, All skin types","Panthenol, Ceramides",None significant,0,N/A,Yes,No,Premium ($$$)
Ceramides,Barrier Lipid,Serum,Restores and reinforces skin barrier lipids,"Locks in moisture, reduces sensitivity","1-2 drops, pressed into skin before heavier products",Both,Daily,N/A,Yes,Minimal restrictions,"Dry, Sensitive, Mature, All","Hyaluronic Acid, Cholesterol, Fatty Acids",None significant,1,N/A,Yes,No,Premium ($$$)
Mexoryl SX,"UV Filter (Chemical, UVA)",Cleanser,Highly photostable UVA filter,"Strong UVA protection, reduces photoaging","Massage onto damp skin for 30-60 seconds, rinse",Morning,Daily,N/A,N/A (is the sunscreen),Reapply every 2 hours in sun exposure,All skin types,Antioxidants under sunscreen,None significant,1,N/A,Yes,No,Premium ($$$)
Colostrum Extract,Regenerative/Barrier Ingredient,Face Mask,Protein and growth-factor rich extract for repair support,Supports barrier recovery and hydration,"Apply for 10-15 minutes, 1-3x per week, then rinse or wipe off",Both,Daily,N/A,Yes,"Emerging ingredient; patch test, consult doctor for allergies","Sensitive, Mature","Peptides, Ceramides",None significant,0,5.0-6.5,Consult doctor,Yes,Premium ($$$)
Exosomes,Regenerative/Biotech,Toner/Essence,Cell-signaling vesicles supporting tissue repair,"Accelerates recovery, boosts radiance","Pat into skin after cleansing, before serum",Night,1x daily at night,5%,Yes,"Emerging ingredient; consult dermatologist, limited regulation clarity","Mature, Normal, Post-procedure","Peptides, Growth Factors",Strong acids same time,0,5.0-7.0,Consult doctor,Yes,Mid-Range ($$)
Undecylenoyl Phenylalanine,Brightening Agent (Amino Acid Derivative),Face Mask,Inhibits melanin synthesis via tyrosinase pathway,"Evens tone, targets stubborn dark spots","Apply for 10-15 minutes, 1-3x per week, then rinse or wipe off",Both,Daily,N/A,Yes,Minimal restrictions,Hyperpigmentation-prone,"Niacinamide, Alpha Arbutin",None significant,0,5.0-6.5,Consult doctor,No,Premium ($$$)
Seaweed/Algae Extract,Hydrating/Mineral-rich Botanical,Facial Oil,Mineral-rich humectant and antioxidant,"Hydrates, remineralizes, softens","2-3 drops, pressed on as the last step to seal in moisture",Both,Daily,N/A,Yes,Minimal restrictions,"Dry, Normal, Dull skin","Hyaluronic Acid, Niacinamide",None significant,0,5.0-6.5,Yes,No,Budget ($)
Sodium Ascorbyl Phosphate,Vitamin C Derivative,Facial Oil,"Stable, gentler form of Vitamin C",Brightening with less irritation,"2-3 drops, pressed on as the last step to seal in moisture",Both,Daily,15%,Yes,"Well tolerated, minimal restrictions","Sensitive, All skin types","Niacinamide, Hyaluronic Acid",Strong acids,0,6.0-7.0,Yes,No,Budget ($)
Kokum Butter,Emollient (Butter),Toner/Essence,"Firm, stable plant butter",Moisturizes and softens rough patches,"Pat into skin after cleansing, before serum",Both,Daily,N/A,Yes,Minimal restrictions,"Dry, Very Dry","Shea Butter, Squalane",None significant,2,N/A,Yes,No,Premium ($$$)
Plant Stem Cell Extract,Regenerative Botanical/Biotech,Face Mask,Plant-derived extract marketed for antioxidant/renewal support,Supports skin resilience and radiance,"Apply for 10-15 minutes, 1-3x per week, then rinse or wipe off",Both,Daily,N/A,Yes,Emerging ingredient; evidence mostly antioxidant-based,"Mature, Normal","Peptides, Vitamin C",None significant,0,5.0-6.5,Consult doctor,No,Mid-Range ($$)
Sodium Cocoyl Isethionate,Mild Cleansing Surfactant,Spot Treatment,"Coconut-derived gentle cleansing agent, low irritation",Cleanses gently while preserving barrier,Dab a small amount directly onto targeted area,Both,Daily,N/A,Yes,Minimal restrictions,"Sensitive, Dry, All skin types","Ceramides, Glycerin",None significant,0,5.0-6.5,Yes,No,Premium ($$$)
French Green Clay,Purifying Mineral Clay,Cleanser,Mineral-rich absorbent clay,"Detoxifies, tightens, mattifies","Massage onto damp skin for 30-60 seconds, rinse",Night,1x daily at night,N/A,Yes,Can be drying for dry skin,"Oily, Combination, Acne-prone","Charcoal, Niacinamide",Overuse with other drying actives,0,N/A,Yes,No,Mid-Range ($$)
Sunflower Seed Oil,Facial Oil (Botanical),Face Mask,Linoleic-acid rich lightweight oil,Supports barrier without heaviness,"Apply for 10-15 minutes, 1-3x per week, then rinse or wipe off",Both,Daily,N/A,Yes,Minimal restrictions,"Normal, Combination, Acne-prone","Niacinamide, Squalane",None significant,1,N/A,Yes,No,Budget ($)
Palmitic Acid,Fatty Acid (Barrier Support),Toner/Essence,Saturated fatty acid supporting barrier lipids,Reinforces barrier structure,"Pat into skin after cleansing, before serum",Both,Daily,N/A,Yes,Minimal restrictions,"Dry, Sensitive","Ceramides, Cholesterol",None significant,2,N/A,Yes,No,Premium ($$$)
Rhassoul Clay,Purifying Mineral Clay,Moisturizer/Cream,Gentle mineral-rich Moroccan clay,"Cleanses without stripping, softens skin","Nickel-sized amount, applied as final hydrating step",Night,1x daily at night,N/A,Yes,Minimal restrictions,"Normal, Combination, Dry","Aloe Vera, Squalane",None significant,0,N/A,Yes,No,Budget ($)
Glycine Soja (Soybean) Extract,Antioxidant/Brightening Botanical,Cleanser,Isoflavone-rich extract supporting tone and firmness,Brightens and supports elasticity,"Massage onto damp skin for 30-60 seconds, rinse",Both,Daily,N/A,Yes,Minimal restrictions,"Mature, Hyperpigmentation-prone","Niacinamide, Vitamin C",None significant,0,5.0-6.5,Consult doctor,No,Budget ($)
Chamomile Extract,Soothing Botanical,Facial Oil,"Anti-inflammatory, calming flavonoids",Reduces redness and sensitivity,"2-3 drops, pressed on as the last step to seal in moisture",Both,Daily,N/A,Yes,Ragweed-allergy sufferers should patch test,"Sensitive, Rosacea-prone","Bisabolol, Panthenol",None significant,0,5.0-6.5,Yes,Yes,Premium ($$$)
Rice Bran Oil,Facial Oil (Botanical),Facial Oil,Gamma-oryzanol rich antioxidant oil,Brightens and softens texture,"2-3 drops, pressed on as the last step to seal in moisture",Both,Daily,N/A,Yes,Minimal restrictions,"All skin types, Dull skin","Vitamin C, Niacinamide",None significant,1,N/A,Yes,No,Budget ($)
Hydroxypinacolone Retinoate (HPR),Retinoid (Retinoic Acid Ester),Serum,Binds retinoid receptors directly without conversion/irritation lag,Anti-aging with less irritation than retinol,"1-2 drops, pressed into skin before heavier products",Night,1x daily at night,N/A,Yes,Avoid in pregnancy,"Normal, Sensitive, Mature","Niacinamide, Peptides",Strong AHA/BHA same session,1,5.5-6.5,No,No,Budget ($)
Papaya Enzyme (Papain),Enzyme Exfoliant,Serum,Breaks down dead skin cell proteins gently,"Brightens, smooths without physical scrubbing","1-2 drops, pressed into skin before heavier products",Night,1x daily at night,N/A,Yes,Avoid on broken skin,"Sensitive, Normal, Dull skin","Vitamin C, Hyaluronic Acid",Strong acids/retinoids same time,1,4.0-6.0,Consult doctor,No,Mid-Range ($$)
Evening Primrose Oil,Facial Oil (Botanical),Spot Treatment,GLA-rich oil supporting barrier and inflammation,Calms eczema-prone or reactive skin,Dab a small amount directly onto targeted area,Night,1x daily at night,N/A,Yes,Minimal restrictions,"Sensitive, Dry, Eczema-prone","Ceramides, Panthenol",None significant,2,N/A,Consult doctor,No,Premium ($$$)
Kojic Acid,Brightening Agent,Moisturizer/Cream,Tyrosinase inhibitor from fungi,Lightens dark spots and sun damage,"Nickel-sized amount, applied as final hydrating step",Night,1x daily at night,2%,Yes,Can be sensitizing at high concentration,Hyperpigmentation-prone,"Niacinamide, Licorice Extract",Strong acids/retinoids together,0,4.0-5.0,Consult doctor,Yes,Budget ($)
Galactomyces Ferment Filtrate,Fermented/Biotech Ingredient,Spot Treatment,Sake-fermentation byproduct rich in B vitamins,"Brightens, refines pores, softens texture",Dab a small amount directly onto targeted area,Both,Daily,N/A,Yes,Minimal restrictions,"All skin types, Dull skin, Combination","Niacinamide, Vitamin C",None significant,0,5.0-6.5,Yes,No,Mid-Range ($$)
Amla (Indian Gooseberry) Extract,Antioxidant Botanical (Ayurvedic),Serum,Vitamin C rich traditional antioxidant,"Brightens, supports collagen, protects","1-2 drops, pressed into skin before heavier products",Both,Daily,N/A,Yes,Minimal restrictions,"All skin types, Dull skin","Vitamin C, Niacinamide",None significant,0,4.5-6.0,Yes,No,Budget ($)
Fermented Soybean Extract,Fermented/Biotech Ingredient,Spot Treatment,Rich in isoflavones and amino acids,"Firms, brightens, supports elasticity",Dab a small amount directly onto targeted area,Both,Daily,N/A,Yes,Minimal restrictions,"Mature, Normal","Niacinamide, Peptides",None significant,0,5.0-6.5,Consult doctor,No,Premium ($$$)
Cranberry Seed Oil,Facial Oil (Botanical),Face Mask,Balanced omega-3/6 fatty acid oil,"Nourishes without heaviness, antioxidant-rich","Apply for 10-15 minutes, 1-3x per week, then rinse or wipe off",Both,Daily,N/A,Yes,Minimal restrictions,"Normal, Combination, Dry","Squalane, Vitamin E",None significant,1,N/A,Yes,No,Mid-Range ($$)
Tinosorb S,UV Filter (Broad-spectrum Chemical),Serum,Photostable UVA/UVB broad-spectrum filter,Comprehensive sun protection with high stability,"1-2 drops, pressed into skin before heavier products",Morning,Daily,N/A,N/A (is the sunscreen),Reapply every 2 hours in sun exposure,"All skin types, Sensitive",Antioxidants under sunscreen,None significant,1,N/A,Yes,No,Mid-Range ($$)
Charcoal (Activated),Purifying/Detox Agent,Toner/Essence,Adsorbs excess oil and impurities,"Deep cleanses, minimizes pore congestion","Pat into skin after cleansing, before serum",Night,1x daily at night,N/A,Yes,Can be drying with overuse,"Oily, Acne-prone, Combination","Clay, Niacinamide",Overuse with other drying actives,0,N/A,Yes,No,Premium ($$$)
Tetrahexyldecyl Ascorbate,Vitamin C Derivative (Oil-soluble),Facial Oil,"Stable, oil-soluble Vitamin C form","Brightening with excellent stability, low irritation","2-3 drops, pressed on as the last step to seal in moisture",Both,Daily,N/A,Yes,Minimal restrictions,"All skin types, Sensitive","Vitamin E, Ferulic Acid",Strong acids same time,1,5.5-7.0,Yes,No,Mid-Range ($$)
Lactobionic Acid,PHA,Cleanser,Gentle exfoliating and antioxidant humectant,Hydrates while smoothing texture,"Massage onto damp skin for 30-60 seconds, rinse",Both,"Daily, well tolerated",4%,Yes,Minimal restrictions,"Sensitive, Dry, Mature","Hyaluronic Acid, Ceramides",Strong acids layered heavily,1,3.5-4.5,Consult doctor,No,Premium ($$$)
Phenylethyl Resorcinol (Symwhite 377),Brightening Agent (Tyrosinase Inhibitor),Spot Treatment,Synthetic resorcinol derivative for tone-evening,Brightens and evens skin tone,Dab a small amount directly onto targeted area,Both,Daily,N/A,Yes,Generally well tolerated,"Hyperpigmentation-prone, All skin types","Niacinamide, Vitamin C",None significant,0,5.0-6.5,Consult doctor,No,Mid-Range ($$)
Titanium Dioxide,UV Filter (Mineral),Toner/Essence,Physical UV blocker,"Broad-spectrum sun protection, gentle","Pat into skin after cleansing, before serum",Morning,Daily,N/A,N/A (is the sunscreen),Reapply every 2 hours in sun exposure,"Sensitive, All skin types","Zinc Oxide, Antioxidants",None significant,0,N/A,Yes,No,Mid-Range ($$)
Matcha Green Tea Extract,Antioxidant Botanical,Toner/Essence,Concentrated polyphenol antioxidant,Calms and protects against environmental stress,"Pat into skin after cleansing, before serum",Both,Daily,N/A,Yes,Minimal restrictions,"Sensitive, Oily, All skin types","Niacinamide, Centella Asiatica",None significant,0,5.0-6.0,Yes,No,Mid-Range ($$)
Niacinamide + Zinc Complex,Oil Control/Barrier Blend,Moisturizer/Cream,Combined sebum regulation and barrier support,"Reduces shine, minimizes breakouts","Nickel-sized amount, applied as final hydrating step",Both,Daily,N/A,Yes,Minimal restrictions,"Oily, Acne-prone, Combination",Hyaluronic Acid,High-dose Vitamin C,0,5.0-7.0,Yes,No,Budget ($)
Chaga Mushroom Extract,Antioxidant (Mushroom),Face Mask,Potent antioxidant with melanin-modulating properties,"Brightens, protects against oxidative stress","Apply for 10-15 minutes, 1-3x per week, then rinse or wipe off",Both,Daily,N/A,Yes,Minimal restrictions,"Dull skin, Mature","Vitamin C, Niacinamide",None significant,0,5.0-6.0,Consult doctor,No,Premium ($$$)
Kojic Acid,Brightening Agent,Cleanser,Tyrosinase inhibitor from fungi,Lightens dark spots and sun damage,"Massage onto damp skin for 30-60 seconds, rinse",Night,1x daily at night,5%,Yes,Can be sensitizing at high concentration,Hyperpigmentation-prone,"Niacinamide, Licorice Extract",Strong acids/retinoids together,0,4.0-5.0,Consult doctor,Yes,Premium ($$$)
Retinaldehyde,Retinoid,Face Mask,Converts to retinoic acid faster than retinol,"Anti-aging, acne control, texture refinement","Apply for 10-15 minutes, 1-3x per week, then rinse or wipe off",Night,"2-3x per week, building up to nightly",0.05%,Yes,Avoid in pregnancy; avoid mixing with strong acids,"Normal, Oily, Mature","Peptides, Niacinamide","AHA/BHA, Vitamin C",2,5.5-6.0,No,Yes,Mid-Range ($$)
N-Acetyl Glucosamine,Brightening Agent (Amino Sugar),Spot Treatment,Works synergistically with niacinamide to reduce pigment,"Evens tone, supports barrier hydration",Dab a small amount directly onto targeted area,Both,Daily,N/A,Yes,Minimal restrictions,"Hyperpigmentation-prone, All skin types",Niacinamide,None significant,0,5.0-6.5,Yes,No,Budget ($)
Cupuacu Butter,Emollient (Butter),Serum,High water-absorption Amazonian butter,Deeply hydrates without greasy feel,"1-2 drops, pressed into skin before heavier products",Both,Daily,N/A,Yes,Minimal restrictions,"Dry, Normal","Shea Butter, Squalane",None significant,2,N/A,Yes,No,Mid-Range ($$)
Triphala Extract,Antioxidant/Purifying Botanical (Ayurvedic),Facial Oil,Traditional three-fruit antioxidant blend,"Detoxifies, brightens, supports clarity","2-3 drops, pressed on as the last step to seal in moisture",Both,Daily,N/A,Yes,Minimal restrictions,"All skin types, Dull skin","Niacinamide, Vitamin C",None significant,0,5.0-6.0,Consult doctor,No,Mid-Range ($$)
Linoleic Acid,Fatty Acid (Barrier Support),Spot Treatment,Essential omega-6 fatty acid for barrier lipids,"Supports barrier, reduces congestion in oily skin",Dab a small amount directly onto targeted area,Both,Daily,N/A,Yes,Minimal restrictions,"Oily, Acne-prone, Combination","Niacinamide, Ceramides",None significant,1,N/A,Yes,No,Budget ($)
Marshmallow Root Extract,Soothing/Hydrating Botanical,Cleanser,"Mucilage-rich calming, moisture-binding extract","Soothes irritation, hydrates gently","Massage onto damp skin for 30-60 seconds, rinse",Both,Daily,N/A,Yes,Minimal restrictions,"Sensitive, Dry, Eczema-prone","Oat Extract, Panthenol",None significant,0,5.0-6.0,Yes,No,Premium ($$$)
Capryloyl Salicylic Acid,BHA (Lipophilic Derivative),Spot Treatment,Modified salicylic acid with deeper pore penetration,"Refines pores, reduces breakouts",Dab a small amount directly onto targeted area,Night,1x daily at night,N/A,Yes,Avoid on dry/compromised skin,"Oily, Acne-prone","Niacinamide, Zinc PCA",Retinoids same time,1,3.5-4.5,Consult doctor,Yes,Mid-Range ($$)
Cupuacu Butter,Emollient (Butter),Moisturizer/Cream,High water-absorption Amazonian butter,Deeply hydrates without greasy feel,"Nickel-sized amount, applied as final hydrating step",Both,Daily,N/A,Yes,Minimal restrictions,"Dry, Normal","Shea Butter, Squalane",None significant,2,N/A,Yes,No,Budget ($)
Urea,Barrier/Keratolytic Humectant,Spot Treatment,Hydrates and gently breaks down excess keratin,"Softens rough, dry, or thickened skin",Dab a small amount directly onto targeted area,Both,Daily,N/A,Yes,Can sting on broken skin at high concentration,"Dry, Very Dry, Keratosis Pilaris-prone","Ceramides, Glycerin",None significant,0,4.0-6.0,Yes,No,Mid-Range ($$)
Cucumber Extract,Hydrating/Soothing Botanical,Spot Treatment,"Cooling, mildly astringent, hydrating","Refreshes, reduces puffiness",Dab a small amount directly onto targeted area,Morning,Daily,N/A,Yes,Minimal restrictions,"All skin types, Sensitive","Aloe Vera, Hyaluronic Acid",None significant,0,5.0-6.0,Yes,No,Mid-Range ($$)
Shea Butter,Emollient (Butter),Cleanser,"Rich fatty-acid emollient, deeply moisturizing","Softens very dry or rough skin, seals in moisture","Massage onto damp skin for 30-60 seconds, rinse",Both,Daily,N/A,Yes,Can feel heavy on very oily skin,"Dry, Very Dry, Mature","Ceramides, Squalane",None significant,2,N/A,Yes,No,Mid-Range ($$)
Upcycled Coffee Cherry Extract,Antioxidant (Upcycled/Sustainable),Spot Treatment,Byproduct rich in chlorogenic acid antioxidants,"Brightens, firms, protects",Dab a small amount directly onto targeted area,Both,Daily,N/A,Yes,Minimal restrictions,"All skin types, Mature","Niacinamide, Vitamin C",None significant,0,5.0-6.5,Yes,No,Mid-Range ($$)
Horsetail Extract (Silica-rich),Firming/Astringent Botanical,Facial Oil,Natural silica-rich extract supporting skin structure,Firms and tightens the look of skin,"2-3 drops, pressed on as the last step to seal in moisture",Both,Daily,N/A,Yes,Minimal restrictions,"Normal, Mature, Combination","Niacinamide, Peptides",None significant,0,5.0-6.0,Consult doctor,No,Premium ($$$)
Reishi Mushroom Extract,Antioxidant/Adaptogen (Mushroom),Serum,Polysaccharide-rich antioxidant and calming agent,"Soothes, hydrates, supports resilience","1-2 drops, pressed into skin before heavier products",Both,Daily,N/A,Yes,Minimal restrictions,"Sensitive, Mature","Centella Asiatica, Niacinamide",None significant,0,5.0-6.0,Consult doctor,No,Premium ($$$)
Ectoin,Barrier/Stress Protection,Toner/Essence,Extremolyte that protects cells from environmental stress,"Protects against pollution and UV stress, hydrates","Pat into skin after cleansing, before serum",Both,Daily,N/A,Yes,Minimal restrictions,"Sensitive, All skin types","Ceramides, Hyaluronic Acid",None significant,0,5.0-7.0,Yes,No,Premium ($$$)
Snail Mucin,Regenerative/Humectant,Facial Oil,Glycoproteins support hydration and repair,"Hydrates, soothes, supports barrier recovery","2-3 drops, pressed on as the last step to seal in moisture",Both,Daily,N/A,Yes,Patch test for sensitivity,"Dry, Sensitive, Acne-prone","Niacinamide, Hyaluronic Acid",None significant,1,5.0-6.5,Consult doctor,Yes,Budget ($)
Red Algae Extract,Marine Antioxidant/Hydrator,Moisturizer/Cream,Mineral and polysaccharide-rich marine extract,"Hydrates, firms, protects from environmental stress","Nickel-sized amount, applied as final hydrating step",Both,Daily,N/A,Yes,Minimal restrictions,"Dry, Normal, Dull skin","Hyaluronic Acid, Niacinamide",None significant,0,5.0-6.5,Yes,No,Budget ($)
Diosmin,Circulation-support/Antioxidant,Serum,Citrus-derived flavonoid supporting microcirculation,"Reduces redness, supports skin resilience","1-2 drops, pressed into skin before heavier products",Both,Daily,N/A,Yes,Minimal restrictions,"Rosacea-prone, Sensitive","Niacinamide, Centella Asiatica",None significant,0,5.0-6.0,Consult doctor,No,Mid-Range ($$)
Edelweiss Extract,Antioxidant Botanical (Alpine),Serum,"High-altitude plant antioxidant, UV-stress protective",Protects against environmental and UV stress,"1-2 drops, pressed into skin before heavier products",Both,Daily,N/A,Yes,Minimal restrictions,"All skin types, Mature","Vitamin C, Niacinamide",None significant,0,5.0-6.0,Consult doctor,No,Premium ($$$)
Retinyl Acetate,Retinoid (Mild Ester),Serum,"Stable retinoid ester, gradual conversion",Gentle texture and tone improvement,"1-2 drops, pressed into skin before heavier products",Night,1x daily at night,N/A,Yes,Avoid in pregnancy,"Sensitive, Normal","Niacinamide, Peptides",AHA/BHA at same time,1,5.5-6.5,No,No,Mid-Range ($$)
Hydroxypinacolone Retinoate (HPR),Retinoid (Retinoic Acid Ester),Spot Treatment,Binds retinoid receptors directly without conversion/irritation lag,Anti-aging with less irritation than retinol,Dab a small amount directly onto targeted area,Night,1x daily at night,N/A,Yes,Avoid in pregnancy,"Normal, Sensitive, Mature","Niacinamide, Peptides",Strong AHA/BHA same session,1,5.5-6.5,No,No,Budget ($)
Peony Extract,Soothing/Brightening Botanical,Face Mask,Anti-inflammatory with mild brightening effect,"Calms redness, supports even tone","Apply for 10-15 minutes, 1-3x per week, then rinse or wipe off",Both,Daily,N/A,Yes,Minimal restrictions,"Sensitive, Dull skin","Centella Asiatica, Niacinamide",None significant,0,5.0-6.0,Yes,No,Premium ($$$)
Borage Seed Oil,Facial Oil (Botanical),Face Mask,High in gamma-linolenic acid (GLA),"Calms inflammation, softens skin","Apply for 10-15 minutes, 1-3x per week, then rinse or wipe off",Night,1x daily at night,N/A,Yes,Minimal restrictions,"Sensitive, Dry, Eczema-prone","Ceramides, Panthenol",None significant,2,N/A,Consult doctor,No,Premium ($$$)
Jojoba Esters (Jojoba Beads),Physical Exfoliant (Biodegradable),Facial Oil,"Round, gentle biodegradable exfoliating beads",Buffs away dead skin without micro-tears,"2-3 drops, pressed on as the last step to seal in moisture",Night,1x daily at night,N/A,Yes,Minimal restrictions,"All skin types, Sensitive","Niacinamide, Squalane",None significant,1,N/A,Yes,No,Premium ($$$)
Bifida Ferment Lysate,Prebiotic/Fermented Ingredient,Serum,Fermentation-derived skin-conditioning and soothing agent,"Strengthens barrier, calms sensitive skin","1-2 drops, pressed into skin before heavier products",Both,Daily,N/A,Yes,Minimal restrictions,"Sensitive, All skin types","Postbiotics, Ceramides",None significant,0,5.0-6.0,Yes,No,Budget ($)
Coenzyme Q10 (Ubiquinone),Antioxidant,Spot Treatment,"Supports cellular energy, reduces oxidative stress","Firms skin, reduces fine lines",Dab a small amount directly onto targeted area,Both,Daily,5%,Yes,Minimal restrictions,"Mature, Normal","Vitamin E, Peptides",None significant,1,N/A,Yes,No,Premium ($$$)
Fuller's Earth (Multani Mitti),Purifying Mineral Clay,Toner/Essence,Traditional absorbent mineral clay,"Deep cleanses, controls oil, brightens","Pat into skin after cleansing, before serum",Night,1x daily at night,N/A,Yes,Can be drying for dry skin,"Oily, Combination","Turmeric Extract, Rose Water",Overuse with other drying actives,0,N/A,Yes,No,Premium ($$$)
Acetyl Hexapeptide-8 (Argireline),Peptide (Neurotransmitter-inhibiting),Facial Oil,Relaxes micro-muscle contractions,Softens expression lines,"2-3 drops, pressed on as the last step to seal in moisture",Night,1x daily at night,N/A,Yes,Minimal restrictions,"Mature, Normal","Peptide complexes, Hyaluronic Acid",None significant,0,5.0-7.0,Consult doctor,No,Mid-Range ($$)
Snail Mucin,Regenerative/Humectant,Toner/Essence,Glycoproteins support hydration and repair,"Hydrates, soothes, supports barrier recovery","Pat into skin after cleansing, before serum",Both,Daily,N/A,Yes,Patch test for sensitivity,"Dry, Sensitive, Acne-prone","Niacinamide, Hyaluronic Acid",None significant,1,5.0-6.5,Consult doctor,Yes,Budget ($)
Coco-Glucoside,Mild Cleansing Surfactant,Facial Oil,Plant-derived gentle cleansing agent,Cleanses without stripping the barrier,"2-3 drops, pressed on as the last step to seal in moisture",Both,Daily,N/A,Yes,Minimal restrictions,"All skin types, Sensitive","Ceramides, Glycerin",None significant,0,5.0-6.5,Yes,No,Premium ($$$)
Lactobacillus Ferment,Probiotic/Fermented Ingredient,Spot Treatment,Fermentation-derived skin-conditioning agent,"Supports microbiome balance, softens skin",Dab a small amount directly onto targeted area,Both,Daily,N/A,Yes,Minimal restrictions,"Sensitive, All skin types","Postbiotics, Ceramides",None significant,0,5.0-6.0,Yes,No,Budget ($)
Macadamia Nut Oil,Facial Oil (Botanical),Serum,"Palmitoleic-acid rich, mimics skin's natural sebum",Deeply nourishes mature or dry skin,"1-2 drops, pressed into skin before heavier products",Night,1x daily at night,N/A,Yes,Tree-nut allergy caution,"Dry, Mature","Squalane, Vitamin E",None significant,2,N/A,Consult doctor,Yes,Premium ($$$)
Sea Kelp Bioferment,Humectant/Antioxidant (Marine Fermented),Toner/Essence,"Fermented marine extract, hydrating and mineral-rich","Hydrates, firms, protects","Pat into skin after cleansing, before serum",Both,Daily,N/A,Yes,Minimal restrictions,"All skin types, Dry","Hyaluronic Acid, Niacinamide",None significant,0,5.0-6.5,Yes,No,Budget ($)
Sodium Hyaluronate,Humectant,Toner/Essence,Smaller-molecule form of Hyaluronic Acid,Deeper hydration penetration,"Pat into skin after cleansing, before serum",Both,Daily,2%,Yes,Apply to damp skin,All skin types,"Ceramides, Glycerin",None significant,0,5.0-7.0,Yes,No,Mid-Range ($$)
Kombucha Ferment Extract,Fermented/Probiotic Botanical,Facial Oil,Fermentation-derived exfoliating and hydrating blend,"Softens texture, supports microbiome","2-3 drops, pressed on as the last step to seal in moisture",Both,Daily,N/A,Yes,Minimal restrictions,"All skin types, Dull skin","Postbiotics, Niacinamide",None significant,0,4.5-5.5,Yes,No,Mid-Range ($$)
Encapsulated Retinol,Retinoid (Time-release),Spot Treatment,Time-released retinol for reduced surface irritation,"Anti-aging with slower, steadier release",Dab a small amount directly onto targeted area,Night,1x daily at night,N/A,Yes,Avoid in pregnancy,"Sensitive, Normal, Mature","Niacinamide, Ceramides",Strong acids same time,1,5.5-6.5,No,Yes,Mid-Range ($$)
Hexapeptide-11,Peptide (Renewal-signaling),Cleanser,Supports skin renewal and radiance signaling,Improves radiance and firmness,"Massage onto damp skin for 30-60 seconds, rinse",Night,1x daily at night,N/A,Yes,Minimal restrictions,"Mature, Dull skin","Niacinamide, Peptides",None significant,0,5.0-7.0,Consult doctor,No,Budget ($)
Saccharomyces Ferment Filtrate,Fermented/Biotech Ingredient,Serum,Yeast-fermentation extract rich in vitamins and minerals,"Brightens, hydrates, supports resilience","1-2 drops, pressed into skin before heavier products",Both,Daily,N/A,Yes,Minimal restrictions,"All skin types, Dull skin","Niacinamide, Hyaluronic Acid",None significant,0,5.0-6.5,Yes,No,Mid-Range ($$)
Illipe Butter,Emollient (Butter),Cleanser,"Firm, shea-like conditioning butter",Deeply moisturizes and protects,"Massage onto damp skin for 30-60 seconds, rinse",Both,Daily,N/A,Yes,Minimal restrictions,"Dry, Very Dry, Mature","Shea Butter, Squalane",None significant,2,N/A,Yes,No,Premium ($$$)
Bakuchi Seed Extract,Botanical (Bakuchiol source),Serum,"Source plant of bakuchiol, mild anti-aging",Supports gentle renewal,"1-2 drops, pressed into skin before heavier products",Night,1x daily at night,N/A,Yes,Patch test for sensitivity,"All skin types, Sensitive","Niacinamide, Peptides",None significant,1,5.0-6.5,Consult doctor,No,Premium ($$$)
Ashwagandha Extract,Adaptogen Botanical,Face Mask,Adaptogenic extract supporting skin barrier resilience,Calms stress-related dullness and sensitivity,"Apply for 10-15 minutes, 1-3x per week, then rinse or wipe off",Both,Daily,N/A,Yes,Minimal restrictions,"Sensitive, Dull skin","Centella Asiatica, Niacinamide",None significant,0,5.0-6.0,Consult doctor,No,Budget ($)
Capryloyl Salicylic Acid,BHA (Lipophilic Derivative),Serum,Modified salicylic acid with deeper pore penetration,"Refines pores, reduces breakouts","1-2 drops, pressed into skin before heavier products",Night,1x daily at night,N/A,Yes,Avoid on dry/compromised skin,"Oily, Acne-prone","Niacinamide, Zinc PCA",Retinoids same time,1,3.5-4.5,Consult doctor,Yes,Budget ($)
Ascorbyl Palmitate,Vitamin C Derivative (Fat-soluble),Spot Treatment,"Fat-soluble, stable Vitamin C ester",Gentle brightening and antioxidant protection,Dab a small amount directly onto targeted area,Both,Daily,N/A,Yes,Minimal restrictions,"Dry, Normal","Vitamin E, Ferulic Acid",Strong acids same time,2,5.5-7.0,Yes,No,Budget ($)
Inulin,Prebiotic Humectant,Toner/Essence,Plant-derived prebiotic fiber and humectant,Hydrates while feeding beneficial skin bacteria,"Pat into skin after cleansing, before serum",Both,Daily,N/A,Yes,Minimal restrictions,"All skin types, Sensitive","Postbiotics, Ceramides",None significant,0,5.0-6.5,Yes,No,Budget ($)
Ascorbyl Glucoside,Vitamin C Derivative,Spot Treatment,Slow-release stable Vitamin C,"Gradual brightening, antioxidant",Dab a small amount directly onto targeted area,Both,Daily,15%,Yes,"Mild formulation, low irritation risk",All skin types,"Niacinamide, Peptides",Strong acids,0,5.5-7.0,Yes,No,Premium ($$$)
Citric Acid,AHA (Alpha Hydroxy Acid),Face Mask,"Fruit-derived exfoliant, also a pH adjuster",Brightens and gently exfoliates,"Apply for 10-15 minutes, 1-3x per week, then rinse or wipe off",Night,2-3x per week,5%,Yes,Avoid on broken/sunburned skin,"Normal, Oily, Combination","Niacinamide, Hyaluronic Acid","Retinoids, other acids together",1,3.0-4.0,Consult doctor,Yes,Budget ($)
Marine Elastin,Firming Ingredient (Marine-derived),Toner/Essence,"Supports the look of skin elasticity, marine-sourced",Improves appearance of firmness and bounce,"Pat into skin after cleansing, before serum",Both,Daily,N/A,Yes,Patch test for fish-derived allergy,"Mature, Normal","Marine Collagen, Peptides",None significant,0,5.0-7.0,Consult doctor,Yes,Budget ($)
Rosehip Oil,Facial Oil (Botanical),Spot Treatment,"Vitamin A and C rich, regenerative","Fades scars, brightens, anti-aging",Dab a small amount directly onto targeted area,Night,1x daily at night,N/A,Yes,Can oxidize quickly; store in dark bottle,"Dry, Mature, Normal","Vitamin C, Squalane",Strong retinoids same time,2,N/A,Consult doctor,No,Premium ($$$)
Vitamin C (L-Ascorbic Acid),Antioxidant,Face Mask,"Neutralizes free radicals, inhibits melanin production","Brightens, evens tone, boosts collagen","Apply for 10-15 minutes, 1-3x per week, then rinse or wipe off",Morning,Daily,10%,Yes,"Avoid with niacinamide flushing sensitivity, unstable at high pH/light exposure","Normal, Oily, Combination","Vitamin E, Ferulic Acid, SPF","Retinoids, AHA/BHA at same time",0,3.0-3.5,Yes,No,Mid-Range ($$)
Bhringraj Oil,Facial Oil (Ayurvedic Botanical),Toner/Essence,Traditional anti-aging and soothing oil,"Nourishes, calms, supports elasticity","Pat into skin after cleansing, before serum",Night,1x daily at night,N/A,Yes,Patch test for sensitivity,"Dry, Mature, Sensitive","Squalane, Centella Asiatica",None significant,2,N/A,Consult doctor,Yes,Mid-Range ($$)
Tulsi (Holy Basil) Extract,Adaptogen Botanical (Ayurvedic),Toner/Essence,"Traditional adaptogenic, purifying extract","Calms stressed skin, purifies pores","Pat into skin after cleansing, before serum",Both,Daily,N/A,Yes,Minimal restrictions,"Oily, Combination, Sensitive","Niacinamide, Centella Asiatica",None significant,0,5.0-6.0,Consult doctor,No,Budget ($)
Ceramide NP,Barrier Lipid (Specific Ceramide),Cleanser,Key structural lipid for barrier repair,"Restores barrier, reduces moisture loss","Massage onto damp skin for 30-60 seconds, rinse",Both,Daily,N/A,Yes,Minimal restrictions,"Dry, Sensitive, Mature","Cholesterol, Fatty Acids",None significant,1,N/A,Yes,No,Premium ($$$)
Upcycled Coffee Cherry Extract,Antioxidant (Upcycled/Sustainable),Face Mask,Byproduct rich in chlorogenic acid antioxidants,"Brightens, firms, protects","Apply for 10-15 minutes, 1-3x per week, then rinse or wipe off",Both,Daily,N/A,Yes,Minimal restrictions,"All skin types, Mature","Niacinamide, Vitamin C",None significant,0,5.0-6.5,Yes,No,Mid-Range ($$)
Retinol,Retinoid,Face Mask,"Increases cell turnover, boosts collagen synthesis","Reduces fine lines, smooths texture, fades dark spots","Apply for 10-15 minutes, 1-3x per week, then rinse or wipe off",Night,"2-3x per week, building up to nightly",0.5%,Yes,"Avoid during pregnancy/breastfeeding, on broken skin, or with active sunburn","Normal, Oily, Combination, Mature","Niacinamide, Peptides, Ceramides","AHA/BHA, Benzoyl Peroxide, Vitamin C in same routine",2,5.5-6.0,No,Yes,Premium ($$$)
Willow Bark Extract,Natural BHA Alternative,Face Mask,"Contains salicin, gentle exfoliating botanical","Mild exfoliation, evens texture","Apply for 10-15 minutes, 1-3x per week, then rinse or wipe off",Night,1x daily at night,N/A,Yes,Gentler than salicylic acid but still exfoliating,"Sensitive, Combination","Niacinamide, Panthenol",Other strong acids,1,4.0-5.0,Consult doctor,No,Premium ($$$)
Matrixyl 3000,Peptide Complex,Spot Treatment,Combination peptide blend targeting collagen/elastin,"Comprehensive anti-aging, firms and smooths",Dab a small amount directly onto targeted area,Night,1x daily at night,N/A,Yes,Minimal restrictions,"Mature, Normal","Hyaluronic Acid, Niacinamide",Strong acids same time,0,5.0-7.0,Consult doctor,No,Budget ($)
Houttuynia Cordata Extract (Heartleaf),Soothing/Antibacterial Botanical (K-beauty),Cleanser,Calming antibacterial extract for reactive skin,Soothes acne-prone and irritated skin,"Massage onto damp skin for 30-60 seconds, rinse",Both,Daily,N/A,Yes,Minimal restrictions,"Acne-prone, Sensitive","Centella Asiatica, Niacinamide",None significant,0,5.0-6.0,Consult doctor,No,Premium ($$$)
Sulfur,Acne Treatment,Serum,"Antimicrobial, keratolytic","Dries out blemishes, reduces oil","1-2 drops, pressed into skin before heavier products",Night,1x daily at night,N/A,Yes,Strong smell; can be drying,"Oily, Acne-prone",Niacinamide,Strong acids/retinoids together,0,4.0-6.0,Consult doctor,Yes,Premium ($$$)
Bromelain (Pineapple Enzyme),Enzyme Exfoliant,Toner/Essence,Protein-dissolving enzyme from pineapple stem,"Gentle exfoliation, brightening","Pat into skin after cleansing, before serum",Night,1x daily at night,N/A,Yes,"Avoid on broken skin, mild allergy risk","Sensitive, Normal","Vitamin C, Papain",Strong acids/retinoids same time,1,4.0-6.0,Consult doctor,Yes,Premium ($$$)
Trifarotene,"Retinoid (Prescription, 4th-gen)",Facial Oil,Highly selective RAR-gamma receptor agonist,"Treats acne and photoaging, prescription strength","2-3 drops, pressed on as the last step to seal in moisture",Night,1x daily at night,N/A,Yes,Avoid in pregnancy; prescription supervision required,"Acne-prone, Normal","Moisturizers, Ceramides","AHA/BHA, Benzoyl Peroxide together",1,5.0-6.0,No,Yes,Budget ($)
Aloe Vera,Soothing/Hydrating Botanical,Face Mask,"Calming, hydrating, mild anti-inflammatory","Soothes irritation, hydrates lightly","Apply for 10-15 minutes, 1-3x per week, then rinse or wipe off",Both,Daily,N/A,Yes,Minimal restrictions,"Sensitive, Sunburned, All skin types","Panthenol, Hyaluronic Acid",None significant,0,4.0-5.5,Yes,No,Mid-Range ($$)
Frankincense Extract,Anti-aging Botanical (Fragrance),Toner/Essence,"Traditional resin extract, mild astringent",Supports firmness and even tone,"Pat into skin after cleansing, before serum",Night,1x daily at night,N/A,Yes,Fragrance allergy risk; patch test,"Mature, Normal","Peptides, Vitamin C",None significant,1,5.0-6.0,Consult doctor,Yes,Premium ($$$)
Vitamin C (L-Ascorbic Acid),Antioxidant,Spot Treatment,"Neutralizes free radicals, inhibits melanin production","Brightens, evens tone, boosts collagen",Dab a small amount directly onto targeted area,Morning,Daily,10%,Yes,"Avoid with niacinamide flushing sensitivity, unstable at high pH/light exposure","Normal, Oily, Combination","Vitamin E, Ferulic Acid, SPF","Retinoids, AHA/BHA at same time",0,3.0-3.5,Yes,No,Budget ($)
Grapeseed Oil,Facial Oil (Botanical),Toner/Essence,"Light, antioxidant-rich oil","Softens skin, absorbs quickly","Pat into skin after cleansing, before serum",Both,Daily,N/A,Yes,Minimal restrictions,"Oily, Combination, Normal","Vitamin E, Niacinamide",None significant,1,N/A,Yes,No,Budget ($)
Alpha Arbutin,Brightening Agent,Spot Treatment,Gentle tyrosinase inhibitor,"Evens tone, fades hyperpigmentation",Dab a small amount directly onto targeted area,Both,Daily,5%,Yes,Generally well tolerated,"Hyperpigmentation-prone, Sensitive","Niacinamide, Vitamin C",None significant,0,4.0-6.0,Consult doctor,No,Premium ($$$)
French Green Clay,Purifying Mineral Clay,Toner/Essence,Mineral-rich absorbent clay,"Detoxifies, tightens, mattifies","Pat into skin after cleansing, before serum",Night,1x daily at night,N/A,Yes,Can be drying for dry skin,"Oily, Combination, Acne-prone","Charcoal, Niacinamide",Overuse with other drying actives,0,N/A,Yes,No,Budget ($)
Chia Seed Oil,Facial Oil (Botanical),Serum,Omega-3/6 balanced antioxidant oil,Nourishes and calms sensitive skin,"1-2 drops, pressed into skin before heavier products",Both,Daily,N/A,Yes,Minimal restrictions,"Sensitive, Dry, Normal","Squalane, Centella Asiatica",None significant,1,N/A,Yes,No,Budget ($)
Cyclopentasiloxane,Texture Agent (Volatile Silicone),Spot Treatment,Lightweight silicone providing silky glide,"Improves spreadability, silky finish",Dab a small amount directly onto targeted area,Both,Daily,N/A,Yes,Minimal restrictions,All skin types,"Dimethicone, Moisturizers",None significant,0,N/A,Yes,No,Premium ($$$)
Palmitoyl Pentapeptide-4,Peptide,Face Mask,Stimulates collagen synthesis,Improves firmness and elasticity,"Apply for 10-15 minutes, 1-3x per week, then rinse or wipe off",Night,1x daily at night,2%,Yes,Minimal restrictions,Mature,"Niacinamide, Hyaluronic Acid",None significant,0,5.0-7.0,Consult doctor,No,Mid-Range ($$)
Sodium Hyaluronate,Humectant,Facial Oil,Smaller-molecule form of Hyaluronic Acid,Deeper hydration penetration,"2-3 drops, pressed on as the last step to seal in moisture",Both,Daily,5%,Yes,Apply to damp skin,All skin types,"Ceramides, Glycerin",None significant,0,5.0-7.0,Yes,No,Premium ($$$)
Cranberry Seed Oil,Facial Oil (Botanical),Facial Oil,Balanced omega-3/6 fatty acid oil,"Nourishes without heaviness, antioxidant-rich","2-3 drops, pressed on as the last step to seal in moisture",Both,Daily,N/A,Yes,Minimal restrictions,"Normal, Combination, Dry","Squalane, Vitamin E",None significant,1,N/A,Yes,No,Budget ($)
Peptide Complex (Matrixyl-type),Peptide,Spot Treatment,Signals collagen and elastin production,"Firms skin, reduces wrinkle depth",Dab a small amount directly onto targeted area,Night,1x daily at night,2%,Yes,Minimal restrictions,"Mature, Normal, All skin types","Hyaluronic Acid, Niacinamide",Strong acids same time,0,5.0-7.0,Consult doctor,No,Premium ($$$)
Watermelon Extract,Hydrating Botanical,Toner/Essence,Amino-acid and water-rich hydrating extract,Refreshes and hydrates lightly,"Pat into skin after cleansing, before serum",Morning,Daily,N/A,Yes,Minimal restrictions,"All skin types, Dry","Hyaluronic Acid, Aloe Vera",None significant,0,5.0-6.0,Yes,No,Premium ($$$)
Pineapple Extract,Enzyme/Antioxidant Botanical,Facial Oil,"Bromelain-containing fruit extract, mild exfoliant",Brightens and softens texture gently,"2-3 drops, pressed on as the last step to seal in moisture",Night,1x daily at night,N/A,Yes,Avoid on broken skin; mild allergy risk,"Sensitive, Normal, Dull skin","Vitamin C, Papain",Strong acids/retinoids same time,1,4.0-6.0,Consult doctor,Yes,Budget ($)
Exosomes,Regenerative/Biotech,Face Mask,Cell-signaling vesicles supporting tissue repair,"Accelerates recovery, boosts radiance","Apply for 10-15 minutes, 1-3x per week, then rinse or wipe off",Night,1x daily at night,1%,Yes,"Emerging ingredient; consult dermatologist, limited regulation clarity","Mature, Normal, Post-procedure","Peptides, Growth Factors",Strong acids same time,0,5.0-7.0,Consult doctor,Yes,Mid-Range ($$)
Castor Oil,Facial Oil (Botanical),Serum,"Ricinoleic-acid rich, thick occlusive oil","Seals in moisture, conditions brows/lashes","1-2 drops, pressed into skin before heavier products",Night,1x daily at night,N/A,Yes,Can feel heavy; patch test,"Very Dry, Normal","Squalane, Jojoba Oil",None significant,1,N/A,Yes,Yes,Premium ($$$)
Xylitylglucoside,Humectant (Sugar-derived),Serum,Biomimetic sugar humectant supporting NMF,Hydrates and reinforces natural moisture factors,"1-2 drops, pressed into skin before heavier products",Both,Daily,N/A,Yes,Minimal restrictions,"All skin types, Dry","Hyaluronic Acid, Glycerin",None significant,0,N/A,Yes,No,Budget ($)
NAD+ (Nicotinamide Adenine Dinucleotide),Regenerative/Biotech,Cleanser,Supports cellular energy metabolism and repair,"Anti-aging, supports skin resilience","Massage onto damp skin for 30-60 seconds, rinse",Night,1x daily at night,5%,Yes,Emerging ingredient; limited long-term data,"Mature, Normal","Niacinamide, Peptides",None significant,0,5.0-7.0,Consult doctor,Yes,Mid-Range ($$)
Tartaric Acid,AHA (Alpha Hydroxy Acid),Cleanser,Grape-derived exfoliant and antioxidant,Brightens and refines texture,"Massage onto damp skin for 30-60 seconds, rinse",Night,2-3x per week,15%,Yes,Avoid on broken/sunburned skin,"Normal, Combination","Vitamin C, Niacinamide","Retinoids, other acids together",1,3.0-4.0,Consult doctor,Yes,Premium ($$$)
Kalahari Melon (Watermelon Seed) Oil,Facial Oil (Botanical),Serum,Lightweight linoleic-acid rich oil,Hydrates oily/combination skin without clogging,"1-2 drops, pressed into skin before heavier products",Both,Daily,N/A,Yes,Minimal restrictions,"Oily, Combination","Niacinamide, Squalane",None significant,1,N/A,Yes,No,Premium ($$$)
Granactive Retinoid,Retinoid (Next-gen Ester Blend),Spot Treatment,Modern retinoid ester with reduced irritation profile,"Smooths texture, fades fine lines gently",Dab a small amount directly onto targeted area,Night,1x daily at night,N/A,Yes,Avoid in pregnancy,"Sensitive, Normal, Beginner retinoid users","Niacinamide, Hyaluronic Acid",Strong acids same time,1,5.5-6.5,No,No,Premium ($$$)
Chrysanthemum Extract,Soothing/Antioxidant Botanical,Spot Treatment,Calming floral extract with antioxidant properties,"Calms redness, adds antioxidant protection",Dab a small amount directly onto targeted area,Both,Daily,N/A,Yes,Fragrance allergy risk for very sensitive skin,"Sensitive, All skin types","Chamomile, Bisabolol",None significant,0,5.0-6.0,Consult doctor,Yes,Mid-Range ($$)
Cupuacu Butter,Emollient (Butter),Spot Treatment,High water-absorption Amazonian butter,Deeply hydrates without greasy feel,Dab a small amount directly onto targeted area,Both,Daily,N/A,Yes,Minimal restrictions,"Dry, Normal","Shea Butter, Squalane",None significant,2,N/A,Yes,No,Premium ($$$)
Mango Butter,Emollient (Butter),Face Mask,"Lightweight plant butter, high in fatty acids",Softens and conditions dry skin,"Apply for 10-15 minutes, 1-3x per week, then rinse or wipe off",Both,Daily,N/A,Yes,Minimal restrictions,"Dry, Normal","Shea Butter, Squalane",None significant,2,N/A,Yes,No,Premium ($$$)
N-Acetyl Glucosamine,Brightening Agent (Amino Sugar),Cleanser,Works synergistically with niacinamide to reduce pigment,"Evens tone, supports barrier hydration","Massage onto damp skin for 30-60 seconds, rinse",Both,Daily,N/A,Yes,Minimal restrictions,"Hyperpigmentation-prone, All skin types",Niacinamide,None significant,0,5.0-6.5,Yes,No,Budget ($)
Macadamia Nut Oil,Facial Oil (Botanical),Face Mask,"Palmitoleic-acid rich, mimics skin's natural sebum",Deeply nourishes mature or dry skin,"Apply for 10-15 minutes, 1-3x per week, then rinse or wipe off",Night,1x daily at night,N/A,Yes,Tree-nut allergy caution,"Dry, Mature","Squalane, Vitamin E",None significant,2,N/A,Consult doctor,Yes,Premium ($$$)
Kukui Nut Oil,Facial Oil (Botanical),Moisturizer/Cream,"Lightweight Hawaiian nut oil, fatty-acid rich",Softens and protects without greasiness,"Nickel-sized amount, applied as final hydrating step",Both,Daily,N/A,Yes,Tree-nut allergy caution,"Dry, Normal, Combination","Squalane, Vitamin E",None significant,1,N/A,Consult doctor,Yes,Budget ($)
Red Clover Extract,Phytoestrogen Botanical,Spot Treatment,Plant-derived isoflavone extract supporting elasticity,Supports firmness in mature skin,Dab a small amount directly onto targeted area,Both,Daily,N/A,Yes,Minimal restrictions,"Mature, Normal","Peptides, Niacinamide",None significant,0,5.0-6.0,Consult doctor,No,Premium ($$$)
Fermented Rice Water Extract,Antioxidant/Brightening (Biotech),Spot Treatment,Fermentation-derived brightening and soothing,"Improves radiance, evens tone",Dab a small amount directly onto targeted area,Both,Daily,N/A,Yes,Minimal restrictions,All skin types,"Niacinamide, Centella Asiatica",None significant,0,5.0-6.0,Yes,No,Premium ($$$)
Soy Isoflavones,Phytoestrogen/Brightening Agent,Serum,Plant compound supporting collagen and tone-evening,Brightens and supports firmness,"1-2 drops, pressed into skin before heavier products",Both,Daily,N/A,Yes,Minimal restrictions,"Mature, Hyperpigmentation-prone","Niacinamide, Vitamin C",None significant,0,5.0-6.5,Consult doctor,No,Mid-Range ($$)
Acai Berry Extract,Antioxidant Botanical,Face Mask,Anthocyanin-rich Amazonian fruit antioxidant,"Protects against oxidative stress, brightens","Apply for 10-15 minutes, 1-3x per week, then rinse or wipe off",Both,Daily,N/A,Yes,Minimal restrictions,"All skin types, Dull skin","Vitamin C, Niacinamide",None significant,0,5.0-6.0,Yes,No,Mid-Range ($$)
Sodium Cocoyl Isethionate,Mild Cleansing Surfactant,Facial Oil,"Coconut-derived gentle cleansing agent, low irritation",Cleanses gently while preserving barrier,"2-3 drops, pressed on as the last step to seal in moisture",Both,Daily,N/A,Yes,Minimal restrictions,"Sensitive, Dry, All skin types","Ceramides, Glycerin",None significant,0,5.0-6.5,Yes,No,Mid-Range ($$)
Tetrahexyldecyl Ascorbate,Vitamin C Derivative (Oil-soluble),Cleanser,"Stable, oil-soluble Vitamin C form","Brightening with excellent stability, low irritation","Massage onto damp skin for 30-60 seconds, rinse",Both,Daily,N/A,Yes,Minimal restrictions,"All skin types, Sensitive","Vitamin E, Ferulic Acid",Strong acids same time,1,5.5-7.0,Yes,No,Premium ($$$)
Postbiotics,Microbiome Support/Biotech,Toner/Essence,Byproducts of beneficial bacteria supporting skin flora,"Strengthens barrier, calms sensitivity","Pat into skin after cleansing, before serum",Both,Daily,N/A,Yes,Emerging ingredient; generally well tolerated,"Sensitive, All skin types","Ceramides, Panthenol",None significant,0,5.0-6.5,Yes,No,Mid-Range ($$)
Bentonite Clay,Purifying/Oil Control,Cleanser,"Strong absorbent clay, draws out impurities","Deep pore cleansing, oil control","Massage onto damp skin for 30-60 seconds, rinse",Night,1x daily at night,N/A,Yes,Can be drying; limit frequency for dry skin,"Oily, Acne-prone","Charcoal, Salicylic Acid",Overuse with other drying actives,0,N/A,Yes,No,Premium ($$$)
Pequi Oil,Facial Oil (Botanical),Face Mask,Carotenoid-rich Brazilian antioxidant oil,Nourishes and protects mature skin,"Apply for 10-15 minutes, 1-3x per week, then rinse or wipe off",Night,1x daily at night,N/A,Yes,Minimal restrictions,"Dry, Mature","Squalane, Vitamin E",None significant,2,N/A,Consult doctor,Yes,Budget ($)
Fermented Barley Extract,Fermented Botanical (K-beauty),Toner/Essence,Fermentation-derived brightening and conditioning extract,"Brightens, softens texture","Pat into skin after cleansing, before serum",Both,Daily,N/A,Yes,Minimal restrictions,"All skin types, Dull skin","Niacinamide, Rice Water Extract",None significant,0,5.0-6.0,Yes,No,Premium ($$$)
Ferulic Acid,Antioxidant Booster,Facial Oil,Stabilizes and boosts Vitamin C/E efficacy,"Enhanced antioxidant protection, anti-aging","2-3 drops, pressed on as the last step to seal in moisture",Morning,Daily,0.5%,Yes,Rarely irritating alone,All skin types,"Vitamin C, Vitamin E",None significant,0,3.0-4.0,Yes,No,Mid-Range ($$)
Adapalene,Retinoid (OTC Acne Treatment),Cleanser,Selective retinoic acid receptor agonist,"Treats and prevents acne, refines texture","Massage onto damp skin for 30-60 seconds, rinse",Night,1x daily at night,N/A,Yes,Avoid in pregnancy; avoid with other exfoliants same time,"Oily, Acne-prone","Moisturizers, Niacinamide","Benzoyl Peroxide, AHA/BHA together",1,5.0-6.0,No,Yes,Premium ($$$)
Beta Carotene,Antioxidant (Provitamin A),Cleanser,"Precursor antioxidant, supports skin renewal",Supports even tone and radiance,"Massage onto damp skin for 30-60 seconds, rinse",Both,Daily,N/A,Yes,Minimal restrictions,All skin types,"Vitamin C, Vitamin E",None significant,0,N/A,Yes,No,Mid-Range ($$)
Beta-Sitosterol,Barrier/Anti-inflammatory Lipid,Moisturizer/Cream,Plant sterol supporting barrier and calming inflammation,Soothes and repairs sensitive skin,"Nickel-sized amount, applied as final hydrating step",Both,Daily,N/A,Yes,Minimal restrictions,"Sensitive, Dry","Ceramides, Phytosterols",None significant,1,N/A,Yes,No,Premium ($$$)
Bifida Ferment Lysate,Prebiotic/Fermented Ingredient,Face Mask,Fermentation-derived skin-conditioning and soothing agent,"Strengthens barrier, calms sensitive skin","Apply for 10-15 minutes, 1-3x per week, then rinse or wipe off",Both,Daily,N/A,Yes,Minimal restrictions,"Sensitive, All skin types","Postbiotics, Ceramides",None significant,0,5.0-6.0,Yes,No,Budget ($)
Peony Extract,Soothing/Brightening Botanical,Spot Treatment,Anti-inflammatory with mild brightening effect,"Calms redness, supports even tone",Dab a small amount directly onto targeted area,Both,Daily,N/A,Yes,Minimal restrictions,"Sensitive, Dull skin","Centella Asiatica, Niacinamide",None significant,0,5.0-6.0,Yes,No,Budget ($)
Cyclopentasiloxane,Texture Agent (Volatile Silicone),Moisturizer/Cream,Lightweight silicone providing silky glide,"Improves spreadability, silky finish","Nickel-sized amount, applied as final hydrating step",Both,Daily,N/A,Yes,Minimal restrictions,All skin types,"Dimethicone, Moisturizers",None significant,0,N/A,Yes,No,Mid-Range ($$)
Hemp Seed Oil,Facial Oil (Botanical),Face Mask,Balanced omega fatty-acid oil,"Balances oil while hydrating, calms skin","Apply for 10-15 minutes, 1-3x per week, then rinse or wipe off",Both,Daily,N/A,Yes,Minimal restrictions,"Oily, Combination, Sensitive","Niacinamide, Centella Asiatica",None significant,1,N/A,Yes,No,Budget ($)
Magnesium Ascorbyl Phosphate,Vitamin C Derivative,Facial Oil,Water-soluble stable Vitamin C form,"Brightening, antioxidant protection","2-3 drops, pressed on as the last step to seal in moisture",Both,Daily,5%,Yes,Generally gentle,"Sensitive, Dry","Niacinamide, Hyaluronic Acid",Strong acids,0,6.0-7.0,Yes,No,Premium ($$$)
Reishi Mushroom Extract,Antioxidant/Adaptogen (Mushroom),Toner/Essence,Polysaccharide-rich antioxidant and calming agent,"Soothes, hydrates, supports resilience","Pat into skin after cleansing, before serum",Both,Daily,N/A,Yes,Minimal restrictions,"Sensitive, Mature","Centella Asiatica, Niacinamide",None significant,0,5.0-6.0,Consult doctor,No,Budget ($)
Moringa Oil,Facial Oil (Botanical),Facial Oil,Antioxidant-rich oleic-acid oil,Deeply nourishes and softens mature skin,"2-3 drops, pressed on as the last step to seal in moisture",Night,1x daily at night,N/A,Yes,Minimal restrictions,"Dry, Mature","Squalane, Vitamin E",None significant,2,N/A,Yes,No,Premium ($$$)
Witch Hazel,Astringent/Toning Botanical,Moisturizer/Cream,"Mild astringent, tightens appearance of pores","Tones, reduces excess oil","Nickel-sized amount, applied as final hydrating step",Both,Daily,N/A,Yes,Alcohol-based versions can be drying,"Oily, Combination","Niacinamide, Green Tea Extract",Overuse with other drying actives,0,4.5-5.5,Yes,No,Premium ($$$)
Prickly Pear Seed Oil,Facial Oil (Botanical),Face Mask,Vitamin E and fatty-acid rich luxury oil,"Anti-aging, deeply nourishing","Apply for 10-15 minutes, 1-3x per week, then rinse or wipe off",Night,1x daily at night,N/A,Yes,Minimal restrictions,"Dry, Mature","Squalane, Vitamin E",None significant,1,N/A,Yes,No,Budget ($)
Lactobacillus/Rice Ferment Filtrate,Fermented/Probiotic Ingredient,Face Mask,Rice fermentation extract supporting microbiome balance,"Softens, brightens, supports barrier","Apply for 10-15 minutes, 1-3x per week, then rinse or wipe off",Both,Daily,N/A,Yes,Minimal restrictions,"All skin types, Dull skin","Postbiotics, Niacinamide",None significant,0,4.5-5.5,Yes,No,Budget ($)
Lactobacillus/Rice Ferment Filtrate,Fermented/Probiotic Ingredient,Serum,Rice fermentation extract supporting microbiome balance,"Softens, brightens, supports barrier","1-2 drops, pressed into skin before heavier products",Both,Daily,N/A,Yes,Minimal restrictions,"All skin types, Dull skin","Postbiotics, Niacinamide",None significant,0,4.5-5.5,Yes,No,Mid-Range ($$)
Mugwort Extract,Soothing Botanical (K-beauty),Toner/Essence,Anti-inflammatory botanical popular in Korean skincare,Calms redness and sensitivity,"Pat into skin after cleansing, before serum",Both,Daily,N/A,Yes,Minimal restrictions,"Sensitive, Rosacea-prone","Centella Asiatica, Panthenol",None significant,0,5.0-6.0,Consult doctor,No,Premium ($$$)
Volcanic Ash,Purifying Mineral,Cleanser,Mineral-rich absorbent for oil and impurities,"Deep cleans, minimizes pore appearance","Massage onto damp skin for 30-60 seconds, rinse",Night,1x daily at night,N/A,Yes,Can be drying with overuse,"Oily, Acne-prone","Charcoal, Kaolin Clay",Overuse with other drying actives,0,N/A,Yes,No,Budget ($)
Chemical Sunscreen Filters (Avobenzone),UV Filter,Cleanser,Absorbs and dissipates UV radiation as heat,Broad-spectrum sun protection,"Massage onto damp skin for 30-60 seconds, rinse",Morning,Daily,N/A,N/A (is the sunscreen),Reapply every 2 hours in sun exposure,"Normal, Oily, Combination",Antioxidants under sunscreen,None significant,1,N/A,Consult doctor,No,Premium ($$$)
Meadowfoam Seed Oil,Facial Oil (Botanical),Facial Oil,"Highly stable, non-greasy emollient oil","Locks in moisture, adds softness","2-3 drops, pressed on as the last step to seal in moisture",Both,Daily,N/A,Yes,Minimal restrictions,"All skin types, Dry","Squalane, Hyaluronic Acid",None significant,1,N/A,Yes,No,Budget ($)
Palmitoyl Tetrapeptide-7,Peptide (Anti-inflammatory Signaling),Moisturizer/Cream,Reduces inflammatory signaling linked to skin aging,Calms and firms aging skin,"Nickel-sized amount, applied as final hydrating step",Night,1x daily at night,N/A,Yes,Minimal restrictions,"Mature, Sensitive",Peptide complexes,Strong acids same time,0,5.0-7.0,Consult doctor,No,Budget ($)
N-Acetyl Glucosamine,Brightening Agent (Amino Sugar),Toner/Essence,Works synergistically with niacinamide to reduce pigment,"Evens tone, supports barrier hydration","Pat into skin after cleansing, before serum",Both,Daily,N/A,Yes,Minimal restrictions,"Hyperpigmentation-prone, All skin types",Niacinamide,None significant,0,5.0-6.5,Yes,No,Premium ($$$)
Comfrey Root Extract (Allantoin source),Soothing/Healing Botanical,Facial Oil,"Traditional wound-healing, soothing extract","Calms irritation, supports skin repair","2-3 drops, pressed on as the last step to seal in moisture",Both,Daily,N/A,Yes,Use standardized cosmetic-grade extract only,"Sensitive, Post-procedure","Allantoin, Panthenol",None significant,0,5.0-6.0,Consult doctor,Yes,Premium ($$$)
Fermented Rice Water Extract,Antioxidant/Brightening (Biotech),Face Mask,Fermentation-derived brightening and soothing,"Improves radiance, evens tone","Apply for 10-15 minutes, 1-3x per week, then rinse or wipe off",Both,Daily,N/A,Yes,Minimal restrictions,All skin types,"Niacinamide, Centella Asiatica",None significant,0,5.0-6.0,Yes,No,Budget ($)
Manjistha Extract,Brightening/Purifying Botanical (Ayurvedic),Serum,"Traditional blood-purifying, brightening extract","Evens tone, calms inflammatory skin concerns","1-2 drops, pressed into skin before heavier products",Both,Daily,N/A,Yes,Minimal restrictions,"Acne-prone, Hyperpigmentation-prone","Niacinamide, Licorice Extract",None significant,0,5.0-6.0,Consult doctor,No,Mid-Range ($$)
Palmitoyl Tetrapeptide-7,Peptide (Anti-inflammatory Signaling),Toner/Essence,Reduces inflammatory signaling linked to skin aging,Calms and firms aging skin,"Pat into skin after cleansing, before serum",Night,1x daily at night,N/A,Yes,Minimal restrictions,"Mature, Sensitive",Peptide complexes,Strong acids same time,0,5.0-7.0,Consult doctor,No,Premium ($$$)
Kalahari Melon (Watermelon Seed) Oil,Facial Oil (Botanical),Toner/Essence,Lightweight linoleic-acid rich oil,Hydrates oily/combination skin without clogging,"Pat into skin after cleansing, before serum",Both,Daily,N/A,Yes,Minimal restrictions,"Oily, Combination","Niacinamide, Squalane",None significant,1,N/A,Yes,No,Premium ($$$)
Cordyceps Extract,Adaptogen/Antioxidant (Mushroom),Face Mask,Adaptogenic extract supporting cellular vitality,Revitalizes dull or fatigued-looking skin,"Apply for 10-15 minutes, 1-3x per week, then rinse or wipe off",Both,Daily,N/A,Yes,Minimal restrictions,"Dull skin, Mature","Niacinamide, Vitamin C",None significant,0,5.0-6.0,Consult doctor,No,Mid-Range ($$)
Capryloyl Salicylic Acid,BHA (Lipophilic Derivative),Moisturizer/Cream,Modified salicylic acid with deeper pore penetration,"Refines pores, reduces breakouts","Nickel-sized amount, applied as final hydrating step",Night,1x daily at night,N/A,Yes,Avoid on dry/compromised skin,"Oily, Acne-prone","Niacinamide, Zinc PCA",Retinoids same time,1,3.5-4.5,Consult doctor,Yes,Premium ($$$)
Bisabolol,Soothing Agent (Chamomile-derived),Spot Treatment,"Anti-inflammatory, calming",Reduces redness and sensitivity,Dab a small amount directly onto targeted area,Both,Daily,N/A,Yes,Minimal restrictions,"Sensitive, All skin types","Centella Asiatica, Panthenol",None significant,0,N/A,Yes,No,Mid-Range ($$)
Black Cohosh Extract,Phytoestrogen Botanical,Toner/Essence,Traditional botanical supporting skin elasticity,Supports firmness in mature skin,"Pat into skin after cleansing, before serum",Both,Daily,N/A,Yes,Minimal restrictions,Mature,"Peptides, Niacinamide",None significant,0,5.0-6.0,Consult doctor,No,Mid-Range ($$)
"FGF (Fibroblast Growth Factor, Recombinant)",Regenerative/Biotech,Moisturizer/Cream,Recombinant protein supporting fibroblast collagen output,Supports firmness and skin density,"Nickel-sized amount, applied as final hydrating step",Night,1x daily at night,1%,Yes,"Emerging ingredient; consult dermatologist, limited long-term data","Mature, Normal","Peptides, Hyaluronic Acid",Strong acids same time,0,5.0-7.0,Consult doctor,Yes,Mid-Range ($$)
Kombucha Ferment Extract,Fermented/Probiotic Botanical,Spot Treatment,Fermentation-derived exfoliating and hydrating blend,"Softens texture, supports microbiome",Dab a small amount directly onto targeted area,Both,Daily,N/A,Yes,Minimal restrictions,"All skin types, Dull skin","Postbiotics, Niacinamide",None significant,0,4.5-5.5,Yes,No,Budget ($)
Polyhydroxy Acid (PHA),PHA,Cleanser,Gentle surface exfoliation with humectant effect,"Mild exfoliation for sensitive skin, hydration","Massage onto damp skin for 30-60 seconds, rinse",Both,"Daily, well tolerated",4%,Yes,Minimal restrictions; still patch test,"Sensitive, Rosacea-prone, Dry","Hyaluronic Acid, Ceramides",Strong actives layered heavily,1,3.5-4.5,Consult doctor,No,Premium ($$$)
Hydroxypinacolone Retinoate (HPR),Retinoid (Retinoic Acid Ester),Toner/Essence,Binds retinoid receptors directly without conversion/irritation lag,Anti-aging with less irritation than retinol,"Pat into skin after cleansing, before serum",Night,1x daily at night,N/A,Yes,Avoid in pregnancy,"Normal, Sensitive, Mature","Niacinamide, Peptides",Strong AHA/BHA same session,1,5.5-6.5,No,No,Premium ($$$)
Cupuacu Butter,Emollient (Butter),Cleanser,High water-absorption Amazonian butter,Deeply hydrates without greasy feel,"Massage onto damp skin for 30-60 seconds, rinse",Both,Daily,N/A,Yes,Minimal restrictions,"Dry, Normal","Shea Butter, Squalane",None significant,2,N/A,Yes,No,Premium ($$$)
Postbiotics,Microbiome Support/Biotech,Face Mask,Byproducts of beneficial bacteria supporting skin flora,"Strengthens barrier, calms sensitivity","Apply for 10-15 minutes, 1-3x per week, then rinse or wipe off",Both,Daily,N/A,Yes,Emerging ingredient; generally well tolerated,"Sensitive, All skin types","Ceramides, Panthenol",None significant,0,5.0-6.5,Yes,No,Mid-Range ($$)
Seaweed/Algae Extract,Hydrating/Mineral-rich Botanical,Toner/Essence,Mineral-rich humectant and antioxidant,"Hydrates, remineralizes, softens","Pat into skin after cleansing, before serum",Both,Daily,N/A,Yes,Minimal restrictions,"Dry, Normal, Dull skin","Hyaluronic Acid, Niacinamide",None significant,0,5.0-6.5,Yes,No,Budget ($)
Sea Kelp Bioferment,Humectant/Antioxidant (Marine Fermented),Cleanser,"Fermented marine extract, hydrating and mineral-rich","Hydrates, firms, protects","Massage onto damp skin for 30-60 seconds, rinse",Both,Daily,N/A,Yes,Minimal restrictions,"All skin types, Dry","Hyaluronic Acid, Niacinamide",None significant,0,5.0-6.5,Yes,No,Premium ($$$)
Moringa Oil,Facial Oil (Botanical),Serum,Antioxidant-rich oleic-acid oil,Deeply nourishes and softens mature skin,"1-2 drops, pressed into skin before heavier products",Night,1x daily at night,N/A,Yes,Minimal restrictions,"Dry, Mature","Squalane, Vitamin E",None significant,2,N/A,Yes,No,Budget ($)
Green Tea Extract (EGCG),Antioxidant (Plant-derived),Moisturizer/Cream,"Polyphenol antioxidant, anti-inflammatory","Calms redness, protects against UV-induced damage","Nickel-sized amount, applied as final hydrating step",Both,Daily,N/A,Yes,Minimal restrictions,"Sensitive, Oily, All skin types","Niacinamide, Centella Asiatica",None significant,0,5.0-6.0,Yes,No,Mid-Range ($$)
Mexoryl SX,"UV Filter (Chemical, UVA)",Face Mask,Highly photostable UVA filter,"Strong UVA protection, reduces photoaging","Apply for 10-15 minutes, 1-3x per week, then rinse or wipe off",Morning,Daily,N/A,N/A (is the sunscreen),Reapply every 2 hours in sun exposure,All skin types,Antioxidants under sunscreen,None significant,1,N/A,Yes,No,Budget ($)
Baobab Oil,Facial Oil (Botanical),Facial Oil,Vitamin-rich emollient oil,Deeply nourishes dry or mature skin,"2-3 drops, pressed on as the last step to seal in moisture",Night,1x daily at night,N/A,Yes,Minimal restrictions,"Dry, Mature","Squalane, Ceramides",None significant,2,N/A,Yes,No,Mid-Range ($$)
Bentonite Clay,Purifying/Oil Control,Toner/Essence,"Strong absorbent clay, draws out impurities","Deep pore cleansing, oil control","Pat into skin after cleansing, before serum",Night,1x daily at night,N/A,Yes,Can be drying; limit frequency for dry skin,"Oily, Acne-prone","Charcoal, Salicylic Acid",Overuse with other drying actives,0,N/A,Yes,No,Mid-Range ($$)
Cranberry Seed Oil,Facial Oil (Botanical),Spot Treatment,Balanced omega-3/6 fatty acid oil,"Nourishes without heaviness, antioxidant-rich",Dab a small amount directly onto targeted area,Both,Daily,N/A,Yes,Minimal restrictions,"Normal, Combination, Dry","Squalane, Vitamin E",None significant,1,N/A,Yes,No,Mid-Range ($$)
Calendula Extract,Soothing/Healing Botanical,Facial Oil,"Anti-inflammatory, wound-healing properties","Soothes irritation, supports healing","2-3 drops, pressed on as the last step to seal in moisture",Both,Daily,N/A,Yes,Ragweed-allergy sufferers should patch test,"Sensitive, Dry, Post-procedure","Panthenol, Centella Asiatica",None significant,0,5.0-6.5,Yes,Yes,Premium ($$$)
Marula Oil,Facial Oil (Botanical),Serum,Antioxidant-rich lightweight oil,Hydrates and softens without greasiness,"1-2 drops, pressed into skin before heavier products",Both,Daily,N/A,Yes,Minimal restrictions,"Dry, Normal, Combination","Squalane, Hyaluronic Acid",None significant,1,N/A,Yes,No,Budget ($)
Sea Kelp Bioferment,Humectant/Antioxidant (Marine Fermented),Facial Oil,"Fermented marine extract, hydrating and mineral-rich","Hydrates, firms, protects","2-3 drops, pressed on as the last step to seal in moisture",Both,Daily,N/A,Yes,Minimal restrictions,"All skin types, Dry","Hyaluronic Acid, Niacinamide",None significant,0,5.0-6.5,Yes,No,Budget ($)
Passionfruit Seed Oil,Facial Oil (Botanical),Cleanser,Linoleic-acid rich lightweight oil,"Softens without heaviness, supports barrier","Massage onto damp skin for 30-60 seconds, rinse",Both,Daily,N/A,Yes,Minimal restrictions,"Normal, Combination, Dry","Squalane, Niacinamide",None significant,1,N/A,Yes,No,Budget ($)
Ginseng Extract,Antioxidant/Anti-aging Botanical,Serum,"Adaptogenic antioxidant, boosts circulation","Brightens, firms, supports radiance","1-2 drops, pressed into skin before heavier products",Both,Daily,N/A,Yes,Minimal restrictions,"Mature, Normal, Dull skin","Niacinamide, Peptides",None significant,0,5.0-6.5,Consult doctor,No,Premium ($$$)
PDRN (Polydeoxyribonucleotide),Regenerative/Biotech (Salmon DNA-derived),Cleanser,Stimulates tissue repair and regeneration,"Improves elasticity, supports healing","Massage onto damp skin for 30-60 seconds, rinse",Night,1x daily at night,N/A,Yes,"Emerging ingredient; patch test, consult doctor if allergic to fish","Mature, Normal, Post-procedure","Peptides, Hyaluronic Acid",Strong acids same time,0,5.0-7.0,Consult doctor,Yes,Mid-Range ($$)
Vitamin E (Tocopherol),Antioxidant,Cleanser,"Lipid-soluble antioxidant, moisturizing","Protects from oxidative stress, softens skin","Massage onto damp skin for 30-60 seconds, rinse",Both,Daily,10%,Yes,Comedogenic in high concentration for acne-prone skin,"Dry, Normal, Mature","Vitamin C, Ferulic Acid",None significant,2,N/A,Yes,No,Premium ($$$)
Tremella Mushroom Extract,Humectant (Mushroom),Serum,"Polysaccharide humectant, rivals hyaluronic acid","Deeply hydrates, plumps fine lines","1-2 drops, pressed into skin before heavier products",Both,Daily,N/A,Yes,Minimal restrictions,"Dry, All skin types","Hyaluronic Acid, Ceramides",None significant,0,5.0-6.5,Yes,No,Mid-Range ($$)
Ferulic Acid,Antioxidant Booster,Cleanser,Stabilizes and boosts Vitamin C/E efficacy,"Enhanced antioxidant protection, anti-aging","Massage onto damp skin for 30-60 seconds, rinse",Morning,Daily,1%,Yes,Rarely irritating alone,All skin types,"Vitamin C, Vitamin E",None significant,0,3.0-4.0,Yes,No,Budget ($)
Baobab Oil,Facial Oil (Botanical),Cleanser,Vitamin-rich emollient oil,Deeply nourishes dry or mature skin,"Massage onto damp skin for 30-60 seconds, rinse",Night,1x daily at night,N/A,Yes,Minimal restrictions,"Dry, Mature","Squalane, Ceramides",None significant,2,N/A,Yes,No,Premium ($$$)
Hemp Seed Oil,Facial Oil (Botanical),Cleanser,Balanced omega fatty-acid oil,"Balances oil while hydrating, calms skin","Massage onto damp skin for 30-60 seconds, rinse",Both,Daily,N/A,Yes,Minimal restrictions,"Oily, Combination, Sensitive","Niacinamide, Centella Asiatica",None significant,1,N/A,Yes,No,Premium ($$$)
Mandelic Acid,AHA (Alpha Hydroxy Acid),Toner/Essence,"Large molecule, slow gentle exfoliation","Good for sensitive/acne-prone skin, evens tone","Pat into skin after cleansing, before serum",Night,2-3x per week,10%,Yes,Avoid on open acne lesions,"Sensitive, Acne-prone","Niacinamide, Azelaic Acid","Strong retinoids, other acids",1,3.5-4.5,Consult doctor,Yes,Budget ($)
Licorice Root Extract,Brightening/Soothing,Moisturizer/Cream,"Tyrosinase inhibitor, anti-inflammatory","Brightens dark spots, calms redness","Nickel-sized amount, applied as final hydrating step",Both,Daily,N/A,Yes,Minimal restrictions,"All skin types, Hyperpigmentation-prone","Niacinamide, Vitamin C",None significant,0,5.0-6.0,Yes,No,Budget ($)
Fuller's Earth (Multani Mitti),Purifying Mineral Clay,Spot Treatment,Traditional absorbent mineral clay,"Deep cleanses, controls oil, brightens",Dab a small amount directly onto targeted area,Night,1x daily at night,N/A,Yes,Can be drying for dry skin,"Oily, Combination","Turmeric Extract, Rose Water",Overuse with other drying actives,0,N/A,Yes,No,Premium ($$$)
Retin-A (Tretinoin),Retinoid (Prescription),Facial Oil,Gold-standard retinoic acid for cell turnover,"Treats acne, wrinkles, hyperpigmentation","2-3 drops, pressed on as the last step to seal in moisture",Night,"2-3x per week, building up to nightly (as directed by doctor)",0.05%,Yes,Avoid in pregnancy; avoid with exfoliating acids and benzoyl peroxide same time,"Normal, Oily, Mature","Moisturizers, Ceramides","AHA/BHA, Vitamin C, Benzoyl Peroxide",1,4.0-6.0,No,Yes,Premium ($$$)
Apple Stem Cell Extract (PhytoCellTec Malus),Regenerative Botanical/Biotech,Cleanser,Plant stem cell culture extract for longevity support,Supports skin's own renewal processes,"Massage onto damp skin for 30-60 seconds, rinse",Both,Daily,N/A,Yes,Emerging ingredient; limited long-term human data,"Mature, Normal","Peptides, Hyaluronic Acid",None significant,0,5.0-6.5,Consult doctor,No,Mid-Range ($$)
Sage Extract,Astringent/Antioxidant Botanical,Face Mask,Mild astringent with antioxidant properties,"Balances oil, soothes minor irritation","Apply for 10-15 minutes, 1-3x per week, then rinse or wipe off",Both,Daily,N/A,Yes,Patch test for essential-oil sensitivity,"Oily, Combination","Witch Hazel, Green Tea Extract",None significant,0,5.0-6.0,Consult doctor,Yes,Budget ($)
Neem Extract,Antibacterial/Purifying Botanical (Ayurvedic),Spot Treatment,Traditional antibacterial and anti-inflammatory extract,"Treats acne, purifies skin",Dab a small amount directly onto targeted area,Night,1x daily at night,N/A,Yes,Strong scent; patch test recommended,"Oily, Acne-prone","Niacinamide, Tea Tree Oil",None significant,1,5.0-6.0,Consult doctor,Yes,Budget ($)
Houttuynia Cordata Extract (Heartleaf),Soothing/Antibacterial Botanical (K-beauty),Facial Oil,Calming antibacterial extract for reactive skin,Soothes acne-prone and irritated skin,"2-3 drops, pressed on as the last step to seal in moisture",Both,Daily,N/A,Yes,Minimal restrictions,"Acne-prone, Sensitive","Centella Asiatica, Niacinamide",None significant,0,5.0-6.0,Consult doctor,No,Premium ($$$)
Calendula Extract,Soothing/Healing Botanical,Face Mask,"Anti-inflammatory, wound-healing properties","Soothes irritation, supports healing","Apply for 10-15 minutes, 1-3x per week, then rinse or wipe off",Both,Daily,N/A,Yes,Ragweed-allergy sufferers should patch test,"Sensitive, Dry, Post-procedure","Panthenol, Centella Asiatica",None significant,0,5.0-6.5,Yes,Yes,Mid-Range ($$)
Retinyl Palmitate,Retinoid (Mild Ester),Moisturizer/Cream,"Gentlest retinoid ester, slow conversion to retinoic acid",Mild anti-aging for retinoid-sensitive beginners,"Nickel-sized amount, applied as final hydrating step",Night,1x daily at night,N/A,Yes,Avoid in pregnancy per general retinoid caution,"Sensitive, Beginner retinoid users","Niacinamide, Ceramides",AHA/BHA at same time,1,5.5-6.5,No,No,Premium ($$$)
Iron Oxides,UV Filter Booster/Tint (Mineral),Moisturizer/Cream,"Blocks visible light, adds cosmetic tint",Protects against visible-light-induced pigmentation,"Nickel-sized amount, applied as final hydrating step",Morning,Daily,N/A,N/A (is the sunscreen),Reapply every 2 hours in sun exposure,"Hyperpigmentation-prone, Melasma-prone","Zinc Oxide, Titanium Dioxide",None significant,0,N/A,Yes,No,Premium ($$$)
Buriti Oil,Facial Oil (Botanical),Facial Oil,Beta-carotene rich Amazonian oil,"Nourishes, adds glow, mild antioxidant protection","2-3 drops, pressed on as the last step to seal in moisture",Night,1x daily at night,N/A,Yes,Can have orange tint; patch test,"Dry, Dull skin","Squalane, Vitamin E",None significant,2,N/A,Consult doctor,Yes,Budget ($)
Cordyceps Extract,Adaptogen/Antioxidant (Mushroom),Moisturizer/Cream,Adaptogenic extract supporting cellular vitality,Revitalizes dull or fatigued-looking skin,"Nickel-sized amount, applied as final hydrating step",Both,Daily,N/A,Yes,Minimal restrictions,"Dull skin, Mature","Niacinamide, Vitamin C",None significant,0,5.0-6.0,Consult doctor,No,Budget ($)
Rosemary Leaf Extract,Antioxidant Botanical,Serum,Antioxidant with mild antimicrobial properties,"Protects skin, supports clarity","1-2 drops, pressed into skin before heavier products",Both,Daily,N/A,Yes,Essential-oil sensitivity possible; patch test,"Oily, Combination, Normal","Green Tea Extract, Niacinamide",None significant,0,5.0-6.0,Consult doctor,Yes,Mid-Range ($$)
Marine Elastin,Firming Ingredient (Marine-derived),Moisturizer/Cream,"Supports the look of skin elasticity, marine-sourced",Improves appearance of firmness and bounce,"Nickel-sized amount, applied as final hydrating step",Both,Daily,N/A,Yes,Patch test for fish-derived allergy,"Mature, Normal","Marine Collagen, Peptides",None significant,0,5.0-7.0,Consult doctor,Yes,Mid-Range ($$)
Chaga Mushroom Extract,Antioxidant (Mushroom),Moisturizer/Cream,Potent antioxidant with melanin-modulating properties,"Brightens, protects against oxidative stress","Nickel-sized amount, applied as final hydrating step",Both,Daily,N/A,Yes,Minimal restrictions,"Dull skin, Mature","Vitamin C, Niacinamide",None significant,0,5.0-6.0,Consult doctor,No,Mid-Range ($$)
Pentapeptide-18,Peptide (Elastin-supporting),Spot Treatment,Supports elastin production for firmness,Improves firmness and bounce,Dab a small amount directly onto targeted area,Night,1x daily at night,N/A,Yes,Minimal restrictions,Mature,"Hyaluronic Acid, Acetyl Hexapeptide-8",None significant,0,5.0-7.0,Consult doctor,No,Mid-Range ($$)
Matrixyl 3000,Peptide Complex,Cleanser,Combination peptide blend targeting collagen/elastin,"Comprehensive anti-aging, firms and smooths","Massage onto damp skin for 30-60 seconds, rinse",Night,1x daily at night,N/A,Yes,Minimal restrictions,"Mature, Normal","Hyaluronic Acid, Niacinamide",Strong acids same time,0,5.0-7.0,Consult doctor,No,Mid-Range ($$)
Plant Squalene,Emollient (Precursor to Squalane),Cleanser,"Unstabilized precursor oil, rich emollient",Softens and nourishes skin,"Massage onto damp skin for 30-60 seconds, rinse",Night,1x daily at night,N/A,Yes,Oxidizes faster than squalane; store properly,"Dry, Normal","Squalane, Vitamin E",None significant,2,N/A,Yes,No,Mid-Range ($$)
Yarrow Extract,Soothing/Astringent Botanical,Facial Oil,"Anti-inflammatory extract, mild pore-tightening effect","Calms redness, balances oily skin","2-3 drops, pressed on as the last step to seal in moisture",Both,Daily,N/A,Yes,Fragrance-family sensitivity possible; patch test,"Sensitive, Oily, Rosacea-prone","Chamomile, Witch Hazel",None significant,0,5.0-6.0,Consult doctor,Yes,Premium ($$$)
Spirulina Extract,Marine Antioxidant/Detox Botanical,Serum,Nutrient-dense algae antioxidant,"Detoxifies, brightens, nourishes","1-2 drops, pressed into skin before heavier products",Both,Daily,N/A,Yes,Minimal restrictions,"All skin types, Dull skin","Niacinamide, Vitamin C",None significant,0,5.0-6.5,Yes,No,Mid-Range ($$)
Ceramide AP,Barrier Lipid (Specific Ceramide),Face Mask,Key ceramide subtype for barrier structure,"Restores barrier, reduces sensitivity","Apply for 10-15 minutes, 1-3x per week, then rinse or wipe off",Both,Daily,N/A,Yes,Minimal restrictions,"Dry, Sensitive, Mature","Ceramide NP, Cholesterol",None significant,1,N/A,Yes,No,Premium ($$$)
Kojic Acid,Brightening Agent,Facial Oil,Tyrosinase inhibitor from fungi,Lightens dark spots and sun damage,"2-3 drops, pressed on as the last step to seal in moisture",Night,1x daily at night,5%,Yes,Can be sensitizing at high concentration,Hyperpigmentation-prone,"Niacinamide, Licorice Extract",Strong acids/retinoids together,0,4.0-5.0,Consult doctor,Yes,Mid-Range ($$)
Ectoin + Trehalose Complex,Barrier/Stress Protection Blend,Face Mask,Combined extremolyte blend for cellular protection,Protects against pollution and dehydration stress,"Apply for 10-15 minutes, 1-3x per week, then rinse or wipe off",Both,Daily,N/A,Yes,Minimal restrictions,"Sensitive, All skin types","Ceramides, Hyaluronic Acid",None significant,0,5.0-7.0,Yes,No,Mid-Range ($$)
Black Tea Ferment,Fermented Antioxidant,Toner/Essence,Fermentation-enhanced antioxidant complex,Calms and protects against environmental stress,"Pat into skin after cleansing, before serum",Both,Daily,N/A,Yes,Minimal restrictions,All skin types,"Green Tea Extract, Niacinamide",None significant,0,5.0-6.5,Yes,No,Budget ($)
4-Butylresorcinol,Brightening Agent (Tyrosinase Inhibitor),Toner/Essence,"Potent, fast-acting tyrosinase inhibitor",Fades dark spots and evens tone quickly,"Pat into skin after cleansing, before serum",Both,Daily,N/A,Yes,Generally well tolerated,Hyperpigmentation-prone,"Niacinamide, Vitamin C",None significant,0,5.0-6.5,Consult doctor,No,Premium ($$$)
Prickly Pear Seed Oil,Facial Oil (Botanical),Serum,Vitamin E and fatty-acid rich luxury oil,"Anti-aging, deeply nourishing","1-2 drops, pressed into skin before heavier products",Night,1x daily at night,N/A,Yes,Minimal restrictions,"Dry, Mature","Squalane, Vitamin E",None significant,1,N/A,Yes,No,Premium ($$$)
Hydroxypinacolone Retinoate (HPR),Retinoid (Retinoic Acid Ester),Facial Oil,Binds retinoid receptors directly without conversion/irritation lag,Anti-aging with less irritation than retinol,"2-3 drops, pressed on as the last step to seal in moisture",Night,1x daily at night,N/A,Yes,Avoid in pregnancy,"Normal, Sensitive, Mature","Niacinamide, Peptides",Strong AHA/BHA same session,1,5.5-6.5,No,No,Premium ($$$)
Jojoba Esters (Jojoba Beads),Physical Exfoliant (Biodegradable),Toner/Essence,"Round, gentle biodegradable exfoliating beads",Buffs away dead skin without micro-tears,"Pat into skin after cleansing, before serum",Night,1x daily at night,N/A,Yes,Minimal restrictions,"All skin types, Sensitive","Niacinamide, Squalane",None significant,1,N/A,Yes,No,Mid-Range ($$)
Copper Peptides,Peptide,Serum,Supports wound healing and collagen remodeling,"Firms, repairs, improves elasticity","1-2 drops, pressed into skin before heavier products",Night,1x daily at night,10%,Yes,Avoid mixing with Vitamin C directly (can oxidize copper),"Mature, Normal","Hyaluronic Acid, Ceramides",Vitamin C at same time,0,5.0-7.0,Consult doctor,No,Mid-Range ($$)
Undecylenoyl Phenylalanine,Brightening Agent (Amino Acid Derivative),Moisturizer/Cream,Inhibits melanin synthesis via tyrosinase pathway,"Evens tone, targets stubborn dark spots","Nickel-sized amount, applied as final hydrating step",Both,Daily,N/A,Yes,Minimal restrictions,Hyperpigmentation-prone,"Niacinamide, Alpha Arbutin",None significant,0,5.0-6.5,Consult doctor,No,Budget ($)
Macadamia Nut Oil,Facial Oil (Botanical),Facial Oil,"Palmitoleic-acid rich, mimics skin's natural sebum",Deeply nourishes mature or dry skin,"2-3 drops, pressed on as the last step to seal in moisture",Night,1x daily at night,N/A,Yes,Tree-nut allergy caution,"Dry, Mature","Squalane, Vitamin E",None significant,2,N/A,Consult doctor,Yes,Mid-Range ($$)
Sulfur,Acne Treatment,Facial Oil,"Antimicrobial, keratolytic","Dries out blemishes, reduces oil","2-3 drops, pressed on as the last step to seal in moisture",Night,1x daily at night,N/A,Yes,Strong smell; can be drying,"Oily, Acne-prone",Niacinamide,Strong acids/retinoids together,0,4.0-6.0,Consult doctor,Yes,Premium ($$$)
Tremella Mushroom Extract,Humectant (Mushroom),Facial Oil,"Polysaccharide humectant, rivals hyaluronic acid","Deeply hydrates, plumps fine lines","2-3 drops, pressed on as the last step to seal in moisture",Both,Daily,N/A,Yes,Minimal restrictions,"Dry, All skin types","Hyaluronic Acid, Ceramides",None significant,0,5.0-6.5,Yes,No,Budget ($)
Niacinamide + Zinc Complex,Oil Control/Barrier Blend,Serum,Combined sebum regulation and barrier support,"Reduces shine, minimizes breakouts","1-2 drops, pressed into skin before heavier products",Both,Daily,N/A,Yes,Minimal restrictions,"Oily, Acne-prone, Combination",Hyaluronic Acid,High-dose Vitamin C,0,5.0-7.0,Yes,No,Premium ($$$)
Raspberry Seed Oil,Facial Oil (Botanical),Spot Treatment,Vitamin E and fatty-acid rich protective oil,Nourishes and protects skin barrier,Dab a small amount directly onto targeted area,Night,1x daily at night,N/A,Yes,Minimal restrictions,"Dry, Normal","Squalane, Vitamin E",None significant,1,N/A,Yes,No,Premium ($$$)
Cucumber Extract,Hydrating/Soothing Botanical,Serum,"Cooling, mildly astringent, hydrating","Refreshes, reduces puffiness","1-2 drops, pressed into skin before heavier products",Morning,Daily,N/A,Yes,Minimal restrictions,"All skin types, Sensitive","Aloe Vera, Hyaluronic Acid",None significant,0,5.0-6.0,Yes,No,Budget ($)
Sweet Almond Oil,Facial Oil (Botanical),Serum,Classic emollient oil rich in fatty acids,Softens and soothes dry or sensitive skin,"1-2 drops, pressed into skin before heavier products",Both,Daily,N/A,Yes,Nut allergy caution,"Dry, Sensitive, Normal","Squalane, Vitamin E",None significant,2,N/A,Consult doctor,Yes,Budget ($)
Ascorbyl Palmitate,Vitamin C Derivative (Fat-soluble),Face Mask,"Fat-soluble, stable Vitamin C ester",Gentle brightening and antioxidant protection,"Apply for 10-15 minutes, 1-3x per week, then rinse or wipe off",Both,Daily,N/A,Yes,Minimal restrictions,"Dry, Normal","Vitamin E, Ferulic Acid",Strong acids same time,2,5.5-7.0,Yes,No,Mid-Range ($$)
Hypochlorous Acid,Antimicrobial/Soothing,Toner/Essence,Mimics the body's natural immune response molecule,"Calms inflammation, reduces bacteria","Pat into skin after cleansing, before serum",Both,Daily,N/A,Yes,Very gentle; minimal restrictions,"Acne-prone, Sensitive, Post-procedure","Centella Asiatica, Niacinamide",None significant,0,4.0-6.0,Yes,No,Budget ($)
PDRN (Polydeoxyribonucleotide),Regenerative/Biotech (Salmon DNA-derived),Facial Oil,Stimulates tissue repair and regeneration,"Improves elasticity, supports healing","2-3 drops, pressed on as the last step to seal in moisture",Night,1x daily at night,N/A,Yes,"Emerging ingredient; patch test, consult doctor if allergic to fish","Mature, Normal, Post-procedure","Peptides, Hyaluronic Acid",Strong acids same time,0,5.0-7.0,Consult doctor,Yes,Budget ($)
Urea,Barrier/Keratolytic Humectant,Face Mask,Hydrates and gently breaks down excess keratin,"Softens rough, dry, or thickened skin","Apply for 10-15 minutes, 1-3x per week, then rinse or wipe off",Both,Daily,N/A,Yes,Can sting on broken skin at high concentration,"Dry, Very Dry, Keratosis Pilaris-prone","Ceramides, Glycerin",None significant,0,4.0-6.0,Yes,No,Budget ($)
Cysteamine HCl,Brightening Agent (Antioxidant-derived),Serum,Potent melanin-synthesis inhibitor,Treats stubborn melasma and dark spots,"1-2 drops, pressed into skin before heavier products",Night,1x daily at night,N/A,Yes,Distinct odor; avoid mixing with other actives same session,"Hyperpigmentation-prone, Melasma-prone",Niacinamide (alternate use),"Vitamin C, retinoids same session",0,4.0-5.5,Consult doctor,Yes,Budget ($)
Cocamidopropyl Betaine,Mild Cleansing Surfactant,Facial Oil,Coconut-derived foam-boosting gentle surfactant,"Cleanses with light foam, gentle on skin","2-3 drops, pressed on as the last step to seal in moisture",Both,Daily,N/A,Yes,Rare contact-allergy reports; patch test if sensitive,"All skin types, Sensitive","Decyl Glucoside, Glycerin",None significant,0,5.0-6.5,Yes,Yes,Premium ($$$)
Chia Seed Oil,Facial Oil (Botanical),Face Mask,Omega-3/6 balanced antioxidant oil,Nourishes and calms sensitive skin,"Apply for 10-15 minutes, 1-3x per week, then rinse or wipe off",Both,Daily,N/A,Yes,Minimal restrictions,"Sensitive, Dry, Normal","Squalane, Centella Asiatica",None significant,1,N/A,Yes,No,Mid-Range ($$)
Apricot Kernel Oil,Facial Oil (Botanical),Moisturizer/Cream,"Lightweight, vitamin-rich emollient oil",Softens and conditions sensitive skin,"Nickel-sized amount, applied as final hydrating step",Both,Daily,N/A,Yes,Minimal restrictions,"Sensitive, Dry, Normal","Squalane, Chamomile",None significant,2,N/A,Yes,No,Budget ($)
Sodium Lactate,Humectant (NMF Component),Facial Oil,Component of skin's natural moisturizing factor,Hydrates and supports moisture retention,"2-3 drops, pressed on as the last step to seal in moisture",Both,Daily,N/A,Yes,Minimal restrictions,"All skin types, Dry","Hyaluronic Acid, Glycerin",None significant,0,N/A,Yes,No,Budget ($)
Amla (Indian Gooseberry) Extract,Antioxidant Botanical (Ayurvedic),Facial Oil,Vitamin C rich traditional antioxidant,"Brightens, supports collagen, protects","2-3 drops, pressed on as the last step to seal in moisture",Both,Daily,N/A,Yes,Minimal restrictions,"All skin types, Dull skin","Vitamin C, Niacinamide",None significant,0,4.5-6.0,Yes,No,Mid-Range ($$)
Red Clover Extract,Phytoestrogen Botanical,Cleanser,Plant-derived isoflavone extract supporting elasticity,Supports firmness in mature skin,"Massage onto damp skin for 30-60 seconds, rinse",Both,Daily,N/A,Yes,Minimal restrictions,"Mature, Normal","Peptides, Niacinamide",None significant,0,5.0-6.0,Consult doctor,No,Premium ($$$)
Tamanu Oil,Facial Oil (Botanical),Moisturizer/Cream,Healing oil traditionally used for scars/blemishes,Supports healing of scars and blemishes,"Nickel-sized amount, applied as final hydrating step",Night,1x daily at night,N/A,Yes,Distinct smell; patch test recommended,"Acne-prone, Scar-prone","Niacinamide, Centella Asiatica",None significant,2,N/A,Consult doctor,Yes,Mid-Range ($$)
Iron Oxides,UV Filter Booster/Tint (Mineral),Face Mask,"Blocks visible light, adds cosmetic tint",Protects against visible-light-induced pigmentation,"Apply for 10-15 minutes, 1-3x per week, then rinse or wipe off",Morning,Daily,N/A,N/A (is the sunscreen),Reapply every 2 hours in sun exposure,"Hyperpigmentation-prone, Melasma-prone","Zinc Oxide, Titanium Dioxide",None significant,0,N/A,Yes,No,Budget ($)
Blue Tansy Extract,Soothing Botanical (Azulene),Cleanser,"Anti-inflammatory, calming blue pigment oil",Calms redness and irritation,"Massage onto damp skin for 30-60 seconds, rinse",Night,1x daily at night,N/A,Yes,Patch test; potent essential oil derivative,"Sensitive, Rosacea-prone","Centella Asiatica, Chamomile",None significant,1,N/A,Consult doctor,Yes,Premium ($$$)
Volcanic Ash,Purifying Mineral,Spot Treatment,Mineral-rich absorbent for oil and impurities,"Deep cleans, minimizes pore appearance",Dab a small amount directly onto targeted area,Night,1x daily at night,N/A,Yes,Can be drying with overuse,"Oily, Acne-prone","Charcoal, Kaolin Clay",Overuse with other drying actives,0,N/A,Yes,No,Premium ($$$)
Buriti Oil,Facial Oil (Botanical),Spot Treatment,Beta-carotene rich Amazonian oil,"Nourishes, adds glow, mild antioxidant protection",Dab a small amount directly onto targeted area,Night,1x daily at night,N/A,Yes,Can have orange tint; patch test,"Dry, Dull skin","Squalane, Vitamin E",None significant,2,N/A,Consult doctor,Yes,Premium ($$$)
Bamboo Sap Extract,Hydrating/Soothing Botanical (K-beauty),Toner/Essence,Mineral-rich hydrating and soothing sap,"Refreshes, hydrates, calms","Pat into skin after cleansing, before serum",Both,Daily,N/A,Yes,Minimal restrictions,"All skin types, Sensitive","Aloe Vera, Hyaluronic Acid",None significant,0,5.0-6.0,Yes,No,Premium ($$$)
Black Cumin Seed Oil,Facial Oil (Botanical),Facial Oil,Thymoquinone-rich anti-inflammatory oil,Calms breakouts and inflammation,"2-3 drops, pressed on as the last step to seal in moisture",Night,1x daily at night,N/A,Yes,Patch test for sensitivity,"Acne-prone, Sensitive","Niacinamide, Centella Asiatica",None significant,2,N/A,Consult doctor,Yes,Premium ($$$)
Tartaric Acid,AHA (Alpha Hydroxy Acid),Moisturizer/Cream,Grape-derived exfoliant and antioxidant,Brightens and refines texture,"Nickel-sized amount, applied as final hydrating step",Night,2-3x per week,5%,Yes,Avoid on broken/sunburned skin,"Normal, Combination","Vitamin C, Niacinamide","Retinoids, other acids together",1,3.0-4.0,Consult doctor,Yes,Premium ($$$)
Mulberry Extract,Brightening Botanical,Facial Oil,Natural tyrosinase-inhibiting brightener,"Evens tone, reduces dark spots","2-3 drops, pressed on as the last step to seal in moisture",Both,Daily,N/A,Yes,Minimal restrictions,Hyperpigmentation-prone,"Niacinamide, Licorice Extract",None significant,0,5.0-6.0,Yes,No,Mid-Range ($$)
Sea Buckthorn Oil,Facial Oil (Botanical),Toner/Essence,Rich in omega fatty acids and carotenoids,"Nourishes, supports barrier, mild brightening","Pat into skin after cleansing, before serum",Night,1x daily at night,N/A,Yes,Can stain fabrics; patch test for sensitivity,"Dry, Mature, Normal","Squalane, Ceramides",None significant,2,N/A,Yes,Yes,Mid-Range ($$)
Tea Tree Oil,Acne Treatment (Botanical),Serum,Natural antimicrobial,"Spot treats blemishes, reduces bacteria","1-2 drops, pressed into skin before heavier products",Night,1x daily at night,N/A,Yes,Dilute before use; can irritate undiluted,"Oily, Acne-prone","Niacinamide, Zinc PCA",Strong acids same time,2,N/A,Consult doctor,Yes,Budget ($)
Plant Stem Cell Extract,Regenerative Botanical/Biotech,Cleanser,Plant-derived extract marketed for antioxidant/renewal support,Supports skin resilience and radiance,"Massage onto damp skin for 30-60 seconds, rinse",Both,Daily,N/A,Yes,Emerging ingredient; evidence mostly antioxidant-based,"Mature, Normal","Peptides, Vitamin C",None significant,0,5.0-6.5,Consult doctor,No,Premium ($$$)
Coconut Water Extract,Hydrating Botanical,Cleanser,Electrolyte-rich lightweight hydrator,Refreshes and lightly hydrates,"Massage onto damp skin for 30-60 seconds, rinse",Both,Daily,N/A,Yes,Minimal restrictions,"All skin types, Dry","Hyaluronic Acid, Glycerin",None significant,0,5.0-6.0,Yes,No,Premium ($$$)
Seaweed/Algae Extract,Hydrating/Mineral-rich Botanical,Serum,Mineral-rich humectant and antioxidant,"Hydrates, remineralizes, softens","1-2 drops, pressed into skin before heavier products",Both,Daily,N/A,Yes,Minimal restrictions,"Dry, Normal, Dull skin","Hyaluronic Acid, Niacinamide",None significant,0,5.0-6.5,Yes,No,Premium ($$$)
Alpha Lipoic Acid,Antioxidant,Toner/Essence,Both water and fat-soluble antioxidant,"Reduces fine lines, brightens skin","Pat into skin after cleansing, before serum",Night,1x daily at night,5%,Yes,Can cause redness in sensitive users,"Normal, Mature","Vitamin C, Vitamin E",Strong acids same time,0,5.5-6.5,Consult doctor,Yes,Budget ($)
Betaine,Humectant (Amino Acid-derived),Toner/Essence,Osmolyte that supports hydration balance,Hydrates while calming irritation,"Pat into skin after cleansing, before serum",Both,Daily,N/A,Yes,Minimal restrictions,"Sensitive, Dry, All skin types","Panthenol, Hyaluronic Acid",None significant,0,N/A,Yes,No,Mid-Range ($$)
Rice Bran Extract,Antioxidant/Brightening Botanical,Serum,Rich in ferulic acid and vitamin E,"Brightens tone, softens texture","1-2 drops, pressed into skin before heavier products",Both,Daily,N/A,Yes,Minimal restrictions,"All skin types, Dull skin","Vitamin C, Niacinamide",None significant,0,5.0-6.5,Yes,No,Budget ($)
Kaolin Clay,Purifying/Oil Control,Face Mask,"Absorbs excess sebum, gentle mineral clay","Mattifies, minimizes shine, softens texture","Apply for 10-15 minutes, 1-3x per week, then rinse or wipe off",Night,1x daily at night,N/A,Yes,Can be drying for dry skin,"Oily, Combination, Acne-prone","Niacinamide, Salicylic Acid",Overuse with other drying actives,0,N/A,Yes,No,Mid-Range ($$)
Ceramide EOP,Barrier Lipid (Specific Ceramide),Serum,Long-chain ceramide critical for barrier integrity,"Strengthens barrier, locks in hydration","1-2 drops, pressed into skin before heavier products",Both,Daily,N/A,Yes,Minimal restrictions,"Dry, Sensitive, Mature","Ceramide NP, Cholesterol",None significant,1,N/A,Yes,No,Mid-Range ($$)
Moringa Oil,Facial Oil (Botanical),Face Mask,Antioxidant-rich oleic-acid oil,Deeply nourishes and softens mature skin,"Apply for 10-15 minutes, 1-3x per week, then rinse or wipe off",Night,1x daily at night,N/A,Yes,Minimal restrictions,"Dry, Mature","Squalane, Vitamin E",None significant,2,N/A,Yes,No,Mid-Range ($$)
Gluconolactone,PHA,Moisturizer/Cream,Larger-molecule gentle exfoliant with antioxidant properties,"Mild exfoliation, hydration, antioxidant protection","Nickel-sized amount, applied as final hydrating step",Both,"Daily, well tolerated",8%,Yes,Minimal restrictions,"Sensitive, Rosacea-prone, Dry","Hyaluronic Acid, Ceramides",Strong acids layered heavily,1,3.5-4.5,Consult doctor,No,Mid-Range ($$)
Rosemary Leaf Extract,Antioxidant Botanical,Cleanser,Antioxidant with mild antimicrobial properties,"Protects skin, supports clarity","Massage onto damp skin for 30-60 seconds, rinse",Both,Daily,N/A,Yes,Essential-oil sensitivity possible; patch test,"Oily, Combination, Normal","Green Tea Extract, Niacinamide",None significant,0,5.0-6.0,Consult doctor,Yes,Mid-Range ($$)
Evening Primrose Oil,Facial Oil (Botanical),Cleanser,GLA-rich oil supporting barrier and inflammation,Calms eczema-prone or reactive skin,"Massage onto damp skin for 30-60 seconds, rinse",Night,1x daily at night,N/A,Yes,Minimal restrictions,"Sensitive, Dry, Eczema-prone","Ceramides, Panthenol",None significant,2,N/A,Consult doctor,No,Mid-Range ($$)
Diosmin,Circulation-support/Antioxidant,Moisturizer/Cream,Citrus-derived flavonoid supporting microcirculation,"Reduces redness, supports skin resilience","Nickel-sized amount, applied as final hydrating step",Both,Daily,N/A,Yes,Minimal restrictions,"Rosacea-prone, Sensitive","Niacinamide, Centella Asiatica",None significant,0,5.0-6.0,Consult doctor,No,Budget ($)
Lauryl Glucoside,Mild Cleansing Surfactant,Facial Oil,Plant-derived gentle foaming cleanser base,Cleanses effectively without stripping,"2-3 drops, pressed on as the last step to seal in moisture",Both,Daily,N/A,Yes,Minimal restrictions,All skin types,"Coco-Glucoside, Ceramides",None significant,0,5.0-6.5,Yes,No,Mid-Range ($$)
Black Tea Ferment,Fermented Antioxidant,Moisturizer/Cream,Fermentation-enhanced antioxidant complex,Calms and protects against environmental stress,"Nickel-sized amount, applied as final hydrating step",Both,Daily,N/A,Yes,Minimal restrictions,All skin types,"Green Tea Extract, Niacinamide",None significant,0,5.0-6.5,Yes,No,Mid-Range ($$)
Fermented Barley Extract,Fermented Botanical (K-beauty),Moisturizer/Cream,Fermentation-derived brightening and conditioning extract,"Brightens, softens texture","Nickel-sized amount, applied as final hydrating step",Both,Daily,N/A,Yes,Minimal restrictions,"All skin types, Dull skin","Niacinamide, Rice Water Extract",None significant,0,5.0-6.0,Yes,No,Budget ($)
Phytic Acid,Chelating/Mild Exfoliating Acid,Toner/Essence,Antioxidant with mild brightening and chelating action,"Brightens, softens hyperpigmentation gently","Pat into skin after cleansing, before serum",Night,1x daily at night,N/A,Yes,Minimal restrictions,"Sensitive, Hyperpigmentation-prone","Niacinamide, Vitamin C",Strong acids together,0,4.0-5.0,Consult doctor,No,Mid-Range ($$)
Malic Acid,AHA (Alpha Hydroxy Acid),Face Mask,Apple-derived gentle exfoliant,"Smooths texture, brightens dull skin","Apply for 10-15 minutes, 1-3x per week, then rinse or wipe off",Night,2-3x per week,10%,Yes,Avoid on broken/sunburned skin,"Sensitive, Normal","Niacinamide, Hyaluronic Acid","Retinoids, other acids together",1,3.0-4.0,Consult doctor,Yes,Budget ($)
Schisandra Berry Extract,Adaptogen/Antioxidant Botanical,Toner/Essence,Adaptogenic antioxidant supporting skin resilience,Protects against stress-induced aging,"Pat into skin after cleansing, before serum",Both,Daily,N/A,Yes,Minimal restrictions,"Mature, Normal","Niacinamide, Vitamin C",None significant,0,5.0-6.0,Consult doctor,No,Mid-Range ($$)
Meadowfoam Seed Oil,Facial Oil (Botanical),Toner/Essence,"Highly stable, non-greasy emollient oil","Locks in moisture, adds softness","Pat into skin after cleansing, before serum",Both,Daily,N/A,Yes,Minimal restrictions,"All skin types, Dry","Squalane, Hyaluronic Acid",None significant,1,N/A,Yes,No,Mid-Range ($$)
Oat Extract (Colloidal Oatmeal),Soothing/Barrier Support,Toner/Essence,"Anti-inflammatory, barrier-protective",Relieves itching and irritation,"Pat into skin after cleansing, before serum",Both,Daily,N/A,Yes,Minimal restrictions,"Sensitive, Eczema-prone","Ceramides, Panthenol",None significant,0,N/A,Yes,No,Mid-Range ($$)
Benzoyl Peroxide,Acne Treatment,Cleanser,"Antibacterial, kills acne-causing bacteria",Clears active breakouts,"Massage onto damp skin for 30-60 seconds, rinse",Both,Daily,N/A,Yes,Can bleach fabrics; avoid with retinoids same time; drying,"Oily, Acne-prone","Moisturizers, Niacinamide","Retinoids, Vitamin C same session",0,5.0-6.0,Consult doctor,Yes,Premium ($$$)
"FGF (Fibroblast Growth Factor, Recombinant)",Regenerative/Biotech,Cleanser,Recombinant protein supporting fibroblast collagen output,Supports firmness and skin density,"Massage onto damp skin for 30-60 seconds, rinse",Night,1x daily at night,2%,Yes,"Emerging ingredient; consult dermatologist, limited long-term data","Mature, Normal","Peptides, Hyaluronic Acid",Strong acids same time,0,5.0-7.0,Consult doctor,Yes,Budget ($)
Coconut Oil,Facial Oil (Botanical),Facial Oil,"Rich, occlusive saturated-fat oil","Deeply moisturizes very dry, non-acne-prone skin","2-3 drops, pressed on as the last step to seal in moisture",Night,1x daily at night,N/A,Yes,Highly comedogenic; avoid on acne-prone skin,"Very Dry, Normal (not for acne-prone)",Shea Butter,Use on acne-prone skin,4,N/A,Yes,No,Budget ($)
Propolis Extract,Antibacterial/Antioxidant (Botanical),Facial Oil,Bee-derived antioxidant and antimicrobial,"Calms breakouts, supports skin repair","2-3 drops, pressed on as the last step to seal in moisture",Both,Daily,N/A,Yes,Patch test for bee-product allergy,"Acne-prone, Sensitive","Centella Asiatica, Niacinamide",None significant,1,N/A,Yes,Yes,Budget ($)
Dipeptide Diaminobutyroyl Benzylamide Diacetate (Syn-Ake),Peptide (Snake-venom mimicking),Moisturizer/Cream,Mimics muscle-relaxing effect for expression lines,Softens fine lines from repeated expressions,"Nickel-sized amount, applied as final hydrating step",Night,1x daily at night,N/A,Yes,Minimal restrictions,"Mature, Normal",Peptide complexes,None significant,0,5.0-7.0,Consult doctor,No,Budget ($)
Arginine,Humectant/Amino Acid,Cleanser,Amino acid component of natural moisturizing factor,Hydrates and supports skin conditioning,"Massage onto damp skin for 30-60 seconds, rinse",Both,Daily,N/A,Yes,Minimal restrictions,"All skin types, Dry","Hyaluronic Acid, Panthenol",None significant,0,N/A,Yes,No,Budget ($)
Peptide Complex (Matrixyl-type),Peptide,Facial Oil,Signals collagen and elastin production,"Firms skin, reduces wrinkle depth","2-3 drops, pressed on as the last step to seal in moisture",Night,1x daily at night,10%,Yes,Minimal restrictions,"Mature, Normal, All skin types","Hyaluronic Acid, Niacinamide",Strong acids same time,0,5.0-7.0,Consult doctor,No,Mid-Range ($$)
Pineapple Extract,Enzyme/Antioxidant Botanical,Toner/Essence,"Bromelain-containing fruit extract, mild exfoliant",Brightens and softens texture gently,"Pat into skin after cleansing, before serum",Night,1x daily at night,N/A,Yes,Avoid on broken skin; mild allergy risk,"Sensitive, Normal, Dull skin","Vitamin C, Papain",Strong acids/retinoids same time,1,4.0-6.0,Consult doctor,Yes,Budget ($)
Cyclopentasiloxane,Texture Agent (Volatile Silicone),Cleanser,Lightweight silicone providing silky glide,"Improves spreadability, silky finish","Massage onto damp skin for 30-60 seconds, rinse",Both,Daily,N/A,Yes,Minimal restrictions,All skin types,"Dimethicone, Moisturizers",None significant,0,N/A,Yes,No,Premium ($$$)
Polyglutamic Acid,Humectant (Fermentation-derived),Cleanser,Holds moisture even more than hyaluronic acid,"Deep, long-lasting hydration and plumping","Massage onto damp skin for 30-60 seconds, rinse",Both,Daily,N/A,Yes,Minimal restrictions,"All skin types, Dry, Dehydrated skin","Hyaluronic Acid, Ceramides",None significant,0,5.0-7.0,Yes,No,Mid-Range ($$)
Yarrow Extract,Soothing/Astringent Botanical,Spot Treatment,"Anti-inflammatory extract, mild pore-tightening effect","Calms redness, balances oily skin",Dab a small amount directly onto targeted area,Both,Daily,N/A,Yes,Fragrance-family sensitivity possible; patch test,"Sensitive, Oily, Rosacea-prone","Chamomile, Witch Hazel",None significant,0,5.0-6.0,Consult doctor,Yes,Premium ($$$)
Sodium Cocoyl Isethionate,Mild Cleansing Surfactant,Cleanser,"Coconut-derived gentle cleansing agent, low irritation",Cleanses gently while preserving barrier,"Massage onto damp skin for 30-60 seconds, rinse",Both,Daily,N/A,Yes,Minimal restrictions,"Sensitive, Dry, All skin types","Ceramides, Glycerin",None significant,0,5.0-6.5,Yes,No,Budget ($)
Murumuru Butter,Emollient (Butter),Toner/Essence,Rich Amazonian plant butter,Deeply conditions very dry skin,"Pat into skin after cleansing, before serum",Both,Daily,N/A,Yes,Can feel heavy on oily skin,"Dry, Very Dry","Shea Butter, Squalane",None significant,3,N/A,Yes,No,Mid-Range ($$)
Matrixyl Synthe'6,Peptide Complex (Next-gen),Moisturizer/Cream,Advanced peptide blend for six visible aging signs,"Firms, smooths, evens tone and texture","Nickel-sized amount, applied as final hydrating step",Night,1x daily at night,N/A,Yes,Minimal restrictions,"Mature, Normal","Hyaluronic Acid, Niacinamide",Strong acids same time,0,5.0-7.0,Consult doctor,No,Budget ($)
Mexoryl SX,"UV Filter (Chemical, UVA)",Toner/Essence,Highly photostable UVA filter,"Strong UVA protection, reduces photoaging","Pat into skin after cleansing, before serum",Morning,Daily,N/A,N/A (is the sunscreen),Reapply every 2 hours in sun exposure,All skin types,Antioxidants under sunscreen,None significant,1,N/A,Yes,No,Mid-Range ($$)
Pomegranate Extract,Antioxidant Botanical,Face Mask,Polyphenol-rich antioxidant,"Protects against free radicals, brightens","Apply for 10-15 minutes, 1-3x per week, then rinse or wipe off",Both,Daily,N/A,Yes,Minimal restrictions,"All skin types, Dull skin","Vitamin C, Niacinamide",None significant,0,5.0-6.0,Yes,No,Premium ($$$)
Adapalene,Retinoid (OTC Acne Treatment),Spot Treatment,Selective retinoic acid receptor agonist,"Treats and prevents acne, refines texture",Dab a small amount directly onto targeted area,Night,1x daily at night,N/A,Yes,Avoid in pregnancy; avoid with other exfoliants same time,"Oily, Acne-prone","Moisturizers, Niacinamide","Benzoyl Peroxide, AHA/BHA together",1,5.0-6.0,No,Yes,Mid-Range ($$)
Ascorbyl Glucoside,Vitamin C Derivative,Moisturizer/Cream,Slow-release stable Vitamin C,"Gradual brightening, antioxidant","Nickel-sized amount, applied as final hydrating step",Both,Daily,5%,Yes,"Mild formulation, low irritation risk",All skin types,"Niacinamide, Peptides",Strong acids,0,5.5-7.0,Yes,No,Premium ($$$)
Chia Seed Oil,Facial Oil (Botanical),Toner/Essence,Omega-3/6 balanced antioxidant oil,Nourishes and calms sensitive skin,"Pat into skin after cleansing, before serum",Both,Daily,N/A,Yes,Minimal restrictions,"Sensitive, Dry, Normal","Squalane, Centella Asiatica",None significant,1,N/A,Yes,No,Premium ($$$)
Rose Water,Hydrating/Soothing Botanical,Moisturizer/Cream,"Mild floral hydrosol, gently toning","Refreshes, soothes, lightly hydrates","Nickel-sized amount, applied as final hydrating step",Both,Daily,N/A,Yes,Fragrance allergy risk for very sensitive skin,"All skin types, Sensitive","Aloe Vera, Glycerin",None significant,0,5.0-5.8,Yes,No,Premium ($$$)
Retinol,Retinoid,Moisturizer/Cream,"Increases cell turnover, boosts collagen synthesis","Reduces fine lines, smooths texture, fades dark spots","Nickel-sized amount, applied as final hydrating step",Night,"2-3x per week, building up to nightly",0.3%,Yes,"Avoid during pregnancy/breastfeeding, on broken skin, or with active sunburn","Normal, Oily, Combination, Mature","Niacinamide, Peptides, Ceramides","AHA/BHA, Benzoyl Peroxide, Vitamin C in same routine",2,5.5-6.0,No,Yes,Premium ($$$)
Perlite,Physical Exfoliant (Mineral),Spot Treatment,Volcanic-glass mineral exfoliating particle,Gently buffs away dead skin cells,Dab a small amount directly onto targeted area,Night,1x daily at night,N/A,Yes,Use gentle pressure to avoid micro-tears,"Normal, Combination, Oily","Niacinamide, Clay",Overuse with chemical exfoliants,0,N/A,Yes,No,Mid-Range ($$)
Tea Tree Oil,Acne Treatment (Botanical),Toner/Essence,Natural antimicrobial,"Spot treats blemishes, reduces bacteria","Pat into skin after cleansing, before serum",Night,1x daily at night,N/A,Yes,Dilute before use; can irritate undiluted,"Oily, Acne-prone","Niacinamide, Zinc PCA",Strong acids same time,2,N/A,Consult doctor,Yes,Budget ($)
Jojoba Esters (Jojoba Beads),Physical Exfoliant (Biodegradable),Cleanser,"Round, gentle biodegradable exfoliating beads",Buffs away dead skin without micro-tears,"Massage onto damp skin for 30-60 seconds, rinse",Night,1x daily at night,N/A,Yes,Minimal restrictions,"All skin types, Sensitive","Niacinamide, Squalane",None significant,1,N/A,Yes,No,Mid-Range ($$)
Trylagen,Peptide/Protein Complex,Toner/Essence,Biotech complex supporting natural collagen synthesis,Improves elasticity and skin density,"Pat into skin after cleansing, before serum",Night,1x daily at night,N/A,Yes,Emerging ingredient; limited long-term data,"Mature, Normal","Peptides, Hyaluronic Acid",None significant,0,5.0-7.0,Consult doctor,Yes,Premium ($$$)
Schisandra Berry Extract,Adaptogen/Antioxidant Botanical,Face Mask,Adaptogenic antioxidant supporting skin resilience,Protects against stress-induced aging,"Apply for 10-15 minutes, 1-3x per week, then rinse or wipe off",Both,Daily,N/A,Yes,Minimal restrictions,"Mature, Normal","Niacinamide, Vitamin C",None significant,0,5.0-6.0,Consult doctor,No,Mid-Range ($$)
Hibiscus Extract,Antioxidant/Firming Botanical,Spot Treatment,"Natural AHA-adjacent antioxidant, mild firming effect",Brightens and softly firms skin,Dab a small amount directly onto targeted area,Both,Daily,N/A,Yes,Minimal restrictions,"Normal, Mature, Dull skin","Vitamin C, Niacinamide",None significant,0,4.5-6.0,Yes,No,Premium ($$$)
Watermelon Extract,Hydrating Botanical,Facial Oil,Amino-acid and water-rich hydrating extract,Refreshes and hydrates lightly,"2-3 drops, pressed on as the last step to seal in moisture",Morning,Daily,N/A,Yes,Minimal restrictions,"All skin types, Dry","Hyaluronic Acid, Aloe Vera",None significant,0,5.0-6.0,Yes,No,Budget ($)
Blue-Green Algae Extract,Marine Antioxidant/Detox Botanical,Spot Treatment,Nutrient-dense algae antioxidant and detoxifier,"Detoxifies, firms, nourishes",Dab a small amount directly onto targeted area,Both,Daily,N/A,Yes,Minimal restrictions,"All skin types, Dull skin","Niacinamide, Vitamin C",None significant,0,5.0-6.5,Yes,No,Premium ($$$)
Palmitic Acid,Fatty Acid (Barrier Support),Spot Treatment,Saturated fatty acid supporting barrier lipids,Reinforces barrier structure,Dab a small amount directly onto targeted area,Both,Daily,N/A,Yes,Minimal restrictions,"Dry, Sensitive","Ceramides, Cholesterol",None significant,2,N/A,Yes,No,Premium ($$$)
Zinc PCA,Oil Control,Serum,"Regulates sebum production, mild antibacterial",Reduces shine and breakouts,"1-2 drops, pressed into skin before heavier products",Both,Daily,N/A,Yes,Minimal restrictions,"Oily, Acne-prone","Niacinamide, Salicylic Acid",None significant,0,N/A,Yes,No,Premium ($$$)
Trylagen,Peptide/Protein Complex,Moisturizer/Cream,Biotech complex supporting natural collagen synthesis,Improves elasticity and skin density,"Nickel-sized amount, applied as final hydrating step",Night,1x daily at night,N/A,Yes,Emerging ingredient; limited long-term data,"Mature, Normal","Peptides, Hyaluronic Acid",None significant,0,5.0-7.0,Consult doctor,Yes,Premium ($$$)
Tremella Mushroom Extract,Humectant (Mushroom),Face Mask,"Polysaccharide humectant, rivals hyaluronic acid","Deeply hydrates, plumps fine lines","Apply for 10-15 minutes, 1-3x per week, then rinse or wipe off",Both,Daily,N/A,Yes,Minimal restrictions,"Dry, All skin types","Hyaluronic Acid, Ceramides",None significant,0,5.0-6.5,Yes,No,Premium ($$$)
Mexoryl SX,"UV Filter (Chemical, UVA)",Serum,Highly photostable UVA filter,"Strong UVA protection, reduces photoaging","1-2 drops, pressed into skin before heavier products",Morning,Daily,N/A,N/A (is the sunscreen),Reapply every 2 hours in sun exposure,All skin types,Antioxidants under sunscreen,None significant,1,N/A,Yes,No,Budget ($)
Cysteamine HCl,Brightening Agent (Antioxidant-derived),Moisturizer/Cream,Potent melanin-synthesis inhibitor,Treats stubborn melasma and dark spots,"Nickel-sized amount, applied as final hydrating step",Night,1x daily at night,N/A,Yes,Distinct odor; avoid mixing with other actives same session,"Hyperpigmentation-prone, Melasma-prone",Niacinamide (alternate use),"Vitamin C, retinoids same session",0,4.0-5.5,Consult doctor,Yes,Premium ($$$)
Cocamidopropyl Betaine,Mild Cleansing Surfactant,Serum,Coconut-derived foam-boosting gentle surfactant,"Cleanses with light foam, gentle on skin","1-2 drops, pressed into skin before heavier products",Both,Daily,N/A,Yes,Rare contact-allergy reports; patch test if sensitive,"All skin types, Sensitive","Decyl Glucoside, Glycerin",None significant,0,5.0-6.5,Yes,Yes,Budget ($)
Magnesium Ascorbyl Phosphate,Vitamin C Derivative,Face Mask,Water-soluble stable Vitamin C form,"Brightening, antioxidant protection","Apply for 10-15 minutes, 1-3x per week, then rinse or wipe off",Both,Daily,15%,Yes,Generally gentle,"Sensitive, Dry","Niacinamide, Hyaluronic Acid",Strong acids,0,6.0-7.0,Yes,No,Budget ($)
Peony Extract,Soothing/Brightening Botanical,Moisturizer/Cream,Anti-inflammatory with mild brightening effect,"Calms redness, supports even tone","Nickel-sized amount, applied as final hydrating step",Both,Daily,N/A,Yes,Minimal restrictions,"Sensitive, Dull skin","Centella Asiatica, Niacinamide",None significant,0,5.0-6.0,Yes,No,Mid-Range ($$)
Sal Butter,Emollient (Butter),Cleanser,"Firm, shea-like conditioning plant butter",Moisturizes and softens rough skin,"Massage onto damp skin for 30-60 seconds, rinse",Both,Daily,N/A,Yes,Minimal restrictions,"Dry, Very Dry","Shea Butter, Squalane",None significant,2,N/A,Yes,No,Budget ($)
Licorice Root Extract,Brightening/Soothing,Cleanser,"Tyrosinase inhibitor, anti-inflammatory","Brightens dark spots, calms redness","Massage onto damp skin for 30-60 seconds, rinse",Both,Daily,N/A,Yes,Minimal restrictions,"All skin types, Hyperpigmentation-prone","Niacinamide, Vitamin C",None significant,0,5.0-6.0,Yes,No,Premium ($$$)
Colloidal Gold,Antioxidant/Luxury Additive,Spot Treatment,"Anti-inflammatory, supports circulation (limited evidence)",Marketed for firming and radiance,Dab a small amount directly onto targeted area,Both,Daily,N/A,Yes,Limited robust clinical evidence; patch test,"Mature, Normal","Peptides, Vitamin C",None significant,0,N/A,Consult doctor,No,Mid-Range ($$)
Arginine,Humectant/Amino Acid,Face Mask,Amino acid component of natural moisturizing factor,Hydrates and supports skin conditioning,"Apply for 10-15 minutes, 1-3x per week, then rinse or wipe off",Both,Daily,N/A,Yes,Minimal restrictions,"All skin types, Dry","Hyaluronic Acid, Panthenol",None significant,0,N/A,Yes,No,Premium ($$$)
Glycine Soja (Soybean) Extract,Antioxidant/Brightening Botanical,Serum,Isoflavone-rich extract supporting tone and firmness,Brightens and supports elasticity,"1-2 drops, pressed into skin before heavier products",Both,Daily,N/A,Yes,Minimal restrictions,"Mature, Hyperpigmentation-prone","Niacinamide, Vitamin C",None significant,0,5.0-6.5,Consult doctor,No,Premium ($$$)
Polyglutamic Acid,Humectant (Fermentation-derived),Face Mask,Holds moisture even more than hyaluronic acid,"Deep, long-lasting hydration and plumping","Apply for 10-15 minutes, 1-3x per week, then rinse or wipe off",Both,Daily,N/A,Yes,Minimal restrictions,"All skin types, Dry, Dehydrated skin","Hyaluronic Acid, Ceramides",None significant,0,5.0-7.0,Yes,No,Budget ($)
Octocrylene,UV Filter (Chemical),Moisturizer/Cream,"Absorbs UVB, stabilizes other filters","Sun protection, boosts SPF stability","Nickel-sized amount, applied as final hydrating step",Morning,Daily,N/A,N/A (is the sunscreen),Reapply every 2 hours in sun exposure,"Normal, Oily, Combination",Antioxidants under sunscreen,None significant,2,N/A,Consult doctor,No,Budget ($)
Biotin (Vitamin B7),Vitamin/Conditioning Agent,Facial Oil,Supports skin barrier and conditioning,Supports overall skin health and resilience,"2-3 drops, pressed on as the last step to seal in moisture",Both,Daily,N/A,Yes,Minimal restrictions,All skin types,"Panthenol, Ceramides",None significant,0,N/A,Yes,No,Mid-Range ($$)
Urea,Barrier/Keratolytic Humectant,Serum,Hydrates and gently breaks down excess keratin,"Softens rough, dry, or thickened skin","1-2 drops, pressed into skin before heavier products",Both,Daily,N/A,Yes,Can sting on broken skin at high concentration,"Dry, Very Dry, Keratosis Pilaris-prone","Ceramides, Glycerin",None significant,0,4.0-6.0,Yes,No,Premium ($$$)
Sodium PCA,Humectant (Natural Moisturizing Factor),Spot Treatment,Naturally occurring skin humectant,Hydrates and supports moisture retention,Dab a small amount directly onto targeted area,Both,Daily,N/A,Yes,Minimal restrictions,"All skin types, Dry","Hyaluronic Acid, Glycerin",None significant,0,N/A,Yes,No,Mid-Range ($$)
Sandalwood Extract,Soothing/Brightening Botanical (Ayurvedic),Toner/Essence,Traditional calming and brightening extract,"Soothes irritation, evens tone","Pat into skin after cleansing, before serum",Both,Daily,N/A,Yes,Fragrance sensitivity possible; patch test,"Sensitive, Dull skin","Niacinamide, Licorice Extract",None significant,0,5.0-6.0,Consult doctor,Yes,Budget ($)
Lauryl Glucoside,Mild Cleansing Surfactant,Moisturizer/Cream,Plant-derived gentle foaming cleanser base,Cleanses effectively without stripping,"Nickel-sized amount, applied as final hydrating step",Both,Daily,N/A,Yes,Minimal restrictions,All skin types,"Coco-Glucoside, Ceramides",None significant,0,5.0-6.5,Yes,No,Budget ($)
Vitamin B3 Derivative Complex,Brightening/Barrier,Toner/Essence,Combined niacinamide-based brightening blend,Tone evening with barrier support,"Pat into skin after cleansing, before serum",Both,Daily,N/A,Yes,Minimal restrictions,All skin types,Hyaluronic Acid,High-dose Vitamin C,0,5.0-7.0,Yes,No,Premium ($$$)
Palmitoyl Pentapeptide-4,Peptide,Spot Treatment,Stimulates collagen synthesis,Improves firmness and elasticity,Dab a small amount directly onto targeted area,Night,1x daily at night,5%,Yes,Minimal restrictions,Mature,"Niacinamide, Hyaluronic Acid",None significant,0,5.0-7.0,Consult doctor,No,Mid-Range ($$)
NAD+ (Nicotinamide Adenine Dinucleotide),Regenerative/Biotech,Toner/Essence,Supports cellular energy metabolism and repair,"Anti-aging, supports skin resilience","Pat into skin after cleansing, before serum",Night,1x daily at night,2%,Yes,Emerging ingredient; limited long-term data,"Mature, Normal","Niacinamide, Peptides",None significant,0,5.0-7.0,Consult doctor,Yes,Premium ($$$)
Gluconolactone,PHA,Facial Oil,Larger-molecule gentle exfoliant with antioxidant properties,"Mild exfoliation, hydration, antioxidant protection","2-3 drops, pressed on as the last step to seal in moisture",Both,"Daily, well tolerated",4%,Yes,Minimal restrictions,"Sensitive, Rosacea-prone, Dry","Hyaluronic Acid, Ceramides",Strong acids layered heavily,1,3.5-4.5,Consult doctor,No,Mid-Range ($$)
Willow Bark Extract,Natural BHA Alternative,Toner/Essence,"Contains salicin, gentle exfoliating botanical","Mild exfoliation, evens texture","Pat into skin after cleansing, before serum",Night,1x daily at night,N/A,Yes,Gentler than salicylic acid but still exfoliating,"Sensitive, Combination","Niacinamide, Panthenol",Other strong acids,1,4.0-5.0,Consult doctor,No,Premium ($$$)
Licorice Root Extract,Brightening/Soothing,Toner/Essence,"Tyrosinase inhibitor, anti-inflammatory","Brightens dark spots, calms redness","Pat into skin after cleansing, before serum",Both,Daily,N/A,Yes,Minimal restrictions,"All skin types, Hyperpigmentation-prone","Niacinamide, Vitamin C",None significant,0,5.0-6.0,Yes,No,Budget ($)
Bearberry Extract,Brightening Botanical (Arbutin source),Facial Oil,"Natural source of arbutin, tyrosinase inhibitor",Fades dark spots and evens tone,"2-3 drops, pressed on as the last step to seal in moisture",Both,Daily,N/A,Yes,Minimal restrictions,Hyperpigmentation-prone,"Niacinamide, Alpha Arbutin",None significant,0,4.5-6.0,Consult doctor,No,Mid-Range ($$)
Rice Bran Oil,Facial Oil (Botanical),Serum,Gamma-oryzanol rich antioxidant oil,Brightens and softens texture,"1-2 drops, pressed into skin before heavier products",Both,Daily,N/A,Yes,Minimal restrictions,"All skin types, Dull skin","Vitamin C, Niacinamide",None significant,1,N/A,Yes,No,Premium ($$$)
Pequi Oil,Facial Oil (Botanical),Moisturizer/Cream,Carotenoid-rich Brazilian antioxidant oil,Nourishes and protects mature skin,"Nickel-sized amount, applied as final hydrating step",Night,1x daily at night,N/A,Yes,Minimal restrictions,"Dry, Mature","Squalane, Vitamin E",None significant,2,N/A,Consult doctor,Yes,Premium ($$$)
Hesperidin,Antioxidant (Citrus Flavonoid),Moisturizer/Cream,"Citrus-derived antioxidant, supports capillary strength","Brightens, reduces redness appearance","Nickel-sized amount, applied as final hydrating step",Both,Daily,N/A,Yes,Minimal restrictions,"All skin types, Rosacea-prone","Vitamin C, Niacinamide",None significant,0,5.0-6.0,Yes,No,Mid-Range ($$)
Octinoxate,UV Filter (Chemical),Cleanser,Absorbs UVB radiation,Sun protection component in broad-spectrum SPF,"Massage onto damp skin for 30-60 seconds, rinse",Morning,Daily,N/A,N/A (is the sunscreen),Reapply every 2 hours in sun exposure,"Normal, Oily, Combination",Antioxidants under sunscreen,None significant,2,N/A,Consult doctor,No,Mid-Range ($$)
Camellia Oil,Facial Oil (Botanical),Serum,"Lightweight, antioxidant-rich oil",Softens and nourishes without heaviness,"1-2 drops, pressed into skin before heavier products",Night,1x daily at night,N/A,Yes,Minimal restrictions,"Dry, Normal, Combination","Squalane, Hyaluronic Acid",None significant,1,N/A,Yes,No,Premium ($$$)
Silica,Mattifying/Texture Agent,Serum,"Absorbs oil, softens visual texture","Mattifies shine, blurs pores visually","1-2 drops, pressed into skin before heavier products",Morning,Daily,N/A,Yes,Minimal restrictions,"Oily, Combination","Niacinamide, Zinc PCA",None significant,0,N/A,Yes,No,Mid-Range ($$)
Argan Oil,Facial Oil (Botanical),Serum,Vitamin E rich moisturizing oil,"Softens, nourishes, adds glow","1-2 drops, pressed into skin before heavier products",Both,Daily,N/A,Yes,Minimal restrictions,"Dry, Normal, Mature","Squalane, Vitamin E",None significant,2,N/A,Yes,No,Mid-Range ($$)
Caviar Extract,Luxury Firming Ingredient (Marine-derived),Toner/Essence,Nutrient-rich marine extract marketed for firming,Improves the look of firmness and radiance,"Pat into skin after cleansing, before serum",Both,Daily,N/A,Yes,Patch test for fish-derived allergy,"Mature, Normal","Peptides, Marine Collagen",None significant,0,5.0-7.0,Consult doctor,Yes,Mid-Range ($$)
Magnesium Ascorbyl Phosphate,Vitamin C Derivative,Toner/Essence,Water-soluble stable Vitamin C form,"Brightening, antioxidant protection","Pat into skin after cleansing, before serum",Both,Daily,10%,Yes,Generally gentle,"Sensitive, Dry","Niacinamide, Hyaluronic Acid",Strong acids,0,6.0-7.0,Yes,No,Budget ($)
Licorice Root Extract,Brightening/Soothing,Serum,"Tyrosinase inhibitor, anti-inflammatory","Brightens dark spots, calms redness","1-2 drops, pressed into skin before heavier products",Both,Daily,N/A,Yes,Minimal restrictions,"All skin types, Hyperpigmentation-prone","Niacinamide, Vitamin C",None significant,0,5.0-6.0,Yes,No,Budget ($)
Tamanu Oil,Facial Oil (Botanical),Toner/Essence,Healing oil traditionally used for scars/blemishes,Supports healing of scars and blemishes,"Pat into skin after cleansing, before serum",Night,1x daily at night,N/A,Yes,Distinct smell; patch test recommended,"Acne-prone, Scar-prone","Niacinamide, Centella Asiatica",None significant,2,N/A,Consult doctor,Yes,Budget ($)
Sunflower Seed Oil,Facial Oil (Botanical),Toner/Essence,Linoleic-acid rich lightweight oil,Supports barrier without heaviness,"Pat into skin after cleansing, before serum",Both,Daily,N/A,Yes,Minimal restrictions,"Normal, Combination, Acne-prone","Niacinamide, Squalane",None significant,1,N/A,Yes,No,Premium ($$$)
Fuller's Earth (Multani Mitti),Purifying Mineral Clay,Facial Oil,Traditional absorbent mineral clay,"Deep cleanses, controls oil, brightens","2-3 drops, pressed on as the last step to seal in moisture",Night,1x daily at night,N/A,Yes,Can be drying for dry skin,"Oily, Combination","Turmeric Extract, Rose Water",Overuse with other drying actives,0,N/A,Yes,No,Mid-Range ($$)
Encapsulated Retinol,Retinoid (Time-release),Moisturizer/Cream,Time-released retinol for reduced surface irritation,"Anti-aging with slower, steadier release","Nickel-sized amount, applied as final hydrating step",Night,1x daily at night,N/A,Yes,Avoid in pregnancy,"Sensitive, Normal, Mature","Niacinamide, Ceramides",Strong acids same time,1,5.5-6.5,No,Yes,Mid-Range ($$)
Cucumber Extract,Hydrating/Soothing Botanical,Toner/Essence,"Cooling, mildly astringent, hydrating","Refreshes, reduces puffiness","Pat into skin after cleansing, before serum",Morning,Daily,N/A,Yes,Minimal restrictions,"All skin types, Sensitive","Aloe Vera, Hyaluronic Acid",None significant,0,5.0-6.0,Yes,No,Budget ($)
Beer Yeast Extract (Faex Extract),Fermented Conditioning Ingredient,Serum,B-vitamin rich fermented yeast extract,Conditions and softens skin texture,"1-2 drops, pressed into skin before heavier products",Both,Daily,N/A,Yes,Minimal restrictions,"Normal, Dull skin","Niacinamide, Panthenol",None significant,0,5.0-6.5,Yes,No,Budget ($)
Cysteamine HCl,Brightening Agent (Antioxidant-derived),Toner/Essence,Potent melanin-synthesis inhibitor,Treats stubborn melasma and dark spots,"Pat into skin after cleansing, before serum",Night,1x daily at night,N/A,Yes,Distinct odor; avoid mixing with other actives same session,"Hyperpigmentation-prone, Melasma-prone",Niacinamide (alternate use),"Vitamin C, retinoids same session",0,4.0-5.5,Consult doctor,Yes,Mid-Range ($$)
Homosalate,UV Filter (Chemical),Facial Oil,Absorbs UVB radiation,Sun protection component in broad-spectrum SPF,"2-3 drops, pressed on as the last step to seal in moisture",Morning,Daily,N/A,N/A (is the sunscreen),Reapply every 2 hours in sun exposure,"Normal, Oily, Combination",Antioxidants under sunscreen,None significant,2,N/A,Consult doctor,No,Budget ($)
Spirulina Extract,Marine Antioxidant/Detox Botanical,Spot Treatment,Nutrient-dense algae antioxidant,"Detoxifies, brightens, nourishes",Dab a small amount directly onto targeted area,Both,Daily,N/A,Yes,Minimal restrictions,"All skin types, Dull skin","Niacinamide, Vitamin C",None significant,0,5.0-6.5,Yes,No,Premium ($$$)
DMAE,Firming Agent,Spot Treatment,Supports muscle tone appearance of skin,Temporary firming and tightening effect,Dab a small amount directly onto targeted area,Both,Daily,N/A,Yes,Can cause temporary tingling/redness,"Mature, Normal","Peptides, Hyaluronic Acid",Strong acids at same time,0,7.0-8.0,Consult doctor,Yes,Premium ($$$)
Niacinamide,Vitamin/Barrier Support,Face Mask,"Strengthens skin barrier, regulates oil, evens tone","Reduces redness, minimizes pore appearance, improves texture","Apply for 10-15 minutes, 1-3x per week, then rinse or wipe off",Both,Daily,N/A,Yes,Rarely irritating; avoid layering with pure Vitamin C at low pH if it causes flushing,All skin types,"Hyaluronic Acid, Peptides, Ceramides",High-dose Vitamin C (L-ascorbic acid) at same time,0,5.0-7.0,Yes,No,Premium ($$$)
Snail Mucin,Regenerative/Humectant,Spot Treatment,Glycoproteins support hydration and repair,"Hydrates, soothes, supports barrier recovery",Dab a small amount directly onto targeted area,Both,Daily,N/A,Yes,Patch test for sensitivity,"Dry, Sensitive, Acne-prone","Niacinamide, Hyaluronic Acid",None significant,1,5.0-6.5,Consult doctor,Yes,Mid-Range ($$)
Schisandra Berry Extract,Adaptogen/Antioxidant Botanical,Facial Oil,Adaptogenic antioxidant supporting skin resilience,Protects against stress-induced aging,"2-3 drops, pressed on as the last step to seal in moisture",Both,Daily,N/A,Yes,Minimal restrictions,"Mature, Normal","Niacinamide, Vitamin C",None significant,0,5.0-6.0,Consult doctor,No,Budget ($)
Hesperidin,Antioxidant (Citrus Flavonoid),Toner/Essence,"Citrus-derived antioxidant, supports capillary strength","Brightens, reduces redness appearance","Pat into skin after cleansing, before serum",Both,Daily,N/A,Yes,Minimal restrictions,"All skin types, Rosacea-prone","Vitamin C, Niacinamide",None significant,0,5.0-6.0,Yes,No,Budget ($)
Allantoin,Soothing Agent,Cleanser,"Calms and softens skin, promotes healing","Reduces irritation, supports barrier repair","Massage onto damp skin for 30-60 seconds, rinse",Both,Daily,N/A,Yes,Very low irritation risk,"Sensitive, Dry, All skin types","Panthenol, Ceramides",None significant,0,N/A,Yes,No,Mid-Range ($$)
Kojic Acid,Brightening Agent,Toner/Essence,Tyrosinase inhibitor from fungi,Lightens dark spots and sun damage,"Pat into skin after cleansing, before serum",Night,1x daily at night,2%,Yes,Can be sensitizing at high concentration,Hyperpigmentation-prone,"Niacinamide, Licorice Extract",Strong acids/retinoids together,0,4.0-5.0,Consult doctor,Yes,Mid-Range ($$)
Coconut Water Extract,Hydrating Botanical,Toner/Essence,Electrolyte-rich lightweight hydrator,Refreshes and lightly hydrates,"Pat into skin after cleansing, before serum",Both,Daily,N/A,Yes,Minimal restrictions,"All skin types, Dry","Hyaluronic Acid, Glycerin",None significant,0,5.0-6.0,Yes,No,Budget ($)
Sweet Almond Oil,Facial Oil (Botanical),Cleanser,Classic emollient oil rich in fatty acids,Softens and soothes dry or sensitive skin,"Massage onto damp skin for 30-60 seconds, rinse",Both,Daily,N/A,Yes,Nut allergy caution,"Dry, Sensitive, Normal","Squalane, Vitamin E",None significant,2,N/A,Consult doctor,Yes,Premium ($$$)
Colostrum Extract,Regenerative/Barrier Ingredient,Moisturizer/Cream,Protein and growth-factor rich extract for repair support,Supports barrier recovery and hydration,"Nickel-sized amount, applied as final hydrating step",Both,Daily,N/A,Yes,"Emerging ingredient; patch test, consult doctor for allergies","Sensitive, Mature","Peptides, Ceramides",None significant,0,5.0-6.5,Consult doctor,Yes,Budget ($)
Schisandra Berry Extract,Adaptogen/Antioxidant Botanical,Moisturizer/Cream,Adaptogenic antioxidant supporting skin resilience,Protects against stress-induced aging,"Nickel-sized amount, applied as final hydrating step",Both,Daily,N/A,Yes,Minimal restrictions,"Mature, Normal","Niacinamide, Vitamin C",None significant,0,5.0-6.0,Consult doctor,No,Premium ($$$)
Sweet Almond Oil,Facial Oil (Botanical),Face Mask,Classic emollient oil rich in fatty acids,Softens and soothes dry or sensitive skin,"Apply for 10-15 minutes, 1-3x per week, then rinse or wipe off",Both,Daily,N/A,Yes,Nut allergy caution,"Dry, Sensitive, Normal","Squalane, Vitamin E",None significant,2,N/A,Consult doctor,Yes,Mid-Range ($$)
Linoleic Acid,Fatty Acid (Barrier Support),Toner/Essence,Essential omega-6 fatty acid for barrier lipids,"Supports barrier, reduces congestion in oily skin","Pat into skin after cleansing, before serum",Both,Daily,N/A,Yes,Minimal restrictions,"Oily, Acne-prone, Combination","Niacinamide, Ceramides",None significant,1,N/A,Yes,No,Mid-Range ($$)
Malic Acid,AHA (Alpha Hydroxy Acid),Cleanser,Apple-derived gentle exfoliant,"Smooths texture, brightens dull skin","Massage onto damp skin for 30-60 seconds, rinse",Night,2-3x per week,10%,Yes,Avoid on broken/sunburned skin,"Sensitive, Normal","Niacinamide, Hyaluronic Acid","Retinoids, other acids together",1,3.0-4.0,Consult doctor,Yes,Premium ($$$)
Tetrahexyldecyl Ascorbate,Vitamin C Derivative (Oil-soluble),Toner/Essence,"Stable, oil-soluble Vitamin C form","Brightening with excellent stability, low irritation","Pat into skin after cleansing, before serum",Both,Daily,N/A,Yes,Minimal restrictions,"All skin types, Sensitive","Vitamin E, Ferulic Acid",Strong acids same time,1,5.5-7.0,Yes,No,Mid-Range ($$)
Phytosterols,Barrier Lipid (Plant-derived),Cleanser,Plant-based lipid supporting barrier repair,Soothes and repairs compromised barrier,"Massage onto damp skin for 30-60 seconds, rinse",Both,Daily,N/A,Yes,Minimal restrictions,"Sensitive, Dry","Ceramides, Fatty Acids",None significant,1,N/A,Yes,No,Premium ($$$)
Palmitoyl Tripeptide-1,Peptide (Collagen-signaling),Spot Treatment,Signals fibroblasts to boost collagen I production,"Reduces wrinkle depth, firms skin",Dab a small amount directly onto targeted area,Night,1x daily at night,N/A,Yes,Minimal restrictions,"Mature, Normal","Hyaluronic Acid, Niacinamide",Strong acids same time,0,5.0-7.0,Consult doctor,No,Budget ($)
Diamond Powder,Physical Exfoliant/Luxury Additive,Serum,Micro-exfoliation and light reflection,"Polishes texture, adds radiance","1-2 drops, pressed into skin before heavier products",Night,1x daily at night,N/A,Yes,Use gently to avoid micro-tears,"Normal, Combination","Peptides, Hyaluronic Acid",Overuse with other exfoliants,1,N/A,Yes,No,Budget ($)
Coconut Water Extract,Hydrating Botanical,Spot Treatment,Electrolyte-rich lightweight hydrator,Refreshes and lightly hydrates,Dab a small amount directly onto targeted area,Both,Daily,N/A,Yes,Minimal restrictions,"All skin types, Dry","Hyaluronic Acid, Glycerin",None significant,0,5.0-6.0,Yes,No,Budget ($)
Neem Extract,Antibacterial/Purifying Botanical (Ayurvedic),Serum,Traditional antibacterial and anti-inflammatory extract,"Treats acne, purifies skin","1-2 drops, pressed into skin before heavier products",Night,1x daily at night,N/A,Yes,Strong scent; patch test recommended,"Oily, Acne-prone","Niacinamide, Tea Tree Oil",None significant,1,5.0-6.0,Consult doctor,Yes,Premium ($$$)
Snail Secretion Filtrate (Alternate grade),Regenerative/Humectant,Face Mask,Glycoprotein-rich filtrate supporting repair and hydration,"Hydrates, soothes, supports barrier recovery","Apply for 10-15 minutes, 1-3x per week, then rinse or wipe off",Both,Daily,N/A,Yes,Patch test for sensitivity,"Dry, Sensitive, Acne-prone","Niacinamide, Hyaluronic Acid",None significant,1,5.0-6.5,Consult doctor,Yes,Budget ($)
"FGF (Fibroblast Growth Factor, Recombinant)",Regenerative/Biotech,Spot Treatment,Recombinant protein supporting fibroblast collagen output,Supports firmness and skin density,Dab a small amount directly onto targeted area,Night,1x daily at night,5%,Yes,"Emerging ingredient; consult dermatologist, limited long-term data","Mature, Normal","Peptides, Hyaluronic Acid",Strong acids same time,0,5.0-7.0,Consult doctor,Yes,Budget ($)
Ferulic Acid,Antioxidant Booster,Spot Treatment,Stabilizes and boosts Vitamin C/E efficacy,"Enhanced antioxidant protection, anti-aging",Dab a small amount directly onto targeted area,Morning,Daily,0.5%,Yes,Rarely irritating alone,All skin types,"Vitamin C, Vitamin E",None significant,0,3.0-4.0,Yes,No,Premium ($$$)
Octocrylene,UV Filter (Chemical),Cleanser,"Absorbs UVB, stabilizes other filters","Sun protection, boosts SPF stability","Massage onto damp skin for 30-60 seconds, rinse",Morning,Daily,N/A,N/A (is the sunscreen),Reapply every 2 hours in sun exposure,"Normal, Oily, Combination",Antioxidants under sunscreen,None significant,2,N/A,Consult doctor,No,Mid-Range ($$)
Cocoa Butter,Emollient (Butter),Toner/Essence,"Rich, occlusive plant butter",Deeply moisturizes and softens,"Pat into skin after cleansing, before serum",Both,Daily,N/A,Yes,Comedogenic for acne-prone users,"Dry, Very Dry","Shea Butter, Squalane",None significant,4,N/A,Yes,No,Mid-Range ($$)
DMAE,Firming Agent,Facial Oil,Supports muscle tone appearance of skin,Temporary firming and tightening effect,"2-3 drops, pressed on as the last step to seal in moisture",Both,Daily,N/A,Yes,Can cause temporary tingling/redness,"Mature, Normal","Peptides, Hyaluronic Acid",Strong acids at same time,0,7.0-8.0,Consult doctor,Yes,Premium ($$$)
Ectoin + Trehalose Complex,Barrier/Stress Protection Blend,Serum,Combined extremolyte blend for cellular protection,Protects against pollution and dehydration stress,"1-2 drops, pressed into skin before heavier products",Both,Daily,N/A,Yes,Minimal restrictions,"Sensitive, All skin types","Ceramides, Hyaluronic Acid",None significant,0,5.0-7.0,Yes,No,Budget ($)
Biotin (Vitamin B7),Vitamin/Conditioning Agent,Cleanser,Supports skin barrier and conditioning,Supports overall skin health and resilience,"Massage onto damp skin for 30-60 seconds, rinse",Both,Daily,N/A,Yes,Minimal restrictions,All skin types,"Panthenol, Ceramides",None significant,0,N/A,Yes,No,Mid-Range ($$)
Tremella Mushroom Extract,Humectant (Mushroom),Cleanser,"Polysaccharide humectant, rivals hyaluronic acid","Deeply hydrates, plumps fine lines","Massage onto damp skin for 30-60 seconds, rinse",Both,Daily,N/A,Yes,Minimal restrictions,"Dry, All skin types","Hyaluronic Acid, Ceramides",None significant,0,5.0-6.5,Yes,No,Premium ($$$)
Dragon's Blood Sap Extract,Brightening/Soothing Botanical,Cleanser,"Plant resin extract with antioxidant, healing properties","Calms redness, supports even tone","Massage onto damp skin for 30-60 seconds, rinse",Both,Daily,N/A,Yes,Minimal restrictions,"Sensitive, Hyperpigmentation-prone","Centella Asiatica, Niacinamide",None significant,0,5.0-6.0,Consult doctor,No,Premium ($$$)
Prebiotics (Inulin/Alpha-glucan),Microbiome Support,Cleanser,Feeds beneficial skin bacteria,Supports microbiome balance and barrier,"Massage onto damp skin for 30-60 seconds, rinse",Both,Daily,N/A,Yes,Minimal restrictions,"All skin types, Sensitive","Postbiotics, Ceramides",None significant,0,5.0-6.5,Yes,No,Budget ($)
Palmitoyl Tetrapeptide-7,Peptide (Anti-inflammatory Signaling),Cleanser,Reduces inflammatory signaling linked to skin aging,Calms and firms aging skin,"Massage onto damp skin for 30-60 seconds, rinse",Night,1x daily at night,N/A,Yes,Minimal restrictions,"Mature, Sensitive",Peptide complexes,Strong acids same time,0,5.0-7.0,Consult doctor,No,Budget ($)
Diatomaceous Earth,Purifying/Exfoliating Mineral,Facial Oil,"Fossilized algae mineral, mild absorbent exfoliant","Purifies pores, gently buffs texture","2-3 drops, pressed on as the last step to seal in moisture",Night,1x daily at night,N/A,Yes,Use gentle pressure to avoid micro-tears,"Oily, Combination","Kaolin Clay, Niacinamide",Overuse with other exfoliants,0,N/A,Yes,No,Budget ($)
Blue-Green Algae Extract,Marine Antioxidant/Detox Botanical,Toner/Essence,Nutrient-dense algae antioxidant and detoxifier,"Detoxifies, firms, nourishes","Pat into skin after cleansing, before serum",Both,Daily,N/A,Yes,Minimal restrictions,"All skin types, Dull skin","Niacinamide, Vitamin C",None significant,0,5.0-6.5,Yes,No,Mid-Range ($$)
Idebenone,Antioxidant (Synthetic CoQ10 analog),Serum,Potent free-radical scavenger,"Reduces visible signs of aging, protects skin","1-2 drops, pressed into skin before heavier products",Both,Daily,N/A,Yes,Minimal restrictions,"Mature, Normal","Vitamin C, Peptides",None significant,0,5.0-6.5,Consult doctor,No,Budget ($)
4-Butylresorcinol,Brightening Agent (Tyrosinase Inhibitor),Cleanser,"Potent, fast-acting tyrosinase inhibitor",Fades dark spots and evens tone quickly,"Massage onto damp skin for 30-60 seconds, rinse",Both,Daily,N/A,Yes,Generally well tolerated,Hyperpigmentation-prone,"Niacinamide, Vitamin C",None significant,0,5.0-6.5,Consult doctor,No,Budget ($)
Tetrahexyldecyl Ascorbate,Vitamin C Derivative (Oil-soluble),Serum,"Stable, oil-soluble Vitamin C form","Brightening with excellent stability, low irritation","1-2 drops, pressed into skin before heavier products",Both,Daily,N/A,Yes,Minimal restrictions,"All skin types, Sensitive","Vitamin E, Ferulic Acid",Strong acids same time,1,5.5-7.0,Yes,No,Mid-Range ($$)
Black Cohosh Extract,Phytoestrogen Botanical,Facial Oil,Traditional botanical supporting skin elasticity,Supports firmness in mature skin,"2-3 drops, pressed on as the last step to seal in moisture",Both,Daily,N/A,Yes,Minimal restrictions,Mature,"Peptides, Niacinamide",None significant,0,5.0-6.0,Consult doctor,No,Budget ($)
Tartaric Acid,AHA (Alpha Hydroxy Acid),Facial Oil,Grape-derived exfoliant and antioxidant,Brightens and refines texture,"2-3 drops, pressed on as the last step to seal in moisture",Night,2-3x per week,10%,Yes,Avoid on broken/sunburned skin,"Normal, Combination","Vitamin C, Niacinamide","Retinoids, other acids together",1,3.0-4.0,Consult doctor,Yes,Premium ($$$)
Saccharomyces Ferment Filtrate,Fermented/Biotech Ingredient,Face Mask,Yeast-fermentation extract rich in vitamins and minerals,"Brightens, hydrates, supports resilience","Apply for 10-15 minutes, 1-3x per week, then rinse or wipe off",Both,Daily,N/A,Yes,Minimal restrictions,"All skin types, Dull skin","Niacinamide, Hyaluronic Acid",None significant,0,5.0-6.5,Yes,No,Budget ($)
Squalane,Emollient/Barrier Support,Face Mask,"Lightweight biomimetic lipid, non-comedogenic","Moisturizes without heaviness, softens skin","Apply for 10-15 minutes, 1-3x per week, then rinse or wipe off",Both,Daily,N/A,Yes,Minimal restrictions,"All skin types, Oily, Dry","Hyaluronic Acid, Ceramides",None significant,1,N/A,Yes,No,Premium ($$$)
Octocrylene,UV Filter (Chemical),Face Mask,"Absorbs UVB, stabilizes other filters","Sun protection, boosts SPF stability","Apply for 10-15 minutes, 1-3x per week, then rinse or wipe off",Morning,Daily,N/A,N/A (is the sunscreen),Reapply every 2 hours in sun exposure,"Normal, Oily, Combination",Antioxidants under sunscreen,None significant,2,N/A,Consult doctor,No,Premium ($$$)
Niacinamide,Vitamin/Barrier Support,Serum,"Strengthens skin barrier, regulates oil, evens tone","Reduces redness, minimizes pore appearance, improves texture","1-2 drops, pressed into skin before heavier products",Both,Daily,N/A,Yes,Rarely irritating; avoid layering with pure Vitamin C at low pH if it causes flushing,All skin types,"Hyaluronic Acid, Peptides, Ceramides",High-dose Vitamin C (L-ascorbic acid) at same time,0,5.0-7.0,Yes,No,Budget ($)
Encapsulated Retinol,Retinoid (Time-release),Face Mask,Time-released retinol for reduced surface irritation,"Anti-aging with slower, steadier release","Apply for 10-15 minutes, 1-3x per week, then rinse or wipe off",Night,1x daily at night,N/A,Yes,Avoid in pregnancy,"Sensitive, Normal, Mature","Niacinamide, Ceramides",Strong acids same time,1,5.5-6.5,No,Yes,Budget ($)
Palmitoyl Tripeptide-1,Peptide (Collagen-signaling),Serum,Signals fibroblasts to boost collagen I production,"Reduces wrinkle depth, firms skin","1-2 drops, pressed into skin before heavier products",Night,1x daily at night,N/A,Yes,Minimal restrictions,"Mature, Normal","Hyaluronic Acid, Niacinamide",Strong acids same time,0,5.0-7.0,Consult doctor,No,Budget ($)
Azelaic Acid,Multi-functional Acid,Cleanser,"Anti-inflammatory, tyrosinase inhibitor","Treats acne, rosacea redness, hyperpigmentation","Massage onto damp skin for 30-60 seconds, rinse",Both,1-2x daily,10%,Yes,Mild tingling common initially; discontinue if severe irritation,"Acne-prone, Rosacea, Sensitive","Niacinamide, Retinoids (alternate nights)",Very strong acids at same time,0,4.0-5.0,Yes,No,Premium ($$$)
Mulberry Extract,Brightening Botanical,Face Mask,Natural tyrosinase-inhibiting brightener,"Evens tone, reduces dark spots","Apply for 10-15 minutes, 1-3x per week, then rinse or wipe off",Both,Daily,N/A,Yes,Minimal restrictions,Hyperpigmentation-prone,"Niacinamide, Licorice Extract",None significant,0,5.0-6.0,Yes,No,Mid-Range ($$)
Ginkgo Biloba Extract,Antioxidant/Circulation Botanical,Serum,Antioxidant that supports microcirculation,"Brightens, reduces dullness","1-2 drops, pressed into skin before heavier products",Both,Daily,N/A,Yes,Minimal restrictions,"Mature, Dull skin","Niacinamide, Vitamin C",None significant,0,5.0-6.0,Consult doctor,No,Budget ($)
Oat Extract (Colloidal Oatmeal),Soothing/Barrier Support,Serum,"Anti-inflammatory, barrier-protective",Relieves itching and irritation,"1-2 drops, pressed into skin before heavier products",Both,Daily,N/A,Yes,Minimal restrictions,"Sensitive, Eczema-prone","Ceramides, Panthenol",None significant,0,N/A,Yes,No,Budget ($)
Glycolic Acid,AHA (Alpha Hydroxy Acid),Moisturizer/Cream,Exfoliates surface skin cells,"Brightens, smooths texture, fades discoloration","Nickel-sized amount, applied as final hydrating step",Night,2-3x per week,5%,Yes,Avoid on broken/sunburned skin; avoid with retinoids same session,"Normal, Oily, Combination","Hyaluronic Acid, Niacinamide","Retinoids, Vitamin C, other acids",1,3.0-4.0,Consult doctor,Yes,Mid-Range ($$)
Dragon's Blood Sap Extract,Brightening/Soothing Botanical,Moisturizer/Cream,"Plant resin extract with antioxidant, healing properties","Calms redness, supports even tone","Nickel-sized amount, applied as final hydrating step",Both,Daily,N/A,Yes,Minimal restrictions,"Sensitive, Hyperpigmentation-prone","Centella Asiatica, Niacinamide",None significant,0,5.0-6.0,Consult doctor,No,Premium ($$$)
Beta-Sitosterol,Barrier/Anti-inflammatory Lipid,Toner/Essence,Plant sterol supporting barrier and calming inflammation,Soothes and repairs sensitive skin,"Pat into skin after cleansing, before serum",Both,Daily,N/A,Yes,Minimal restrictions,"Sensitive, Dry","Ceramides, Phytosterols",None significant,1,N/A,Yes,No,Mid-Range ($$)
Arginine,Humectant/Amino Acid,Facial Oil,Amino acid component of natural moisturizing factor,Hydrates and supports skin conditioning,"2-3 drops, pressed on as the last step to seal in moisture",Both,Daily,N/A,Yes,Minimal restrictions,"All skin types, Dry","Hyaluronic Acid, Panthenol",None significant,0,N/A,Yes,No,Mid-Range ($$)
Sea Fennel Extract,Antioxidant/Detox Botanical,Spot Treatment,Mineral-rich coastal plant antioxidant,Detoxifies and revitalizes dull skin,Dab a small amount directly onto targeted area,Both,Daily,N/A,Yes,Minimal restrictions,"All skin types, Dull skin","Niacinamide, Vitamin C",None significant,0,5.0-6.0,Consult doctor,No,Mid-Range ($$)
Alpha Arbutin,Brightening Agent,Facial Oil,Gentle tyrosinase inhibitor,"Evens tone, fades hyperpigmentation","2-3 drops, pressed on as the last step to seal in moisture",Both,Daily,2%,Yes,Generally well tolerated,"Hyperpigmentation-prone, Sensitive","Niacinamide, Vitamin C",None significant,0,4.0-6.0,Consult doctor,No,Mid-Range ($$)
Lactobacillus Ferment,Probiotic/Fermented Ingredient,Cleanser,Fermentation-derived skin-conditioning agent,"Supports microbiome balance, softens skin","Massage onto damp skin for 30-60 seconds, rinse",Both,Daily,N/A,Yes,Minimal restrictions,"Sensitive, All skin types","Postbiotics, Ceramides",None significant,0,5.0-6.0,Yes,No,Budget ($)
Matcha Green Tea Extract,Antioxidant Botanical,Facial Oil,Concentrated polyphenol antioxidant,Calms and protects against environmental stress,"2-3 drops, pressed on as the last step to seal in moisture",Both,Daily,N/A,Yes,Minimal restrictions,"Sensitive, Oily, All skin types","Niacinamide, Centella Asiatica",None significant,0,5.0-6.0,Yes,No,Mid-Range ($$)
Perlite,Physical Exfoliant (Mineral),Facial Oil,Volcanic-glass mineral exfoliating particle,Gently buffs away dead skin cells,"2-3 drops, pressed on as the last step to seal in moisture",Night,1x daily at night,N/A,Yes,Use gentle pressure to avoid micro-tears,"Normal, Combination, Oily","Niacinamide, Clay",Overuse with chemical exfoliants,0,N/A,Yes,No,Mid-Range ($$)
Saffron Extract,Brightening Botanical (Ayurvedic),Face Mask,Traditional radiance-boosting extract,"Brightens complexion, evens tone","Apply for 10-15 minutes, 1-3x per week, then rinse or wipe off",Both,Daily,N/A,Yes,Minimal restrictions,"Dull skin, All skin types","Niacinamide, Vitamin C",None significant,0,5.0-6.0,Consult doctor,No,Budget ($)
Cholesterol,Barrier Lipid,Facial Oil,Works with ceramides/fatty acids to rebuild barrier,Repairs compromised skin barrier,"2-3 drops, pressed on as the last step to seal in moisture",Both,Daily,N/A,Yes,Minimal restrictions,"Dry, Sensitive","Ceramides, Fatty Acids",None significant,1,N/A,Yes,No,Premium ($$$)
Glycine Soja (Soybean) Extract,Antioxidant/Brightening Botanical,Toner/Essence,Isoflavone-rich extract supporting tone and firmness,Brightens and supports elasticity,"Pat into skin after cleansing, before serum",Both,Daily,N/A,Yes,Minimal restrictions,"Mature, Hyperpigmentation-prone","Niacinamide, Vitamin C",None significant,0,5.0-6.5,Consult doctor,No,Premium ($$$)
Hexapeptide-11,Peptide (Renewal-signaling),Face Mask,Supports skin renewal and radiance signaling,Improves radiance and firmness,"Apply for 10-15 minutes, 1-3x per week, then rinse or wipe off",Night,1x daily at night,N/A,Yes,Minimal restrictions,"Mature, Dull skin","Niacinamide, Peptides",None significant,0,5.0-7.0,Consult doctor,No,Premium ($$$)
Beer Yeast Extract (Faex Extract),Fermented Conditioning Ingredient,Toner/Essence,B-vitamin rich fermented yeast extract,Conditions and softens skin texture,"Pat into skin after cleansing, before serum",Both,Daily,N/A,Yes,Minimal restrictions,"Normal, Dull skin","Niacinamide, Panthenol",None significant,0,5.0-6.5,Yes,No,Premium ($$$)
Acai Berry Extract,Antioxidant Botanical,Spot Treatment,Anthocyanin-rich Amazonian fruit antioxidant,"Protects against oxidative stress, brightens",Dab a small amount directly onto targeted area,Both,Daily,N/A,Yes,Minimal restrictions,"All skin types, Dull skin","Vitamin C, Niacinamide",None significant,0,5.0-6.0,Yes,No,Premium ($$$)
Marine Collagen,Regenerative/Firming Ingredient,Toner/Essence,"Supports skin structure and firmness (topical, surface-level)",Improves the look of firmness and hydration,"Pat into skin after cleansing, before serum",Both,Daily,N/A,Yes,Patch test for fish-derived allergy,"Mature, Dry","Peptides, Hyaluronic Acid",None significant,0,5.0-7.0,Consult doctor,Yes,Budget ($)
Panthenol (Pro-Vitamin B5),Barrier Support/Humectant,Serum,"Soothes and hydrates, supports barrier repair","Calms irritation, improves elasticity","1-2 drops, pressed into skin before heavier products",Both,Daily,N/A,Yes,Very well tolerated,"Sensitive, Dry, All skin types","Ceramides, Niacinamide",None significant,0,5.0-7.0,Yes,No,Premium ($$$)
Mineral Sunscreen Filters (Zinc Oxide),UV Filter,Facial Oil,Physical barrier reflecting UV rays,Broad-spectrum sun protection,"2-3 drops, pressed on as the last step to seal in moisture",Morning,Daily,N/A,N/A (is the sunscreen),Reapply every 2 hours in sun exposure,"All skin types, Sensitive",Antioxidants under sunscreen,None significant,0,N/A,Yes,No,Mid-Range ($$)
"TGF-Beta (Transforming Growth Factor, Plant-derived)",Regenerative/Biotech,Serum,Signaling molecule supporting tissue remodeling,Supports firmness and repair,"1-2 drops, pressed into skin before heavier products",Night,1x daily at night,1%,Yes,Emerging ingredient; limited long-term data,"Mature, Normal","Peptides, Hyaluronic Acid",Strong acids same time,0,5.0-7.0,Consult doctor,Yes,Budget ($)
Horse Chestnut Extract,Circulation-support Botanical,Spot Treatment,"Supports microcirculation, reduces puffiness","De-puffs, strengthens capillary appearance",Dab a small amount directly onto targeted area,Morning,Daily,N/A,Yes,Minimal restrictions,"Under-eye area, Mature","Caffeine, Vitamin C",None significant,0,5.0-6.0,Consult doctor,No,Mid-Range ($$)
Grapeseed Oil,Facial Oil (Botanical),Facial Oil,"Light, antioxidant-rich oil","Softens skin, absorbs quickly","2-3 drops, pressed on as the last step to seal in moisture",Both,Daily,N/A,Yes,Minimal restrictions,"Oily, Combination, Normal","Vitamin E, Niacinamide",None significant,1,N/A,Yes,No,Premium ($$$)
Glutathione,Antioxidant/Brightening Agent,Moisturizer/Cream,"Master antioxidant, inhibits melanin production","Brightens overall complexion, antioxidant defense","Nickel-sized amount, applied as final hydrating step",Both,Daily,N/A,Yes,Topical efficacy debated at low concentrations,"All skin types, Dull skin","Vitamin C, Niacinamide",None significant,0,5.0-6.5,Consult doctor,No,Budget ($)
Adapalene,Retinoid (OTC Acne Treatment),Serum,Selective retinoic acid receptor agonist,"Treats and prevents acne, refines texture","1-2 drops, pressed into skin before heavier products",Night,1x daily at night,N/A,Yes,Avoid in pregnancy; avoid with other exfoliants same time,"Oily, Acne-prone","Moisturizers, Niacinamide","Benzoyl Peroxide, AHA/BHA together",1,5.0-6.0,No,Yes,Mid-Range ($$)
Fermented Rice Water Extract,Antioxidant/Brightening (Biotech),Moisturizer/Cream,Fermentation-derived brightening and soothing,"Improves radiance, evens tone","Nickel-sized amount, applied as final hydrating step",Both,Daily,N/A,Yes,Minimal restrictions,All skin types,"Niacinamide, Centella Asiatica",None significant,0,5.0-6.0,Yes,No,Premium ($$$)
Diatomaceous Earth,Purifying/Exfoliating Mineral,Toner/Essence,"Fossilized algae mineral, mild absorbent exfoliant","Purifies pores, gently buffs texture","Pat into skin after cleansing, before serum",Night,1x daily at night,N/A,Yes,Use gentle pressure to avoid micro-tears,"Oily, Combination","Kaolin Clay, Niacinamide",Overuse with other exfoliants,0,N/A,Yes,No,Mid-Range ($$)
Ascorbyl Glucoside,Vitamin C Derivative,Facial Oil,Slow-release stable Vitamin C,"Gradual brightening, antioxidant","2-3 drops, pressed on as the last step to seal in moisture",Both,Daily,10%,Yes,"Mild formulation, low irritation risk",All skin types,"Niacinamide, Peptides",Strong acids,0,5.5-7.0,Yes,No,Budget ($)
Aloe Vera,Soothing/Hydrating Botanical,Toner/Essence,"Calming, hydrating, mild anti-inflammatory","Soothes irritation, hydrates lightly","Pat into skin after cleansing, before serum",Both,Daily,N/A,Yes,Minimal restrictions,"Sensitive, Sunburned, All skin types","Panthenol, Hyaluronic Acid",None significant,0,4.0-5.5,Yes,No,Premium ($$$)
Gotu Kola Extract (Centella variant),Soothing/Regenerative Botanical,Facial Oil,"Triterpenoid-rich, supports collagen and healing","Repairs barrier, fades the look of scars","2-3 drops, pressed on as the last step to seal in moisture",Both,Daily,N/A,Yes,Minimal restrictions,"Sensitive, Scar-prone, Acne-prone","Centella Asiatica, Niacinamide",None significant,0,5.0-6.0,Yes,No,Premium ($$$)
Upcycled Coffee Cherry Extract,Antioxidant (Upcycled/Sustainable),Facial Oil,Byproduct rich in chlorogenic acid antioxidants,"Brightens, firms, protects","2-3 drops, pressed on as the last step to seal in moisture",Both,Daily,N/A,Yes,Minimal restrictions,"All skin types, Mature","Niacinamide, Vitamin C",None significant,0,5.0-6.5,Yes,No,Mid-Range ($$)
Titanium Dioxide,UV Filter (Mineral),Cleanser,Physical UV blocker,"Broad-spectrum sun protection, gentle","Massage onto damp skin for 30-60 seconds, rinse",Morning,Daily,N/A,N/A (is the sunscreen),Reapply every 2 hours in sun exposure,"Sensitive, All skin types","Zinc Oxide, Antioxidants",None significant,0,N/A,Yes,No,Budget ($)
Fermented Soybean Extract,Fermented/Biotech Ingredient,Facial Oil,Rich in isoflavones and amino acids,"Firms, brightens, supports elasticity","2-3 drops, pressed on as the last step to seal in moisture",Both,Daily,N/A,Yes,Minimal restrictions,"Mature, Normal","Niacinamide, Peptides",None significant,0,5.0-6.5,Consult doctor,No,Mid-Range ($$)
Illipe Butter,Emollient (Butter),Facial Oil,"Firm, shea-like conditioning butter",Deeply moisturizes and protects,"2-3 drops, pressed on as the last step to seal in moisture",Both,Daily,N/A,Yes,Minimal restrictions,"Dry, Very Dry, Mature","Shea Butter, Squalane",None significant,2,N/A,Yes,No,Mid-Range ($$)
Passionfruit Seed Oil,Facial Oil (Botanical),Facial Oil,Linoleic-acid rich lightweight oil,"Softens without heaviness, supports barrier","2-3 drops, pressed on as the last step to seal in moisture",Both,Daily,N/A,Yes,Minimal restrictions,"Normal, Combination, Dry","Squalane, Niacinamide",None significant,1,N/A,Yes,No,Premium ($$$)
Sodium Hyaluronate,Humectant,Spot Treatment,Smaller-molecule form of Hyaluronic Acid,Deeper hydration penetration,Dab a small amount directly onto targeted area,Both,Daily,5%,Yes,Apply to damp skin,All skin types,"Ceramides, Glycerin",None significant,0,5.0-7.0,Yes,No,Mid-Range ($$)
Argan Oil,Facial Oil (Botanical),Toner/Essence,Vitamin E rich moisturizing oil,"Softens, nourishes, adds glow","Pat into skin after cleansing, before serum",Both,Daily,N/A,Yes,Minimal restrictions,"Dry, Normal, Mature","Squalane, Vitamin E",None significant,2,N/A,Yes,No,Premium ($$$)
Vetiver Extract,Soothing/Astringent Botanical (Ayurvedic),Toner/Essence,"Traditional calming, mildly astringent extract","Soothes, balances oil, calming aroma","Pat into skin after cleansing, before serum",Both,Daily,N/A,Yes,Fragrance sensitivity possible; patch test,"Oily, Sensitive","Witch Hazel, Green Tea Extract",None significant,0,5.0-6.0,Consult doctor,Yes,Mid-Range ($$)
Snail Secretion Filtrate (Alternate grade),Regenerative/Humectant,Serum,Glycoprotein-rich filtrate supporting repair and hydration,"Hydrates, soothes, supports barrier recovery","1-2 drops, pressed into skin before heavier products",Both,Daily,N/A,Yes,Patch test for sensitivity,"Dry, Sensitive, Acne-prone","Niacinamide, Hyaluronic Acid",None significant,1,5.0-6.5,Consult doctor,Yes,Mid-Range ($$)
Lotus Extract,Hydrating/Soothing Botanical,Face Mask,"Traditional calming, hydrating flower extract",Soothes and lightly hydrates,"Apply for 10-15 minutes, 1-3x per week, then rinse or wipe off",Both,Daily,N/A,Yes,Minimal restrictions,"Sensitive, All skin types","Aloe Vera, Panthenol",None significant,0,5.0-6.0,Yes,No,Mid-Range ($$)
Beta Carotene,Antioxidant (Provitamin A),Facial Oil,"Precursor antioxidant, supports skin renewal",Supports even tone and radiance,"2-3 drops, pressed on as the last step to seal in moisture",Both,Daily,N/A,Yes,Minimal restrictions,All skin types,"Vitamin C, Vitamin E",None significant,0,N/A,Yes,No,Budget ($)
Lactic Acid,AHA (Alpha Hydroxy Acid),Facial Oil,"Gentle exfoliation, humectant properties","Improves texture, hydrates while exfoliating","2-3 drops, pressed on as the last step to seal in moisture",Night,2-3x per week,8%,Yes,Avoid on compromised skin barrier,"Sensitive, Dry, Normal","Ceramides, Hyaluronic Acid","Retinoids, other strong acids",1,3.5-4.5,Consult doctor,Yes,Premium ($$$)
Licorice Root Extract,Brightening/Soothing,Spot Treatment,"Tyrosinase inhibitor, anti-inflammatory","Brightens dark spots, calms redness",Dab a small amount directly onto targeted area,Both,Daily,N/A,Yes,Minimal restrictions,"All skin types, Hyperpigmentation-prone","Niacinamide, Vitamin C",None significant,0,5.0-6.0,Yes,No,Premium ($$$)
Seaweed/Algae Extract,Hydrating/Mineral-rich Botanical,Spot Treatment,Mineral-rich humectant and antioxidant,"Hydrates, remineralizes, softens",Dab a small amount directly onto targeted area,Both,Daily,N/A,Yes,Minimal restrictions,"Dry, Normal, Dull skin","Hyaluronic Acid, Niacinamide",None significant,0,5.0-6.5,Yes,No,Budget ($)
Palmitic Acid,Fatty Acid (Barrier Support),Moisturizer/Cream,Saturated fatty acid supporting barrier lipids,Reinforces barrier structure,"Nickel-sized amount, applied as final hydrating step",Both,Daily,N/A,Yes,Minimal restrictions,"Dry, Sensitive","Ceramides, Cholesterol",None significant,2,N/A,Yes,No,Budget ($)
Moringa Oil,Facial Oil (Botanical),Toner/Essence,Antioxidant-rich oleic-acid oil,Deeply nourishes and softens mature skin,"Pat into skin after cleansing, before serum",Night,1x daily at night,N/A,Yes,Minimal restrictions,"Dry, Mature","Squalane, Vitamin E",None significant,2,N/A,Yes,No,Premium ($$$)
Black Cohosh Extract,Phytoestrogen Botanical,Spot Treatment,Traditional botanical supporting skin elasticity,Supports firmness in mature skin,Dab a small amount directly onto targeted area,Both,Daily,N/A,Yes,Minimal restrictions,Mature,"Peptides, Niacinamide",None significant,0,5.0-6.0,Consult doctor,No,Premium ($$$)
Perlite,Physical Exfoliant (Mineral),Cleanser,Volcanic-glass mineral exfoliating particle,Gently buffs away dead skin cells,"Massage onto damp skin for 30-60 seconds, rinse",Night,1x daily at night,N/A,Yes,Use gentle pressure to avoid micro-tears,"Normal, Combination, Oily","Niacinamide, Clay",Overuse with chemical exfoliants,0,N/A,Yes,No,Mid-Range ($$)
Manjistha Extract,Brightening/Purifying Botanical (Ayurvedic),Moisturizer/Cream,"Traditional blood-purifying, brightening extract","Evens tone, calms inflammatory skin concerns","Nickel-sized amount, applied as final hydrating step",Both,Daily,N/A,Yes,Minimal restrictions,"Acne-prone, Hyperpigmentation-prone","Niacinamide, Licorice Extract",None significant,0,5.0-6.0,Consult doctor,No,Budget ($)
Growth Factor Serum (Plant-derived),Regenerative/Biotech,Facial Oil,Signals skin repair and renewal pathways,"Anti-aging, supports skin regeneration","2-3 drops, pressed on as the last step to seal in moisture",Night,1x daily at night,5%,Yes,Emerging ingredient; limited long-term safety data,"Mature, Normal","Peptides, Hyaluronic Acid",Strong acids same time,0,5.0-7.0,Consult doctor,Yes,Mid-Range ($$)
Cordyceps Extract,Adaptogen/Antioxidant (Mushroom),Spot Treatment,Adaptogenic extract supporting cellular vitality,Revitalizes dull or fatigued-looking skin,Dab a small amount directly onto targeted area,Both,Daily,N/A,Yes,Minimal restrictions,"Dull skin, Mature","Niacinamide, Vitamin C",None significant,0,5.0-6.0,Consult doctor,No,Mid-Range ($$)
Watermelon Extract,Hydrating Botanical,Serum,Amino-acid and water-rich hydrating extract,Refreshes and hydrates lightly,"1-2 drops, pressed into skin before heavier products",Morning,Daily,N/A,Yes,Minimal restrictions,"All skin types, Dry","Hyaluronic Acid, Aloe Vera",None significant,0,5.0-6.0,Yes,No,Mid-Range ($$)
Mandelic Acid,AHA (Alpha Hydroxy Acid),Moisturizer/Cream,"Large molecule, slow gentle exfoliation","Good for sensitive/acne-prone skin, evens tone","Nickel-sized amount, applied as final hydrating step",Night,2-3x per week,10%,Yes,Avoid on open acne lesions,"Sensitive, Acne-prone","Niacinamide, Azelaic Acid","Strong retinoids, other acids",1,3.5-4.5,Consult doctor,Yes,Mid-Range ($$)
3-O-Ethyl Ascorbic Acid,Vitamin C Derivative (Stable),Spot Treatment,Stable derivative that converts to pure Vitamin C in skin,Brightens with better stability than L-ascorbic acid,Dab a small amount directly onto targeted area,Both,Daily,N/A,Yes,Minimal restrictions,All skin types,"Niacinamide, Ferulic Acid",Strong acids same time,0,5.0-6.5,Yes,No,Budget ($)
Coco-Glucoside,Mild Cleansing Surfactant,Serum,Plant-derived gentle cleansing agent,Cleanses without stripping the barrier,"1-2 drops, pressed into skin before heavier products",Both,Daily,N/A,Yes,Minimal restrictions,"All skin types, Sensitive","Ceramides, Glycerin",None significant,0,5.0-6.5,Yes,No,Mid-Range ($$)
Benzoyl Peroxide,Acne Treatment,Serum,"Antibacterial, kills acne-causing bacteria",Clears active breakouts,"1-2 drops, pressed into skin before heavier products",Both,Daily,N/A,Yes,Can bleach fabrics; avoid with retinoids same time; drying,"Oily, Acne-prone","Moisturizers, Niacinamide","Retinoids, Vitamin C same session",0,5.0-6.0,Consult doctor,Yes,Budget ($)
Squalane,Emollient/Barrier Support,Spot Treatment,"Lightweight biomimetic lipid, non-comedogenic","Moisturizes without heaviness, softens skin",Dab a small amount directly onto targeted area,Both,Daily,N/A,Yes,Minimal restrictions,"All skin types, Oily, Dry","Hyaluronic Acid, Ceramides",None significant,1,N/A,Yes,No,Premium ($$$)
Birch Sap Extract,Hydrating Botanical (K-beauty),Spot Treatment,Lightweight mineral-rich hydrating sap,Refreshes and lightly hydrates,Dab a small amount directly onto targeted area,Both,Daily,N/A,Yes,Minimal restrictions,"All skin types, Oily","Hyaluronic Acid, Niacinamide",None significant,0,5.0-6.0,Yes,No,Mid-Range ($$)
Octinoxate,UV Filter (Chemical),Face Mask,Absorbs UVB radiation,Sun protection component in broad-spectrum SPF,"Apply for 10-15 minutes, 1-3x per week, then rinse or wipe off",Morning,Daily,N/A,N/A (is the sunscreen),Reapply every 2 hours in sun exposure,"Normal, Oily, Combination",Antioxidants under sunscreen,None significant,2,N/A,Consult doctor,No,Premium ($$$)
Beta-Glucan,Soothing/Humectant,Serum,Polysaccharide that calms and hydrates,"Reduces sensitivity, supports barrier repair","1-2 drops, pressed into skin before heavier products",Both,Daily,N/A,Yes,Very gentle; minimal restrictions,"Sensitive, Dry, All skin types","Ceramides, Panthenol",None significant,0,5.0-6.5,Yes,No,Mid-Range ($$)
Elderberry Extract,Antioxidant Botanical,Face Mask,Anthocyanin-rich antioxidant fruit extract,"Protects against free radicals, brightens","Apply for 10-15 minutes, 1-3x per week, then rinse or wipe off",Both,Daily,N/A,Yes,Minimal restrictions,"All skin types, Dull skin","Vitamin C, Niacinamide",None significant,0,5.0-6.0,Yes,No,Premium ($$$)
Horsetail Extract (Silica-rich),Firming/Astringent Botanical,Face Mask,Natural silica-rich extract supporting skin structure,Firms and tightens the look of skin,"Apply for 10-15 minutes, 1-3x per week, then rinse or wipe off",Both,Daily,N/A,Yes,Minimal restrictions,"Normal, Mature, Combination","Niacinamide, Peptides",None significant,0,5.0-6.0,Consult doctor,No,Mid-Range ($$)
Pumpkin Enzyme,Enzyme Exfoliant,Cleanser,"Fruit enzyme exfoliation, rich in vitamins",Brightens and softens texture gently,"Massage onto damp skin for 30-60 seconds, rinse",Night,1x daily at night,N/A,Yes,Avoid on broken skin,"Sensitive, Normal, Dull skin","Vitamin C, Niacinamide",Strong acids/retinoids same time,1,4.0-6.0,Consult doctor,No,Budget ($)
Vitamin E (Tocopherol),Antioxidant,Spot Treatment,"Lipid-soluble antioxidant, moisturizing","Protects from oxidative stress, softens skin",Dab a small amount directly onto targeted area,Both,Daily,5%,Yes,Comedogenic in high concentration for acne-prone skin,"Dry, Normal, Mature","Vitamin C, Ferulic Acid",None significant,2,N/A,Yes,No,Budget ($)
Sweet Almond Oil,Facial Oil (Botanical),Facial Oil,Classic emollient oil rich in fatty acids,Softens and soothes dry or sensitive skin,"2-3 drops, pressed on as the last step to seal in moisture",Both,Daily,N/A,Yes,Nut allergy caution,"Dry, Sensitive, Normal","Squalane, Vitamin E",None significant,2,N/A,Consult doctor,Yes,Budget ($)
Ceramide AP,Barrier Lipid (Specific Ceramide),Moisturizer/Cream,Key ceramide subtype for barrier structure,"Restores barrier, reduces sensitivity","Nickel-sized amount, applied as final hydrating step",Both,Daily,N/A,Yes,Minimal restrictions,"Dry, Sensitive, Mature","Ceramide NP, Cholesterol",None significant,1,N/A,Yes,No,Premium ($$$)
Cocoa Butter,Emollient (Butter),Serum,"Rich, occlusive plant butter",Deeply moisturizes and softens,"1-2 drops, pressed into skin before heavier products",Both,Daily,N/A,Yes,Comedogenic for acne-prone users,"Dry, Very Dry","Shea Butter, Squalane",None significant,4,N/A,Yes,No,Mid-Range ($$)
Houttuynia Cordata Extract (Heartleaf),Soothing/Antibacterial Botanical (K-beauty),Toner/Essence,Calming antibacterial extract for reactive skin,Soothes acne-prone and irritated skin,"Pat into skin after cleansing, before serum",Both,Daily,N/A,Yes,Minimal restrictions,"Acne-prone, Sensitive","Centella Asiatica, Niacinamide",None significant,0,5.0-6.0,Consult doctor,No,Budget ($)
Horsetail Extract (Silica-rich),Firming/Astringent Botanical,Cleanser,Natural silica-rich extract supporting skin structure,Firms and tightens the look of skin,"Massage onto damp skin for 30-60 seconds, rinse",Both,Daily,N/A,Yes,Minimal restrictions,"Normal, Mature, Combination","Niacinamide, Peptides",None significant,0,5.0-6.0,Consult doctor,No,Premium ($$$)
Tinosorb S,UV Filter (Broad-spectrum Chemical),Cleanser,Photostable UVA/UVB broad-spectrum filter,Comprehensive sun protection with high stability,"Massage onto damp skin for 30-60 seconds, rinse",Morning,Daily,N/A,N/A (is the sunscreen),Reapply every 2 hours in sun exposure,"All skin types, Sensitive",Antioxidants under sunscreen,None significant,1,N/A,Yes,No,Premium ($$$)
Prebiotics (Inulin/Alpha-glucan),Microbiome Support,Face Mask,Feeds beneficial skin bacteria,Supports microbiome balance and barrier,"Apply for 10-15 minutes, 1-3x per week, then rinse or wipe off",Both,Daily,N/A,Yes,Minimal restrictions,"All skin types, Sensitive","Postbiotics, Ceramides",None significant,0,5.0-6.5,Yes,No,Premium ($$$)
Fermented Soybean Extract,Fermented/Biotech Ingredient,Moisturizer/Cream,Rich in isoflavones and amino acids,"Firms, brightens, supports elasticity","Nickel-sized amount, applied as final hydrating step",Both,Daily,N/A,Yes,Minimal restrictions,"Mature, Normal","Niacinamide, Peptides",None significant,0,5.0-6.5,Consult doctor,No,Budget ($)
Alpha Arbutin,Brightening Agent,Toner/Essence,Gentle tyrosinase inhibitor,"Evens tone, fades hyperpigmentation","Pat into skin after cleansing, before serum",Both,Daily,1%,Yes,Generally well tolerated,"Hyperpigmentation-prone, Sensitive","Niacinamide, Vitamin C",None significant,0,4.0-6.0,Consult doctor,No,Budget ($)
Bromelain (Pineapple Enzyme),Enzyme Exfoliant,Cleanser,Protein-dissolving enzyme from pineapple stem,"Gentle exfoliation, brightening","Massage onto damp skin for 30-60 seconds, rinse",Night,1x daily at night,N/A,Yes,"Avoid on broken skin, mild allergy risk","Sensitive, Normal","Vitamin C, Papain",Strong acids/retinoids same time,1,4.0-6.0,Consult doctor,Yes,Premium ($$$)
Beta-Glucan,Soothing/Humectant,Moisturizer/Cream,Polysaccharide that calms and hydrates,"Reduces sensitivity, supports barrier repair","Nickel-sized amount, applied as final hydrating step",Both,Daily,N/A,Yes,Very gentle; minimal restrictions,"Sensitive, Dry, All skin types","Ceramides, Panthenol",None significant,0,5.0-6.5,Yes,No,Mid-Range ($$)
Diamond Powder,Physical Exfoliant/Luxury Additive,Face Mask,Micro-exfoliation and light reflection,"Polishes texture, adds radiance","Apply for 10-15 minutes, 1-3x per week, then rinse or wipe off",Night,1x daily at night,N/A,Yes,Use gently to avoid micro-tears,"Normal, Combination","Peptides, Hyaluronic Acid",Overuse with other exfoliants,1,N/A,Yes,No,Mid-Range ($$)
Iron Oxides,UV Filter Booster/Tint (Mineral),Facial Oil,"Blocks visible light, adds cosmetic tint",Protects against visible-light-induced pigmentation,"2-3 drops, pressed on as the last step to seal in moisture",Morning,Daily,N/A,N/A (is the sunscreen),Reapply every 2 hours in sun exposure,"Hyperpigmentation-prone, Melasma-prone","Zinc Oxide, Titanium Dioxide",None significant,0,N/A,Yes,No,Premium ($$$)
Red Clover Extract,Phytoestrogen Botanical,Facial Oil,Plant-derived isoflavone extract supporting elasticity,Supports firmness in mature skin,"2-3 drops, pressed on as the last step to seal in moisture",Both,Daily,N/A,Yes,Minimal restrictions,"Mature, Normal","Peptides, Niacinamide",None significant,0,5.0-6.0,Consult doctor,No,Premium ($$$)
Palmitic Acid,Fatty Acid (Barrier Support),Face Mask,Saturated fatty acid supporting barrier lipids,Reinforces barrier structure,"Apply for 10-15 minutes, 1-3x per week, then rinse or wipe off",Both,Daily,N/A,Yes,Minimal restrictions,"Dry, Sensitive","Ceramides, Cholesterol",None significant,2,N/A,Yes,No,Premium ($$$)
Granactive Retinoid,Retinoid (Next-gen Ester Blend),Serum,Modern retinoid ester with reduced irritation profile,"Smooths texture, fades fine lines gently","1-2 drops, pressed into skin before heavier products",Night,1x daily at night,N/A,Yes,Avoid in pregnancy,"Sensitive, Normal, Beginner retinoid users","Niacinamide, Hyaluronic Acid",Strong acids same time,1,5.5-6.5,No,No,Premium ($$$)
Pomegranate Enzyme Extract,Enzyme/Antioxidant Botanical,Serum,Fruit-enzyme exfoliant with antioxidant properties,"Brightens, gently resurfaces","1-2 drops, pressed into skin before heavier products",Night,1x daily at night,N/A,Yes,Avoid on broken skin,"Sensitive, Normal, Dull skin","Vitamin C, Niacinamide",Strong acids/retinoids same time,1,4.0-6.0,Consult doctor,No,Mid-Range ($$)
Beer Yeast Extract (Faex Extract),Fermented Conditioning Ingredient,Moisturizer/Cream,B-vitamin rich fermented yeast extract,Conditions and softens skin texture,"Nickel-sized amount, applied as final hydrating step",Both,Daily,N/A,Yes,Minimal restrictions,"Normal, Dull skin","Niacinamide, Panthenol",None significant,0,5.0-6.5,Yes,No,Premium ($$$)
Beer Yeast Extract (Faex Extract),Fermented Conditioning Ingredient,Cleanser,B-vitamin rich fermented yeast extract,Conditions and softens skin texture,"Massage onto damp skin for 30-60 seconds, rinse",Both,Daily,N/A,Yes,Minimal restrictions,"Normal, Dull skin","Niacinamide, Panthenol",None significant,0,5.0-6.5,Yes,No,Budget ($)
Beta-Glucan,Soothing/Humectant,Face Mask,Polysaccharide that calms and hydrates,"Reduces sensitivity, supports barrier repair","Apply for 10-15 minutes, 1-3x per week, then rinse or wipe off",Both,Daily,N/A,Yes,Very gentle; minimal restrictions,"Sensitive, Dry, All skin types","Ceramides, Panthenol",None significant,0,5.0-6.5,Yes,No,Mid-Range ($$)
Mango Butter,Emollient (Butter),Serum,"Lightweight plant butter, high in fatty acids",Softens and conditions dry skin,"1-2 drops, pressed into skin before heavier products",Both,Daily,N/A,Yes,Minimal restrictions,"Dry, Normal","Shea Butter, Squalane",None significant,2,N/A,Yes,No,Premium ($$$)
Raspberry Seed Oil,Facial Oil (Botanical),Cleanser,Vitamin E and fatty-acid rich protective oil,Nourishes and protects skin barrier,"Massage onto damp skin for 30-60 seconds, rinse",Night,1x daily at night,N/A,Yes,Minimal restrictions,"Dry, Normal","Squalane, Vitamin E",None significant,1,N/A,Yes,No,Mid-Range ($$)
Buriti Oil,Facial Oil (Botanical),Serum,Beta-carotene rich Amazonian oil,"Nourishes, adds glow, mild antioxidant protection","1-2 drops, pressed into skin before heavier products",Night,1x daily at night,N/A,Yes,Can have orange tint; patch test,"Dry, Dull skin","Squalane, Vitamin E",None significant,2,N/A,Consult doctor,Yes,Premium ($$$)
Palmitoyl Pentapeptide-4,Peptide,Toner/Essence,Stimulates collagen synthesis,Improves firmness and elasticity,"Pat into skin after cleansing, before serum",Night,1x daily at night,5%,Yes,Minimal restrictions,Mature,"Niacinamide, Hyaluronic Acid",None significant,0,5.0-7.0,Consult doctor,No,Budget ($)
Retinyl Palmitate,Retinoid (Mild Ester),Spot Treatment,"Gentlest retinoid ester, slow conversion to retinoic acid",Mild anti-aging for retinoid-sensitive beginners,Dab a small amount directly onto targeted area,Night,1x daily at night,N/A,Yes,Avoid in pregnancy per general retinoid caution,"Sensitive, Beginner retinoid users","Niacinamide, Ceramides",AHA/BHA at same time,1,5.5-6.5,No,No,Budget ($)
Houttuynia Cordata Extract (Heartleaf),Soothing/Antibacterial Botanical (K-beauty),Serum,Calming antibacterial extract for reactive skin,Soothes acne-prone and irritated skin,"1-2 drops, pressed into skin before heavier products",Both,Daily,N/A,Yes,Minimal restrictions,"Acne-prone, Sensitive","Centella Asiatica, Niacinamide",None significant,0,5.0-6.0,Consult doctor,No,Premium ($$$)
Sweet Almond Oil,Facial Oil (Botanical),Moisturizer/Cream,Classic emollient oil rich in fatty acids,Softens and soothes dry or sensitive skin,"Nickel-sized amount, applied as final hydrating step",Both,Daily,N/A,Yes,Nut allergy caution,"Dry, Sensitive, Normal","Squalane, Vitamin E",None significant,2,N/A,Consult doctor,Yes,Premium ($$$)
